building_number,room,building_name,day_of_week,hour,has_schedule_class,actual_status
507,107,מ.ישראל,0,19,1,BUSY
507,107,מ.ישראל,0,15,1,BUSY
905,61,חברה,0,18,1,BUSY
905,61,חברה,0,8,0,FREE
1401,2,nan,0,11,0,FREE
1401,2,nan,0,10,0,FREE
402,63,יהדות,0,18,1,BUSY
402,63,יהדות,0,12,1,BUSY
203,221,טבע,0,14,1,BUSY
203,221,טבע,0,9,0,FREE
1002,1,רוח,0,17,1,BUSY
1002,1,רוח,0,11,1,BUSY
604,63,מ.ישראל,0,15,1,BUSY
604,63,מ.ישראל,0,12,1,BUSY
604,64,מ.ישראל,0,13,1,BUSY
604,64,מ.ישראל,0,10,1,BUSY
604,105,מ.ישראל,0,11,1,BUSY
604,105,מ.ישראל,0,13,1,BUSY
403,211,יהדות,0,15,0,FREE
403,211,יהדות,0,18,0,FREE
604,102,מ.ישראל,0,14,1,BUSY
604,102,מ.ישראל,0,15,1,BUSY
403,217,יהדות,0,8,1,BUSY
403,217,יהדות,0,12,1,BUSY
305,133,משפטים,0,11,1,BUSY
305,133,משפטים,0,15,0,FREE
504,2,מ.ישראל,0,14,1,BUSY
504,2,מ.ישראל,0,11,1,FREE
507,102,מ.ישראל,0,9,1,BUSY
507,102,מ.ישראל,0,19,1,BUSY
604,62,מ.ישראל,0,9,0,FREE
604,62,מ.ישראל,0,16,1,BUSY
1002,405,רוח,0,18,0,FREE
1002,405,רוח,0,13,1,BUSY
902,210,חברה,0,18,0,BUSY
902,210,חברה,0,11,0,FREE
508,7,מ.ישראל,0,9,0,FREE
508,7,מ.ישראל,0,13,1,BUSY
502,8,מ.ישראל,0,9,0,FREE
502,8,מ.ישראל,0,18,0,FREE
605,104,מ.ישראל,0,15,0,FREE
605,104,מ.ישראל,0,16,1,BUSY
1002,61,רוח,0,16,1,BUSY
1002,61,רוח,0,13,0,BUSY
507,4,מ.ישראל,0,16,1,BUSY
507,4,מ.ישראל,0,12,1,BUSY
504,4,מ.ישראל,0,18,1,BUSY
504,4,מ.ישראל,0,16,1,BUSY
1002,202,רוח,0,9,0,FREE
1002,202,רוח,0,19,1,BUSY
502,6,מ.ישראל,0,14,0,BUSY
502,6,מ.ישראל,0,9,0,FREE
502,7,מ.ישראל,0,9,0,FREE
502,7,מ.ישראל,0,19,0,BUSY
505,4,מ.ישראל,0,9,0,FREE
505,4,מ.ישראל,0,18,1,BUSY
502,9,מ.ישראל,0,10,0,BUSY
502,9,מ.ישראל,0,16,0,FREE
1005,109,רוח,0,12,0,BUSY
1005,109,רוח,0,14,0,BUSY
902,103,חברה,0,14,0,BUSY
902,103,חברה,0,18,0,FREE
502,37,מ.ישראל,0,15,1,BUSY
502,37,מ.ישראל,0,8,0,FREE
902,201,חברה,0,19,1,BUSY
902,201,חברה,0,10,0,FREE
604,205,מ.ישראל,0,10,1,FREE
604,205,מ.ישראל,0,14,1,BUSY
505,63,מ.ישראל,0,8,0,FREE
505,63,מ.ישראל,0,10,1,BUSY
504,5,מ.ישראל,0,16,1,BUSY
504,5,מ.ישראל,0,9,1,BUSY
305,5,משפטים,0,14,0,FREE
305,5,משפטים,0,15,0,FREE
605,14,מ.ישראל,0,9,1,BUSY
605,14,מ.ישראל,0,16,1,BUSY
505,105,מ.ישראל,0,17,1,BUSY
505,105,מ.ישראל,0,16,1,BUSY
502,24,מ.ישראל,0,19,0,BUSY
502,24,מ.ישראל,0,8,0,FREE
505,5,מ.ישראל,0,13,1,BUSY
505,5,מ.ישראל,0,8,0,FREE
404,68,יהדות,0,8,1,BUSY
404,68,יהדות,0,9,1,BUSY
305,134,משפטים,0,12,1,BUSY
305,134,משפטים,0,14,1,BUSY
105,103,סטודנטים,0,15,0,FREE
105,103,סטודנטים,0,18,0,FREE
105,104,סטודנטים,0,14,0,FREE
105,104,סטודנטים,0,16,0,BUSY
105,101,סטודנטים,0,19,1,BUSY
105,101,סטודנטים,0,14,1,BUSY
105,102,סטודנטים,0,15,1,BUSY
105,102,סטודנטים,0,9,1,BUSY
105,1,סטודנטים,0,14,1,FREE
105,1,סטודנטים,0,9,0,BUSY
304,3,משפטים,0,8,1,BUSY
304,3,משפטים,0,17,1,BUSY
305,6,משפטים,0,19,1,BUSY
305,6,משפטים,0,12,1,BUSY
105,61,סטודנטים,0,8,0,FREE
105,61,סטודנטים,0,9,0,FREE
105,2,סטודנטים,0,17,0,FREE
105,2,סטודנטים,0,9,0,BUSY
304,2,משפטים,0,12,1,BUSY
304,2,משפטים,0,10,1,BUSY
105,3,סטודנטים,0,19,0,BUSY
105,3,סטודנטים,0,16,1,BUSY
605,101,מ.ישראל,0,11,1,FREE
605,101,מ.ישראל,0,10,1,BUSY
605,102,מ.ישראל,0,14,1,BUSY
605,102,מ.ישראל,0,15,1,BUSY
604,11,מ.ישראל,0,10,1,BUSY
604,11,מ.ישראל,0,11,1,FREE
605,11,מ.ישראל,0,10,1,BUSY
605,11,מ.ישראל,0,11,1,BUSY
604,12,מ.ישראל,0,19,1,BUSY
604,12,מ.ישראל,0,10,1,BUSY
504,6,מ.ישראל,0,17,1,BUSY
504,6,מ.ישראל,0,9,0,FREE
605,202,מ.ישראל,0,17,1,BUSY
605,202,מ.ישראל,0,13,0,FREE
604,14,מ.ישראל,0,8,0,FREE
604,14,מ.ישראל,0,16,1,BUSY
507,101,מ.ישראל,0,13,1,BUSY
507,101,מ.ישראל,0,14,1,BUSY
507,103,מ.ישראל,0,13,1,BUSY
507,103,מ.ישראל,0,16,1,BUSY
504,7,מ.ישראל,0,8,0,BUSY
504,7,מ.ישראל,0,14,1,BUSY
604,13,מ.ישראל,0,18,1,BUSY
604,13,מ.ישראל,0,17,1,BUSY
505,1,מ.ישראל,0,8,0,BUSY
505,1,מ.ישראל,0,15,0,FREE
504,3,מ.ישראל,0,11,0,FREE
504,3,מ.ישראל,0,12,1,BUSY
604,101,מ.ישראל,0,11,1,BUSY
604,101,מ.ישראל,0,10,1,BUSY
507,201,מ.ישראל,0,12,1,BUSY
507,201,מ.ישראל,0,13,1,BUSY
403,67,יהדות,0,10,1,BUSY
403,67,יהדות,0,14,0,FREE
507,204,מ.ישראל,0,17,1,BUSY
507,204,מ.ישראל,0,11,0,BUSY
505,106,מ.ישראל,0,10,0,FREE
505,106,מ.ישראל,0,14,1,BUSY
505,62,מ.ישראל,0,12,1,BUSY
505,62,מ.ישראל,0,16,1,BUSY
505,104,מ.ישראל,0,15,1,BUSY
505,104,מ.ישראל,0,8,0,FREE
605,13,מ.ישראל,0,11,1,BUSY
605,13,מ.ישראל,0,15,1,BUSY
501,25,מ.ישראל,0,18,1,BUSY
501,25,מ.ישראל,0,15,1,BUSY
505,201,מ.ישראל,0,17,1,FREE
505,201,מ.ישראל,0,16,1,BUSY
505,3,מ.ישראל,0,13,1,BUSY
505,3,מ.ישראל,0,8,0,FREE
507,207,מ.ישראל,0,11,1,BUSY
507,207,מ.ישראל,0,12,1,BUSY
604,61,מ.ישראל,0,16,1,BUSY
604,61,מ.ישראל,0,19,0,FREE
507,2,מ.ישראל,0,18,1,BUSY
507,2,מ.ישראל,0,13,1,BUSY
505,101,מ.ישראל,0,12,0,FREE
505,101,מ.ישראל,0,8,0,FREE
905,417,חברה,0,19,1,BUSY
905,417,חברה,0,8,1,FREE
504,1,מ.ישראל,0,11,1,BUSY
504,1,מ.ישראל,0,8,0,FREE
605,201,מ.ישראל,0,9,0,FREE
605,201,מ.ישראל,0,10,0,FREE
604,104,מ.ישראל,0,9,0,FREE
604,104,מ.ישראל,0,14,1,BUSY
213,4,טבע,0,8,0,FREE
213,4,טבע,0,15,1,FREE
105,4,סטודנטים,0,9,0,FREE
105,4,סטודנטים,0,10,0,FREE
102,2,סטודנטים,0,17,0,FREE
102,2,סטודנטים,0,16,0,FREE
105,5,סטודנטים,0,13,0,BUSY
105,5,סטודנטים,0,15,0,FREE
105,105,סטודנטים,0,12,1,BUSY
105,105,סטודנטים,0,9,0,BUSY
207,1,טבע,0,11,1,BUSY
207,1,טבע,0,19,0,BUSY
105,106,סטודנטים,0,16,0,FREE
105,106,סטודנטים,0,12,1,BUSY
404,115,יהדות,0,16,0,FREE
404,115,יהדות,0,15,1,BUSY
403,101,יהדות,0,18,0,FREE
403,101,יהדות,0,11,0,FREE
404,102,יהדות,0,12,1,BUSY
404,102,יהדות,0,17,1,BUSY
105,6,סטודנטים,0,10,0,FREE
105,6,סטודנטים,0,19,0,BUSY
102,4,סטודנטים,0,16,1,BUSY
102,4,סטודנטים,0,12,1,BUSY
404,114,יהדות,0,12,1,BUSY
404,114,יהדות,0,9,0,FREE
306,111,משפטים,0,8,0,FREE
306,111,משפטים,0,10,0,FREE
505,2,מ.ישראל,0,16,1,BUSY
505,2,מ.ישראל,0,10,1,BUSY
604,2,מ.ישראל,0,19,0,FREE
604,2,מ.ישראל,0,8,0,BUSY
605,61,מ.ישראל,0,17,0,FREE
605,61,מ.ישראל,0,8,0,FREE
410,125,יהדות,0,14,1,BUSY
410,125,יהדות,0,13,1,BUSY
410,46,יהדות,0,9,0,BUSY
410,46,יהדות,0,15,1,BUSY
403,66,יהדות,0,13,1,BUSY
403,66,יהדות,0,17,1,BUSY
502,26,מ.ישראל,0,15,1,BUSY
502,26,מ.ישראל,0,14,1,FREE
502,25,מ.ישראל,0,10,0,FREE
502,25,מ.ישראל,0,16,1,BUSY
403,218,יהדות,0,17,0,FREE
403,218,יהדות,0,10,0,FREE
403,113,יהדות,0,8,0,FREE
403,113,יהדות,0,19,0,FREE
410,142,יהדות,0,11,1,FREE
410,142,יהדות,0,10,1,BUSY
505,61,מ.ישראל,0,16,1,BUSY
505,61,מ.ישראל,0,18,1,BUSY
505,11,מ.ישראל,0,8,0,FREE
505,11,מ.ישראל,0,13,0,FREE
605,105,מ.ישראל,0,11,0,FREE
605,105,מ.ישראל,0,10,0,BUSY
604,1,מ.ישראל,0,17,0,FREE
604,1,מ.ישראל,0,18,0,FREE
507,14,מ.ישראל,0,18,0,FREE
507,14,מ.ישראל,0,10,0,FREE
605,4,מ.ישראל,0,11,0,FREE
605,4,מ.ישראל,0,17,0,FREE
502,62,מ.ישראל,0,17,0,FREE
502,62,מ.ישראל,0,18,0,FREE
605,7,מ.ישראל,0,16,0,FREE
605,7,מ.ישראל,0,12,0,FREE
507,206,מ.ישראל,0,9,0,FREE
507,206,מ.ישראל,0,15,1,BUSY
504,206,מ.ישראל,0,18,0,BUSY
504,206,מ.ישראל,0,13,0,FREE
508,103,מ.ישראל,0,8,0,FREE
508,103,מ.ישראל,0,16,0,FREE
507,106,מ.ישראל,0,12,1,BUSY
507,106,מ.ישראל,0,10,1,BUSY
605,106,מ.ישראל,0,16,0,FREE
605,106,מ.ישראל,0,15,0,FREE
507,108,מ.ישראל,0,9,0,FREE
507,108,מ.ישראל,0,13,1,BUSY
505,108,מ.ישראל,0,13,0,FREE
505,108,מ.ישראל,0,9,0,FREE
505,102,מ.ישראל,0,13,1,FREE
505,102,מ.ישראל,0,15,1,BUSY
507,6,מ.ישראל,0,8,0,FREE
507,6,מ.ישראל,0,14,0,BUSY
507,208,מ.ישראל,0,12,0,FREE
507,208,מ.ישראל,0,18,0,BUSY
507,205,מ.ישראל,0,10,0,FREE
507,205,מ.ישראל,0,8,0,FREE
507,3,מ.ישראל,0,9,1,FREE
507,3,מ.ישראל,0,15,1,BUSY
505,103,מ.ישראל,0,17,1,BUSY
505,103,מ.ישראל,0,15,1,BUSY
507,209,מ.ישראל,0,14,0,FREE
507,209,מ.ישראל,0,13,1,BUSY
507,202,מ.ישראל,0,11,0,FREE
507,202,מ.ישראל,0,12,0,BUSY
605,103,מ.ישראל,0,15,1,BUSY
605,103,מ.ישראל,0,10,0,FREE
403,2,יהדות,0,10,1,BUSY
403,2,יהדות,0,15,1,BUSY
507,104,מ.ישראל,0,10,1,BUSY
507,104,מ.ישראל,0,14,1,BUSY
507,5,מ.ישראל,0,17,1,BUSY
507,5,מ.ישראל,0,13,0,FREE
507,203,מ.ישראל,0,19,0,FREE
507,203,מ.ישראל,0,14,0,FREE
305,132,משפטים,0,16,1,BUSY
305,132,משפטים,0,14,1,BUSY
902,101,חברה,0,12,1,BUSY
902,101,חברה,0,14,1,BUSY
902,104,חברה,0,13,1,FREE
902,104,חברה,0,16,1,BUSY
1005,112,רוח,0,16,0,FREE
1005,112,רוח,0,8,0,BUSY
605,65,מ.ישראל,0,18,1,FREE
605,65,מ.ישראל,0,19,1,BUSY
905,116,חברה,0,14,1,BUSY
905,116,חברה,0,10,1,FREE
203,226,טבע,0,13,1,BUSY
203,226,טבע,0,14,1,BUSY
902,202,חברה,0,8,0,FREE
902,202,חברה,0,14,1,BUSY
902,102,חברה,0,19,0,FREE
902,102,חברה,0,13,1,FREE
1002,201,רוח,0,10,1,FREE
1002,201,רוח,0,18,0,FREE
605,12,מ.ישראל,0,10,1,BUSY
605,12,מ.ישראל,0,13,0,FREE
502,30,מ.ישראל,0,12,0,BUSY
502,30,מ.ישראל,0,8,0,FREE
504,63,מ.ישראל,0,11,0,FREE
504,63,מ.ישראל,0,15,0,BUSY
507,13,מ.ישראל,0,13,0,FREE
507,13,מ.ישראל,0,12,0,FREE
507,105,מ.ישראל,0,18,0,FREE
507,105,מ.ישראל,0,19,0,BUSY
604,103,מ.ישראל,0,12,0,BUSY
604,103,מ.ישראל,0,15,1,BUSY
410,26,יהדות,0,18,0,BUSY
410,26,יהדות,0,8,0,FREE
410,6,יהדות,0,17,0,FREE
410,6,יהדות,0,11,0,FREE
404,66,יהדות,0,18,0,FREE
404,66,יהדות,0,13,0,FREE
605,64,מ.ישראל,0,10,1,BUSY
605,64,מ.ישראל,0,11,1,BUSY
505,64,מ.ישראל,0,9,0,FREE
505,64,מ.ישראל,0,17,1,BUSY
403,115,יהדות,0,12,0,FREE
403,115,יהדות,0,19,0,FREE
404,67,יהדות,0,10,0,FREE
404,67,יהדות,0,12,0,FREE
1005,111,רוח,0,13,0,BUSY
1005,111,רוח,0,19,0,FREE
1004,305,רוח,0,17,0,FREE
1004,305,רוח,0,9,0,FREE
404,101,יהדות,0,17,1,BUSY
404,101,יהדות,0,13,1,BUSY
1002,305,רוח,0,9,0,FREE
1002,305,רוח,0,17,1,BUSY
504,208,מ.ישראל,0,8,0,BUSY
504,208,מ.ישראל,0,18,0,BUSY
211,112,טבע,0,11,1,FREE
211,112,טבע,0,12,1,BUSY
305,63,משפטים,0,16,0,FREE
305,63,משפטים,0,19,0,FREE
306,112,משפטים,0,16,0,FREE
306,112,משפטים,0,17,0,FREE
211,106,טבע,0,8,0,FREE
211,106,טבע,0,11,0,BUSY
207,201,טבע,0,17,1,BUSY
207,201,טבע,0,12,1,BUSY
305,101,משפטים,0,12,0,FREE
305,101,משפטים,0,11,0,FREE
403,61,יהדות,0,8,0,FREE
403,61,יהדות,0,16,0,BUSY
202,202,טבע,0,8,0,FREE
202,202,טבע,0,12,0,FREE
203,106,טבע,0,12,0,FREE
203,106,טבע,0,16,0,BUSY
203,112,טבע,0,16,0,FREE
203,112,טבע,0,12,0,FREE
105,112,סטודנטים,0,12,0,BUSY
105,112,סטודנטים,0,8,0,FREE
207,6,טבע,0,14,0,BUSY
207,6,טבע,0,12,0,FREE
207,4,טבע,0,16,0,FREE
207,4,טבע,0,17,0,FREE
207,101,טבע,0,11,0,BUSY
207,101,טבע,0,19,0,FREE
604,6,מ.ישראל,0,10,0,FREE
604,6,מ.ישראל,0,17,0,FREE
211,22,nan,0,15,1,BUSY
211,22,nan,0,10,1,BUSY
211,4,טבע,0,17,0,BUSY
211,4,טבע,0,12,0,BUSY
507,7,מ.ישראל,0,11,1,BUSY
507,7,מ.ישראל,0,17,1,BUSY
1401,3,nan,0,9,0,BUSY
1401,3,nan,0,8,0,FREE
905,63,חברה,0,15,1,BUSY
905,63,חברה,0,8,1,BUSY
901,61,חברה,0,15,1,BUSY
901,61,חברה,0,8,0,FREE
403,69,מינץ,0,17,1,BUSY
403,69,מינץ,0,18,0,BUSY
1401,63,nan,0,14,0,FREE
1401,63,nan,0,12,0,FREE
1401,1,nan,0,17,1,BUSY
1401,1,nan,0,15,1,BUSY
507,1,מ.ישראל,0,19,1,BUSY
507,1,מ.ישראל,0,15,1,FREE
905,62,חברה,0,14,1,BUSY
905,62,חברה,0,8,1,BUSY
504,10,מ.ישראל,0,9,0,FREE
504,10,מ.ישראל,0,11,0,FREE
505,202,מ.ישראל,0,12,1,BUSY
505,202,מ.ישראל,0,8,0,FREE
1002,102,רוח,0,14,1,BUSY
1002,102,רוח,0,10,0,FREE
410,226,יהדות,0,14,1,BUSY
410,226,יהדות,0,9,1,FREE
410,225,יהדות,0,18,0,FREE
410,225,יהדות,0,13,0,FREE
1004,407,רוח,0,17,0,FREE
1004,407,רוח,0,12,1,BUSY
1004,402,רוח,0,15,1,BUSY
1004,402,רוח,0,8,0,FREE
505,65,מ.ישראל,0,19,1,FREE
505,65,מ.ישראל,0,16,0,FREE
505,204,מ.ישראל,0,17,0,FREE
505,204,מ.ישראל,0,16,0,FREE
304,1,משפטים,0,17,1,BUSY
304,1,משפטים,0,9,1,BUSY
605,63,מ.ישראל,0,10,0,FREE
605,63,מ.ישראל,0,19,1,BUSY
305,10,משפטים,0,13,1,BUSY
305,10,משפטים,0,16,1,BUSY
304,61,משפטים,0,13,0,BUSY
304,61,משפטים,0,11,0,FREE
604,202,מ.ישראל,0,13,0,FREE
604,202,מ.ישראל,0,17,0,FREE
211,25,nan,0,16,1,BUSY
211,25,nan,0,14,1,BUSY
304,25,משפטים,0,9,0,FREE
304,25,משפטים,0,10,0,FREE
1105,53,הנדסה,0,15,1,BUSY
1105,53,הנדסה,0,8,1,BUSY
1401,53,nan,0,12,0,FREE
1401,53,nan,0,11,0,FREE
305,2,משפטים,0,15,0,FREE
305,2,משפטים,0,19,0,BUSY
305,4,משפטים,0,14,1,FREE
305,4,משפטים,0,9,1,BUSY
502,23,מ.ישראל,0,16,1,BUSY
502,23,מ.ישראל,0,11,0,FREE
503,1,מ.ישראל,0,9,0,BUSY
503,1,מ.ישראל,0,8,0,FREE
404,113,יהדות,0,19,0,FREE
404,113,יהדות,0,12,0,FREE
404,201,יהדות,0,16,0,FREE
404,201,יהדות,0,14,1,FREE
505,203,מ.ישראל,0,17,0,FREE
505,203,מ.ישראל,0,12,0,FREE
1005,19,רוח,0,15,0,FREE
1005,19,רוח,0,9,0,FREE
1005,108,רוח,0,15,0,FREE
1005,108,רוח,0,8,0,FREE
1005,201,רוח,0,15,0,FREE
1005,201,רוח,0,19,0,FREE
1005,209,רוח,0,15,0,FREE
1005,209,רוח,0,13,0,FREE
1005,207,רוח,0,17,0,FREE
1005,207,רוח,0,10,0,FREE
1005,203,רוח,0,8,0,FREE
1005,203,רוח,0,19,0,FREE
604,201,מ.ישראל,0,9,0,FREE
604,201,מ.ישראל,0,19,0,FREE
305,105,משפטים,0,16,0,FREE
305,105,משפטים,0,18,0,FREE
507,37,מ.ישראל,0,18,0,BUSY
507,37,מ.ישראל,0,16,0,FREE
1104,42,הנדסה,0,12,1,BUSY
1104,42,הנדסה,0,11,1,BUSY
1105,42,הנדסה,0,8,0,BUSY
1105,42,הנדסה,0,17,0,FREE
1103,22,הנדסה,0,14,1,FREE
1103,22,הנדסה,0,15,1,FREE
902,9,חברה,0,8,0,FREE
902,9,חברה,0,19,1,BUSY
304,9,משפטים,0,15,0,FREE
304,9,משפטים,0,11,0,FREE
1105,271,הנדסה,0,15,1,FREE
1105,271,הנדסה,0,11,1,BUSY
1104,271,הנדסה,0,15,0,FREE
1104,271,הנדסה,0,9,0,FREE
507,61,מ.ישראל,0,17,0,FREE
507,61,מ.ישראל,0,14,0,BUSY
213,304,טבע,0,8,0,BUSY
213,304,טבע,0,12,1,BUSY
213,320,טבע,0,18,0,BUSY
213,320,טבע,0,15,0,FREE
1004,203,רוח,0,10,0,FREE
1004,203,רוח,0,11,0,FREE
1004,212,רוח,0,11,1,BUSY
1004,212,רוח,0,14,1,BUSY
410,328,יהדות,0,12,1,FREE
410,328,יהדות,0,17,1,BUSY
410,332,יהדות,0,18,0,FREE
410,332,יהדות,0,12,0,FREE
604,204,מ.ישראל,0,12,0,BUSY
604,204,מ.ישראל,0,9,0,FREE
1002,203,רוח,0,18,1,BUSY
1002,203,רוח,0,14,0,FREE
202,301,טבע,0,16,1,BUSY
202,301,טבע,0,14,1,BUSY
203,4,טבע,0,13,0,BUSY
203,4,טבע,0,9,0,FREE
202,221,טבע,0,12,0,BUSY
202,221,טבע,0,8,0,FREE
202,205,טבע,0,15,0,FREE
202,205,טבע,0,12,0,FREE
202,304,טבע,0,14,0,FREE
202,304,טבע,0,9,0,FREE
202,505,טבע,0,13,0,BUSY
202,505,טבע,0,19,0,BUSY
202,203,טבע,0,19,0,BUSY
202,203,טבע,0,16,0,BUSY
202,303,טבע,0,10,1,BUSY
202,303,טבע,0,14,0,BUSY
202,201,טבע,0,8,0,FREE
202,201,טבע,0,18,0,FREE
202,204,טבע,0,16,1,FREE
202,204,טבע,0,9,0,BUSY
505,505,מ.ישראל,0,10,0,BUSY
505,505,מ.ישראל,0,17,0,FREE
902,301,חברה,0,13,0,FREE
902,301,חברה,0,10,0,FREE
902,12,חברה,0,10,1,BUSY
902,12,חברה,0,16,1,BUSY
902,107,חברה,0,13,0,BUSY
902,107,חברה,0,16,0,BUSY
905,217,חברה,0,16,1,BUSY
905,217,חברה,0,14,1,FREE
902,217,חברה,0,11,0,FREE
902,217,חברה,0,9,0,FREE
902,110,חברה,0,12,0,BUSY
902,110,חברה,0,11,0,FREE
902,109,חברה,0,13,0,BUSY
902,109,חברה,0,15,0,FREE
507,23,מ.ישראל,0,18,0,FREE
507,23,מ.ישראל,0,15,0,FREE
1004,406,רוח,0,9,0,FREE
1004,406,רוח,0,14,1,BUSY
1105,368,הנדסה,0,18,1,BUSY
1105,368,הנדסה,0,11,0,FREE
1102,2,הנדסה,0,18,1,BUSY
1102,2,הנדסה,0,17,1,BUSY
1104,244,הנדסה,0,11,1,FREE
1104,244,הנדסה,0,16,1,BUSY
1104,249,הנדסה,0,11,1,FREE
1104,249,הנדסה,0,9,1,BUSY
1104,243,הנדסה,0,15,1,BUSY
1104,243,הנדסה,0,10,1,BUSY
1103,42,הנדסה,0,14,0,BUSY
1103,42,הנדסה,0,17,0,FREE
1401,4,nan,0,11,1,BUSY
1401,4,nan,0,8,0,FREE
1105,3,הנדסה,0,15,0,FREE
1105,3,הנדסה,0,8,0,FREE
1102,4,הנדסה,0,19,0,FREE
1102,4,הנדסה,0,16,0,FREE
A1300,2,מעונות,0,15,1,BUSY
A1300,2,מעונות,0,18,1,BUSY
A1300,1,מעונות,0,8,0,FREE
A1300,1,מעונות,0,18,1,FREE
901,4,חברה,0,14,0,FREE
901,4,חברה,0,18,0,FREE
1103,223,הנדסה,0,9,0,BUSY
1103,223,הנדסה,0,11,1,BUSY
1102,205,הנדסה,0,8,0,FREE
1102,205,הנדסה,0,12,0,BUSY
1105,366,הנדסה,0,17,0,BUSY
1105,366,הנדסה,0,13,1,BUSY
1104,344,הנדסה,0,9,1,FREE
1104,344,הנדסה,0,16,1,FREE
1104,347,הנדסה,0,10,0,BUSY
1104,347,הנדסה,0,19,0,BUSY
1103,224,הנדסה,0,14,0,BUSY
1103,224,הנדסה,0,13,0,FREE
1002,112,רוח,0,11,0,FREE
1002,112,רוח,0,10,0,FREE
905,119,חברה,0,15,1,BUSY
905,119,חברה,0,9,0,FREE
905,118,חברה,0,14,0,FREE
905,118,חברה,0,10,1,BUSY
905,319,חברה,0,17,0,FREE
905,319,חברה,0,19,0,FREE
905,418,חברה,0,19,1,BUSY
905,418,חברה,0,9,0,FREE
905,416,חברה,0,19,0,BUSY
905,416,חברה,0,18,0,FREE
905,211,חברה,0,12,0,BUSY
905,211,חברה,0,14,0,BUSY
905,321,חברה,0,18,0,FREE
905,321,חברה,0,9,0,FREE
905,311,חברה,0,9,0,FREE
905,311,חברה,0,16,0,FREE
905,2,חברה,0,16,0,FREE
905,2,חברה,0,11,0,FREE
905,317,חברה,0,18,0,FREE
905,317,חברה,0,12,0,FREE
502,63,מ.ישראל,0,18,0,FREE
502,63,מ.ישראל,0,9,0,FREE
212,214,טבע,0,13,0,FREE
212,214,טבע,0,11,1,BUSY
211,21,nan,0,16,1,BUSY
211,21,nan,0,19,0,FREE
211,17,nan,0,12,0,FREE
211,17,nan,0,14,1,BUSY
505,7,מ.ישראל,0,12,0,BUSY
505,7,מ.ישראל,0,10,0,BUSY
212,212,nan,0,14,0,BUSY
212,212,nan,0,13,0,FREE
212,1,טבע,0,11,0,FREE
212,1,טבע,0,16,0,FREE
304,4,משפטים,0,12,0,BUSY
304,4,משפטים,0,18,0,FREE
403,3,יהדות,0,19,0,FREE
403,3,יהדות,0,17,0,FREE
905,25,חברה,0,14,0,FREE
905,25,חברה,0,17,0,BUSY
212,310,טבע,0,11,1,BUSY
212,310,טבע,0,16,1,FREE
212,1,nan,0,8,0,FREE
212,1,nan,0,11,0,BUSY
212,3,טבע,0,17,0,FREE
212,3,טבע,0,11,0,FREE
212,21,nan,0,12,0,BUSY
212,21,nan,0,10,0,FREE
203,212,טבע,0,12,0,FREE
203,212,טבע,0,18,0,FREE
304,69,משפטים,0,16,0,FREE
304,69,משפטים,0,19,0,FREE
305,11,משפטים,0,11,0,FREE
305,11,משפטים,0,18,0,FREE
901,11,חברה,0,18,0,BUSY
901,11,חברה,0,9,0,FREE
211,3,nan,0,8,0,FREE
211,3,nan,0,18,0,FREE
213,61,טבע,0,13,0,FREE
213,61,טבע,0,11,0,FREE
211,9,nan,0,14,0,FREE
211,9,nan,0,15,0,FREE
902,1,חברה,0,8,0,FREE
902,1,חברה,0,11,0,FREE
304,7,משפטים,0,14,0,FREE
304,7,משפטים,0,8,0,FREE
403,1,מינץ,0,17,0,FREE
403,1,מינץ,0,15,0,BUSY
211,7,nan,0,12,0,BUSY
211,7,nan,0,11,0,FREE
501,11,מ.ישראל,0,18,0,BUSY
501,11,מ.ישראל,0,19,0,FREE
507,11,מ.ישראל,0,11,0,FREE
507,11,מ.ישראל,0,9,0,BUSY
1401,7,nan,0,10,0,FREE
1401,7,nan,0,13,0,BUSY
211,63,nan,0,14,0,FREE
211,63,nan,0,11,0,FREE
105,134,סטודנטים,0,11,0,FREE
105,134,סטודנטים,0,8,0,FREE
305,3,משפטים,0,11,0,BUSY
305,3,משפטים,0,17,0,FREE
404,133,יהדות,0,10,0,FREE
404,133,יהדות,0,16,0,FREE
306,1,משפטים,0,15,0,FREE
306,1,משפטים,0,18,0,BUSY
304,132,משפטים,0,8,0,FREE
304,132,משפטים,0,18,0,FREE
105,132,סטודנטים,0,9,0,FREE
105,132,סטודנטים,0,14,0,FREE
404,134,יהדות,0,9,0,FREE
404,134,יהדות,0,17,0,FREE
404,65,יהדות,0,16,0,FREE
404,65,יהדות,0,9,0,FREE
102,133,סטודנטים,0,12,0,FREE
102,133,סטודנטים,0,18,0,BUSY
305,104,משפטים,0,13,0,FREE
305,104,משפטים,0,18,0,FREE
507,10,מ.ישראל,0,13,0,FREE
507,10,מ.ישראל,0,8,0,BUSY
507,62,מ.ישראל,0,9,0,FREE
507,62,מ.ישראל,0,8,0,FREE
604,309,מ.ישראל,0,15,1,BUSY
604,309,מ.ישראל,0,18,0,BUSY
901,101,חברה,0,13,1,BUSY
901,101,חברה,0,17,1,BUSY
901,102,חברה,0,12,1,BUSY
901,102,חברה,0,19,0,FREE
301,202,פלדמן,0,14,0,FREE
301,202,פלדמן,0,10,1,FREE
905,104,חברה,0,15,0,FREE
905,104,חברה,0,18,0,BUSY
507,107,מ.ישראל,1,14,0,BUSY
507,107,מ.ישראל,1,13,1,BUSY
905,61,חברה,1,18,1,BUSY
905,61,חברה,1,19,1,BUSY
1401,2,nan,1,19,1,BUSY
1401,2,nan,1,17,1,BUSY
402,63,יהדות,1,8,1,BUSY
402,63,יהדות,1,18,1,BUSY
203,221,טבע,1,13,1,BUSY
203,221,טבע,1,15,1,BUSY
1002,1,רוח,1,11,0,FREE
1002,1,רוח,1,9,0,FREE
604,63,מ.ישראל,1,18,1,FREE
604,63,מ.ישראל,1,13,1,BUSY
604,64,מ.ישראל,1,13,1,BUSY
604,64,מ.ישראל,1,12,1,BUSY
604,105,מ.ישראל,1,18,1,BUSY
604,105,מ.ישראל,1,17,1,FREE
403,211,יהדות,1,10,1,FREE
403,211,יהדות,1,11,1,FREE
604,102,מ.ישראל,1,18,0,FREE
604,102,מ.ישראל,1,14,1,FREE
403,217,יהדות,1,16,0,FREE
403,217,יהדות,1,14,1,BUSY
305,133,משפטים,1,13,1,BUSY
305,133,משפטים,1,18,1,FREE
504,2,מ.ישראל,1,9,0,FREE
504,2,מ.ישראל,1,8,0,FREE
507,102,מ.ישראל,1,17,1,BUSY
507,102,מ.ישראל,1,11,1,BUSY
604,62,מ.ישראל,1,15,0,FREE
604,62,מ.ישראל,1,17,1,BUSY
1002,405,רוח,1,18,0,FREE
1002,405,רוח,1,14,0,FREE
902,210,חברה,1,12,1,FREE
902,210,חברה,1,18,1,BUSY
508,7,מ.ישראל,1,10,1,BUSY
508,7,מ.ישראל,1,12,1,BUSY
502,8,מ.ישראל,1,9,1,BUSY
502,8,מ.ישראל,1,12,0,FREE
605,104,מ.ישראל,1,9,1,BUSY
605,104,מ.ישראל,1,10,0,BUSY
1002,61,רוח,1,10,1,BUSY
1002,61,רוח,1,8,0,FREE
507,4,מ.ישראל,1,9,0,FREE
507,4,מ.ישראל,1,19,0,FREE
504,4,מ.ישראל,1,19,0,BUSY
504,4,מ.ישראל,1,16,0,FREE
1002,202,רוח,1,12,1,BUSY
1002,202,רוח,1,9,0,BUSY
502,6,מ.ישראל,1,17,0,FREE
502,6,מ.ישראל,1,9,0,BUSY
502,7,מ.ישראל,1,11,1,FREE
502,7,מ.ישראל,1,17,1,BUSY
505,4,מ.ישראל,1,12,1,BUSY
505,4,מ.ישראל,1,11,1,BUSY
502,9,מ.ישראל,1,14,0,FREE
502,9,מ.ישראל,1,19,0,FREE
1005,109,רוח,1,9,1,BUSY
1005,109,רוח,1,13,1,BUSY
902,103,חברה,1,16,0,FREE
902,103,חברה,1,19,0,FREE
502,37,מ.ישראל,1,17,1,BUSY
502,37,מ.ישראל,1,10,1,BUSY
902,201,חברה,1,17,1,BUSY
902,201,חברה,1,14,1,BUSY
604,205,מ.ישראל,1,13,1,BUSY
604,205,מ.ישראל,1,14,1,BUSY
505,63,מ.ישראל,1,8,0,FREE
505,63,מ.ישראל,1,13,0,FREE
504,5,מ.ישראל,1,9,1,BUSY
504,5,מ.ישראל,1,11,0,FREE
305,5,משפטים,1,11,0,FREE
305,5,משפטים,1,17,0,FREE
605,14,מ.ישראל,1,16,1,BUSY
605,14,מ.ישראל,1,17,1,BUSY
505,105,מ.ישראל,1,13,0,FREE
505,105,מ.ישראל,1,8,1,BUSY
502,24,מ.ישראל,1,11,1,BUSY
502,24,מ.ישראל,1,12,1,BUSY
505,5,מ.ישראל,1,14,1,BUSY
505,5,מ.ישראל,1,15,1,FREE
404,68,יהדות,1,10,1,BUSY
404,68,יהדות,1,15,1,BUSY
305,134,משפטים,1,15,1,BUSY
305,134,משפטים,1,16,1,BUSY
105,103,סטודנטים,1,12,0,BUSY
105,103,סטודנטים,1,19,0,BUSY
105,104,סטודנטים,1,9,0,FREE
105,104,סטודנטים,1,15,0,BUSY
105,101,סטודנטים,1,18,0,FREE
105,101,סטודנטים,1,10,1,BUSY
105,102,סטודנטים,1,16,1,BUSY
105,102,סטודנטים,1,12,1,BUSY
105,1,סטודנטים,1,10,1,BUSY
105,1,סטודנטים,1,9,1,BUSY
304,3,משפטים,1,15,1,BUSY
304,3,משפטים,1,17,1,BUSY
305,6,משפטים,1,16,0,FREE
305,6,משפטים,1,15,1,BUSY
105,61,סטודנטים,1,13,1,BUSY
105,61,סטודנטים,1,16,1,FREE
105,2,סטודנטים,1,18,0,FREE
105,2,סטודנטים,1,12,1,BUSY
304,2,משפטים,1,14,1,BUSY
304,2,משפטים,1,12,1,BUSY
105,3,סטודנטים,1,8,0,FREE
105,3,סטודנטים,1,14,0,FREE
605,101,מ.ישראל,1,11,1,BUSY
605,101,מ.ישראל,1,13,1,BUSY
605,102,מ.ישראל,1,16,1,BUSY
605,102,מ.ישראל,1,11,1,BUSY
604,11,מ.ישראל,1,19,1,BUSY
604,11,מ.ישראל,1,14,0,BUSY
605,11,מ.ישראל,1,19,0,FREE
605,11,מ.ישראל,1,9,1,BUSY
604,12,מ.ישראל,1,14,1,BUSY
604,12,מ.ישראל,1,9,1,FREE
504,6,מ.ישראל,1,15,0,BUSY
504,6,מ.ישראל,1,12,1,BUSY
605,202,מ.ישראל,1,16,0,FREE
605,202,מ.ישראל,1,13,0,FREE
604,14,מ.ישראל,1,19,0,FREE
604,14,מ.ישראל,1,16,1,BUSY
507,101,מ.ישראל,1,11,1,BUSY
507,101,מ.ישראל,1,9,1,BUSY
507,103,מ.ישראל,1,16,1,BUSY
507,103,מ.ישראל,1,14,1,BUSY
504,7,מ.ישראל,1,8,0,FREE
504,7,מ.ישראל,1,14,0,FREE
604,13,מ.ישראל,1,18,1,FREE
604,13,מ.ישראל,1,9,1,FREE
505,1,מ.ישראל,1,11,1,BUSY
505,1,מ.ישראל,1,10,1,BUSY
504,3,מ.ישראל,1,16,1,BUSY
504,3,מ.ישראל,1,15,0,BUSY
604,101,מ.ישראל,1,12,1,BUSY
604,101,מ.ישראל,1,8,0,FREE
507,201,מ.ישראל,1,18,1,FREE
507,201,מ.ישראל,1,14,1,BUSY
403,67,יהדות,1,16,1,BUSY
403,67,יהדות,1,19,1,BUSY
507,204,מ.ישראל,1,9,1,BUSY
507,204,מ.ישראל,1,8,1,FREE
505,106,מ.ישראל,1,9,1,BUSY
505,106,מ.ישראל,1,8,1,BUSY
505,62,מ.ישראל,1,10,1,FREE
505,62,מ.ישראל,1,18,0,FREE
505,104,מ.ישראל,1,10,0,FREE
505,104,מ.ישראל,1,8,1,FREE
605,13,מ.ישראל,1,8,0,FREE
605,13,מ.ישראל,1,15,1,BUSY
501,25,מ.ישראל,1,18,1,BUSY
501,25,מ.ישראל,1,8,1,FREE
505,201,מ.ישראל,1,8,0,FREE
505,201,מ.ישראל,1,15,1,BUSY
505,3,מ.ישראל,1,9,1,BUSY
505,3,מ.ישראל,1,13,0,FREE
507,207,מ.ישראל,1,15,1,FREE
507,207,מ.ישראל,1,10,1,BUSY
604,61,מ.ישראל,1,17,1,FREE
604,61,מ.ישראל,1,18,1,BUSY
507,2,מ.ישראל,1,10,1,BUSY
507,2,מ.ישראל,1,8,0,FREE
505,101,מ.ישראל,1,18,1,BUSY
505,101,מ.ישראל,1,16,1,BUSY
905,417,חברה,1,19,1,BUSY
905,417,חברה,1,12,1,BUSY
504,1,מ.ישראל,1,14,1,BUSY
504,1,מ.ישראל,1,11,1,BUSY
605,201,מ.ישראל,1,9,0,FREE
605,201,מ.ישראל,1,17,1,BUSY
604,104,מ.ישראל,1,17,1,BUSY
604,104,מ.ישראל,1,19,0,BUSY
213,4,טבע,1,15,1,BUSY
213,4,טבע,1,12,1,BUSY
105,4,סטודנטים,1,15,0,FREE
105,4,סטודנטים,1,13,1,BUSY
102,2,סטודנטים,1,12,0,BUSY
102,2,סטודנטים,1,17,1,BUSY
105,5,סטודנטים,1,18,0,FREE
105,5,סטודנטים,1,17,0,FREE
105,105,סטודנטים,1,15,0,FREE
105,105,סטודנטים,1,17,1,BUSY
207,1,טבע,1,18,0,FREE
207,1,טבע,1,19,0,FREE
105,106,סטודנטים,1,15,1,BUSY
105,106,סטודנטים,1,18,1,BUSY
404,115,יהדות,1,17,1,FREE
404,115,יהדות,1,9,1,BUSY
403,101,יהדות,1,10,0,FREE
403,101,יהדות,1,8,0,BUSY
404,102,יהדות,1,18,1,FREE
404,102,יהדות,1,11,1,BUSY
105,6,סטודנטים,1,14,0,BUSY
105,6,סטודנטים,1,13,1,BUSY
102,4,סטודנטים,1,17,1,BUSY
102,4,סטודנטים,1,19,1,BUSY
404,114,יהדות,1,17,0,FREE
404,114,יהדות,1,14,1,BUSY
306,111,משפטים,1,18,1,BUSY
306,111,משפטים,1,8,1,BUSY
505,2,מ.ישראל,1,10,1,BUSY
505,2,מ.ישראל,1,8,1,FREE
604,2,מ.ישראל,1,10,0,FREE
604,2,מ.ישראל,1,19,0,FREE
605,61,מ.ישראל,1,12,0,FREE
605,61,מ.ישראל,1,18,1,BUSY
410,125,יהדות,1,11,1,BUSY
410,125,יהדות,1,16,1,FREE
410,46,יהדות,1,12,1,BUSY
410,46,יהדות,1,15,1,BUSY
403,66,יהדות,1,8,0,FREE
403,66,יהדות,1,16,1,BUSY
502,26,מ.ישראל,1,9,0,FREE
502,26,מ.ישראל,1,8,0,FREE
502,25,מ.ישראל,1,14,0,FREE
502,25,מ.ישראל,1,13,1,BUSY
403,218,יהדות,1,14,0,FREE
403,218,יהדות,1,19,0,FREE
403,113,יהדות,1,19,0,FREE
403,113,יהדות,1,14,1,BUSY
410,142,יהדות,1,13,1,BUSY
410,142,יהדות,1,15,1,BUSY
505,61,מ.ישראל,1,19,0,FREE
505,61,מ.ישראל,1,11,1,BUSY
505,11,מ.ישראל,1,11,0,FREE
505,11,מ.ישראל,1,14,0,FREE
605,105,מ.ישראל,1,14,0,FREE
605,105,מ.ישראל,1,16,1,BUSY
604,1,מ.ישראל,1,18,0,FREE
604,1,מ.ישראל,1,10,0,FREE
507,14,מ.ישראל,1,17,0,FREE
507,14,מ.ישראל,1,18,0,BUSY
605,4,מ.ישראל,1,11,0,FREE
605,4,מ.ישראל,1,10,0,FREE
502,62,מ.ישראל,1,10,0,BUSY
502,62,מ.ישראל,1,19,0,FREE
605,7,מ.ישראל,1,11,0,FREE
605,7,מ.ישראל,1,19,0,BUSY
507,206,מ.ישראל,1,16,1,BUSY
507,206,מ.ישראל,1,10,1,BUSY
504,206,מ.ישראל,1,19,0,FREE
504,206,מ.ישראל,1,13,0,FREE
508,103,מ.ישראל,1,16,0,FREE
508,103,מ.ישראל,1,10,0,FREE
507,106,מ.ישראל,1,19,0,FREE
507,106,מ.ישראל,1,9,0,FREE
605,106,מ.ישראל,1,16,0,BUSY
605,106,מ.ישראל,1,15,0,FREE
507,108,מ.ישראל,1,16,1,BUSY
507,108,מ.ישראל,1,8,1,BUSY
505,108,מ.ישראל,1,15,0,FREE
505,108,מ.ישראל,1,16,0,FREE
505,102,מ.ישראל,1,12,1,FREE
505,102,מ.ישראל,1,17,1,BUSY
507,6,מ.ישראל,1,8,1,BUSY
507,6,מ.ישראל,1,14,1,BUSY
507,208,מ.ישראל,1,9,1,FREE
507,208,מ.ישראל,1,13,1,FREE
507,205,מ.ישראל,1,13,1,BUSY
507,205,מ.ישראל,1,19,1,BUSY
507,3,מ.ישראל,1,10,1,BUSY
507,3,מ.ישראל,1,18,1,BUSY
505,103,מ.ישראל,1,13,0,BUSY
505,103,מ.ישראל,1,9,1,BUSY
507,209,מ.ישראל,1,9,1,BUSY
507,209,מ.ישראל,1,13,1,BUSY
507,202,מ.ישראל,1,13,1,BUSY
507,202,מ.ישראל,1,19,0,FREE
605,103,מ.ישראל,1,19,0,BUSY
605,103,מ.ישראל,1,16,1,FREE
403,2,יהדות,1,17,1,BUSY
403,2,יהדות,1,9,1,BUSY
507,104,מ.ישראל,1,11,1,BUSY
507,104,מ.ישראל,1,16,1,BUSY
507,5,מ.ישראל,1,12,1,BUSY
507,5,מ.ישראל,1,17,1,FREE
507,203,מ.ישראל,1,17,1,BUSY
507,203,מ.ישראל,1,11,1,BUSY
305,132,משפטים,1,11,0,FREE
305,132,משפטים,1,19,1,BUSY
902,101,חברה,1,16,1,BUSY
902,101,חברה,1,18,1,BUSY
902,104,חברה,1,12,1,BUSY
902,104,חברה,1,11,1,BUSY
1005,112,רוח,1,18,1,BUSY
1005,112,רוח,1,9,0,FREE
605,65,מ.ישראל,1,16,1,BUSY
605,65,מ.ישראל,1,15,1,BUSY
905,116,חברה,1,13,1,BUSY
905,116,חברה,1,12,1,BUSY
203,226,טבע,1,9,1,FREE
203,226,טבע,1,10,1,FREE
902,202,חברה,1,18,1,BUSY
902,202,חברה,1,13,1,BUSY
902,102,חברה,1,18,1,BUSY
902,102,חברה,1,12,1,BUSY
1002,201,רוח,1,18,0,FREE
1002,201,רוח,1,9,1,BUSY
605,12,מ.ישראל,1,13,1,BUSY
605,12,מ.ישראל,1,14,0,FREE
502,30,מ.ישראל,1,11,1,FREE
502,30,מ.ישראל,1,15,0,FREE
504,63,מ.ישראל,1,14,0,FREE
504,63,מ.ישראל,1,19,0,FREE
507,13,מ.ישראל,1,15,0,FREE
507,13,מ.ישראל,1,9,0,FREE
507,105,מ.ישראל,1,12,0,FREE
507,105,מ.ישראל,1,14,1,BUSY
604,103,מ.ישראל,1,8,1,FREE
604,103,מ.ישראל,1,11,1,BUSY
410,26,יהדות,1,9,0,FREE
410,26,יהדות,1,14,1,FREE
410,6,יהדות,1,14,1,BUSY
410,6,יהדות,1,12,0,FREE
404,66,יהדות,1,9,0,FREE
404,66,יהדות,1,16,0,BUSY
605,64,מ.ישראל,1,9,1,BUSY
605,64,מ.ישראל,1,8,1,FREE
505,64,מ.ישראל,1,9,0,FREE
505,64,מ.ישראל,1,17,0,FREE
403,115,יהדות,1,13,0,FREE
403,115,יהדות,1,11,0,FREE
404,67,יהדות,1,17,0,FREE
404,67,יהדות,1,8,0,FREE
1005,111,רוח,1,10,1,BUSY
1005,111,רוח,1,19,1,BUSY
1004,305,רוח,1,19,1,FREE
1004,305,רוח,1,13,1,BUSY
404,101,יהדות,1,16,1,BUSY
404,101,יהדות,1,9,1,BUSY
1002,305,רוח,1,8,0,FREE
1002,305,רוח,1,14,1,BUSY
504,208,מ.ישראל,1,16,0,BUSY
504,208,מ.ישראל,1,11,0,FREE
211,112,טבע,1,15,1,BUSY
211,112,טבע,1,13,1,BUSY
305,63,משפטים,1,15,0,FREE
305,63,משפטים,1,13,0,FREE
306,112,משפטים,1,12,0,FREE
306,112,משפטים,1,13,0,FREE
211,106,טבע,1,16,0,FREE
211,106,טבע,1,9,0,FREE
207,201,טבע,1,13,0,FREE
207,201,טבע,1,17,0,BUSY
305,101,משפטים,1,14,0,FREE
305,101,משפטים,1,17,0,FREE
403,61,יהדות,1,18,0,FREE
403,61,יהדות,1,8,0,FREE
202,202,טבע,1,12,0,BUSY
202,202,טבע,1,8,0,BUSY
203,106,טבע,1,10,0,FREE
203,106,טבע,1,17,0,BUSY
203,112,טבע,1,19,0,FREE
203,112,טבע,1,10,0,FREE
105,112,סטודנטים,1,10,0,FREE
105,112,סטודנטים,1,18,0,BUSY
207,6,טבע,1,11,0,BUSY
207,6,טבע,1,18,0,BUSY
207,4,טבע,1,16,0,FREE
207,4,טבע,1,18,0,BUSY
207,101,טבע,1,18,0,FREE
207,101,טבע,1,17,0,FREE
604,6,מ.ישראל,1,14,0,BUSY
604,6,מ.ישראל,1,8,0,FREE
211,22,nan,1,18,0,FREE
211,22,nan,1,10,1,BUSY
211,4,טבע,1,9,0,FREE
211,4,טבע,1,8,0,FREE
507,7,מ.ישראל,1,15,1,BUSY
507,7,מ.ישראל,1,19,1,BUSY
1401,3,nan,1,11,1,BUSY
1401,3,nan,1,16,1,BUSY
905,63,חברה,1,8,0,FREE
905,63,חברה,1,13,1,BUSY
901,61,חברה,1,9,0,FREE
901,61,חברה,1,15,0,BUSY
403,69,מינץ,1,19,0,FREE
403,69,מינץ,1,11,1,FREE
1401,63,nan,1,19,0,FREE
1401,63,nan,1,17,0,FREE
1401,1,nan,1,9,1,BUSY
1401,1,nan,1,16,0,FREE
507,1,מ.ישראל,1,18,0,FREE
507,1,מ.ישראל,1,13,1,BUSY
905,62,חברה,1,17,1,FREE
905,62,חברה,1,8,1,FREE
504,10,מ.ישראל,1,10,1,FREE
504,10,מ.ישראל,1,16,1,BUSY
505,202,מ.ישראל,1,17,1,FREE
505,202,מ.ישראל,1,8,0,FREE
1002,102,רוח,1,12,1,BUSY
1002,102,רוח,1,19,1,BUSY
410,226,יהדות,1,18,0,FREE
410,226,יהדות,1,15,1,BUSY
410,225,יהדות,1,19,0,FREE
410,225,יהדות,1,11,1,BUSY
1004,407,רוח,1,16,0,FREE
1004,407,רוח,1,18,0,FREE
1004,402,רוח,1,17,1,BUSY
1004,402,רוח,1,16,1,BUSY
505,65,מ.ישראל,1,14,0,FREE
505,65,מ.ישראל,1,13,0,FREE
505,204,מ.ישראל,1,8,0,BUSY
505,204,מ.ישראל,1,9,0,BUSY
304,1,משפטים,1,13,1,BUSY
304,1,משפטים,1,8,1,BUSY
605,63,מ.ישראל,1,10,1,BUSY
605,63,מ.ישראל,1,9,1,BUSY
305,10,משפטים,1,14,1,BUSY
305,10,משפטים,1,18,0,FREE
304,61,משפטים,1,8,0,FREE
304,61,משפטים,1,17,0,FREE
604,202,מ.ישראל,1,13,0,FREE
604,202,מ.ישראל,1,16,0,BUSY
211,25,nan,1,9,1,BUSY
211,25,nan,1,15,0,FREE
304,25,משפטים,1,8,0,FREE
304,25,משפטים,1,11,0,FREE
1105,53,הנדסה,1,18,1,BUSY
1105,53,הנדסה,1,13,1,BUSY
1401,53,nan,1,19,0,FREE
1401,53,nan,1,16,1,BUSY
305,2,משפטים,1,12,0,FREE
305,2,משפטים,1,8,0,FREE
305,4,משפטים,1,9,1,BUSY
305,4,משפטים,1,14,1,BUSY
502,23,מ.ישראל,1,8,0,BUSY
502,23,מ.ישראל,1,16,1,BUSY
503,1,מ.ישראל,1,19,0,FREE
503,1,מ.ישראל,1,15,1,BUSY
404,113,יהדות,1,8,1,BUSY
404,113,יהדות,1,11,0,FREE
404,201,יהדות,1,10,1,BUSY
404,201,יהדות,1,13,1,BUSY
505,203,מ.ישראל,1,11,0,FREE
505,203,מ.ישראל,1,13,0,FREE
1005,19,רוח,1,12,0,FREE
1005,19,רוח,1,19,0,FREE
1005,108,רוח,1,16,1,BUSY
1005,108,רוח,1,13,0,FREE
1005,201,רוח,1,12,1,BUSY
1005,201,רוח,1,15,1,BUSY
1005,209,רוח,1,19,0,FREE
1005,209,רוח,1,12,1,BUSY
1005,207,רוח,1,11,0,FREE
1005,207,רוח,1,19,1,FREE
1005,203,רוח,1,11,1,BUSY
1005,203,רוח,1,10,1,BUSY
604,201,מ.ישראל,1,17,0,FREE
604,201,מ.ישראל,1,11,0,BUSY
305,105,משפטים,1,14,0,BUSY
305,105,משפטים,1,17,0,FREE
507,37,מ.ישראל,1,14,0,BUSY
507,37,מ.ישראל,1,10,0,FREE
1104,42,הנדסה,1,12,1,BUSY
1104,42,הנדסה,1,19,0,FREE
1105,42,הנדסה,1,8,0,FREE
1105,42,הנדסה,1,12,0,FREE
1103,22,הנדסה,1,8,0,FREE
1103,22,הנדסה,1,19,1,BUSY
902,9,חברה,1,18,0,FREE
902,9,חברה,1,13,1,BUSY
304,9,משפטים,1,8,0,FREE
304,9,משפטים,1,13,0,FREE
1105,271,הנדסה,1,17,1,BUSY
1105,271,הנדסה,1,10,1,FREE
1104,271,הנדסה,1,17,0,FREE
1104,271,הנדסה,1,15,0,FREE
507,61,מ.ישראל,1,8,0,BUSY
507,61,מ.ישראל,1,12,0,FREE
213,304,טבע,1,14,1,BUSY
213,304,טבע,1,19,0,FREE
213,320,טבע,1,13,0,FREE
213,320,טבע,1,18,0,FREE
1004,203,רוח,1,16,0,FREE
1004,203,רוח,1,13,1,BUSY
1004,212,רוח,1,12,1,BUSY
1004,212,רוח,1,10,1,BUSY
410,328,יהדות,1,13,1,BUSY
410,328,יהדות,1,8,0,FREE
410,332,יהדות,1,12,0,FREE
410,332,יהדות,1,18,0,FREE
604,204,מ.ישראל,1,10,0,FREE
604,204,מ.ישראל,1,16,0,FREE
1002,203,רוח,1,11,1,FREE
1002,203,רוח,1,8,0,FREE
202,301,טבע,1,9,0,FREE
202,301,טבע,1,13,1,BUSY
203,4,טבע,1,10,0,BUSY
203,4,טבע,1,9,0,FREE
202,221,טבע,1,13,0,FREE
202,221,טבע,1,14,0,BUSY
202,205,טבע,1,14,0,BUSY
202,205,טבע,1,16,0,BUSY
202,304,טבע,1,8,0,FREE
202,304,טבע,1,10,1,BUSY
202,505,טבע,1,10,0,FREE
202,505,טבע,1,16,1,FREE
202,203,טבע,1,18,0,FREE
202,203,טבע,1,11,1,FREE
202,303,טבע,1,15,1,BUSY
202,303,טבע,1,11,1,BUSY
202,201,טבע,1,9,0,BUSY
202,201,טבע,1,19,0,FREE
202,204,טבע,1,17,1,BUSY
202,204,טבע,1,18,1,BUSY
505,505,מ.ישראל,1,13,0,FREE
505,505,מ.ישראל,1,10,0,FREE
902,301,חברה,1,11,1,BUSY
902,301,חברה,1,16,1,BUSY
902,12,חברה,1,11,1,FREE
902,12,חברה,1,12,1,BUSY
902,107,חברה,1,14,0,BUSY
902,107,חברה,1,11,1,BUSY
905,217,חברה,1,10,1,BUSY
905,217,חברה,1,12,1,BUSY
902,217,חברה,1,9,0,BUSY
902,217,חברה,1,18,0,BUSY
902,110,חברה,1,15,0,FREE
902,110,חברה,1,11,0,FREE
902,109,חברה,1,13,1,BUSY
902,109,חברה,1,12,1,BUSY
507,23,מ.ישראל,1,9,0,BUSY
507,23,מ.ישראל,1,17,0,FREE
1004,406,רוח,1,15,0,FREE
1004,406,רוח,1,18,0,FREE
1105,368,הנדסה,1,10,1,BUSY
1105,368,הנדסה,1,16,0,BUSY
1102,2,הנדסה,1,19,1,BUSY
1102,2,הנדסה,1,13,1,BUSY
1104,244,הנדסה,1,9,1,BUSY
1104,244,הנדסה,1,13,1,BUSY
1104,249,הנדסה,1,16,1,BUSY
1104,249,הנדסה,1,15,1,BUSY
1104,243,הנדסה,1,10,1,BUSY
1104,243,הנדסה,1,11,1,FREE
1103,42,הנדסה,1,9,0,FREE
1103,42,הנדסה,1,19,0,BUSY
1401,4,nan,1,18,1,BUSY
1401,4,nan,1,14,1,BUSY
1105,3,הנדסה,1,12,0,FREE
1105,3,הנדסה,1,16,0,BUSY
1102,4,הנדסה,1,15,0,FREE
1102,4,הנדסה,1,12,0,BUSY
A1300,2,מעונות,1,13,0,FREE
A1300,2,מעונות,1,12,1,BUSY
A1300,1,מעונות,1,18,1,BUSY
A1300,1,מעונות,1,13,1,FREE
901,4,חברה,1,18,0,FREE
901,4,חברה,1,12,0,FREE
1103,223,הנדסה,1,12,0,BUSY
1103,223,הנדסה,1,13,0,BUSY
1102,205,הנדסה,1,13,0,FREE
1102,205,הנדסה,1,11,0,FREE
1105,366,הנדסה,1,12,1,BUSY
1105,366,הנדסה,1,14,1,BUSY
1104,344,הנדסה,1,11,1,BUSY
1104,344,הנדסה,1,13,0,FREE
1104,347,הנדסה,1,17,0,FREE
1104,347,הנדסה,1,10,0,FREE
1103,224,הנדסה,1,17,0,FREE
1103,224,הנדסה,1,15,1,BUSY
1002,112,רוח,1,12,0,FREE
1002,112,רוח,1,10,0,FREE
905,119,חברה,1,13,1,BUSY
905,119,חברה,1,15,1,BUSY
905,118,חברה,1,14,1,BUSY
905,118,חברה,1,12,1,BUSY
905,319,חברה,1,14,1,BUSY
905,319,חברה,1,10,1,BUSY
905,418,חברה,1,14,1,BUSY
905,418,חברה,1,18,0,FREE
905,416,חברה,1,19,0,FREE
905,416,חברה,1,17,0,BUSY
905,211,חברה,1,8,0,BUSY
905,211,חברה,1,9,0,FREE
905,321,חברה,1,13,1,FREE
905,321,חברה,1,16,1,BUSY
905,311,חברה,1,8,0,FREE
905,311,חברה,1,11,0,FREE
905,2,חברה,1,11,0,FREE
905,2,חברה,1,10,0,FREE
905,317,חברה,1,10,1,BUSY
905,317,חברה,1,16,0,FREE
502,63,מ.ישראל,1,16,0,FREE
502,63,מ.ישראל,1,19,0,FREE
212,214,טבע,1,11,0,BUSY
212,214,טבע,1,17,0,FREE
211,21,nan,1,15,0,FREE
211,21,nan,1,19,0,FREE
211,17,nan,1,19,0,FREE
211,17,nan,1,13,1,BUSY
505,7,מ.ישראל,1,11,0,FREE
505,7,מ.ישראל,1,14,0,FREE
212,212,nan,1,15,0,BUSY
212,212,nan,1,14,0,FREE
212,1,טבע,1,17,0,FREE
212,1,טבע,1,18,0,BUSY
304,4,משפטים,1,11,0,FREE
304,4,משפטים,1,12,0,FREE
403,3,יהדות,1,14,0,FREE
403,3,יהדות,1,16,0,FREE
905,25,חברה,1,11,0,FREE
905,25,חברה,1,17,0,FREE
212,310,טבע,1,12,0,FREE
212,310,טבע,1,11,0,BUSY
212,1,nan,1,18,0,FREE
212,1,nan,1,17,0,FREE
212,3,טבע,1,16,0,BUSY
212,3,טבע,1,10,0,BUSY
212,21,nan,1,19,0,FREE
212,21,nan,1,15,0,FREE
203,212,טבע,1,8,0,FREE
203,212,טבע,1,15,0,FREE
304,69,משפטים,1,18,0,FREE
304,69,משפטים,1,13,0,FREE
305,11,משפטים,1,19,0,FREE
305,11,משפטים,1,8,1,FREE
901,11,חברה,1,15,0,FREE
901,11,חברה,1,16,0,FREE
211,3,nan,1,12,0,FREE
211,3,nan,1,10,0,FREE
213,61,טבע,1,11,0,FREE
213,61,טבע,1,8,0,FREE
211,9,nan,1,12,0,FREE
211,9,nan,1,14,1,BUSY
902,1,חברה,1,19,0,BUSY
902,1,חברה,1,17,0,FREE
304,7,משפטים,1,12,0,FREE
304,7,משפטים,1,10,0,FREE
403,1,מינץ,1,10,0,FREE
403,1,מינץ,1,15,0,BUSY
211,7,nan,1,11,0,BUSY
211,7,nan,1,16,0,FREE
501,11,מ.ישראל,1,12,0,FREE
501,11,מ.ישראל,1,18,0,FREE
507,11,מ.ישראל,1,16,0,FREE
507,11,מ.ישראל,1,19,0,BUSY
1401,7,nan,1,11,0,FREE
1401,7,nan,1,10,0,FREE
211,63,nan,1,19,0,FREE
211,63,nan,1,17,0,FREE
105,134,סטודנטים,1,8,0,FREE
105,134,סטודנטים,1,12,0,BUSY
305,3,משפטים,1,19,0,FREE
305,3,משפטים,1,10,0,FREE
404,133,יהדות,1,13,0,FREE
404,133,יהדות,1,10,0,FREE
306,1,משפטים,1,15,0,FREE
306,1,משפטים,1,14,0,FREE
304,132,משפטים,1,17,0,FREE
304,132,משפטים,1,8,0,FREE
105,132,סטודנטים,1,9,0,BUSY
105,132,סטודנטים,1,14,0,BUSY
404,134,יהדות,1,17,0,FREE
404,134,יהדות,1,12,0,FREE
404,65,יהדות,1,15,0,FREE
404,65,יהדות,1,17,0,FREE
102,133,סטודנטים,1,9,0,BUSY
102,133,סטודנטים,1,19,0,FREE
305,104,משפטים,1,16,0,FREE
305,104,משפטים,1,11,0,FREE
507,10,מ.ישראל,1,9,0,FREE
507,10,מ.ישראל,1,15,0,FREE
507,62,מ.ישראל,1,11,0,FREE
507,62,מ.ישראל,1,12,0,BUSY
604,309,מ.ישראל,1,10,0,FREE
604,309,מ.ישראל,1,12,0,FREE
901,101,חברה,1,10,1,BUSY
901,101,חברה,1,11,1,BUSY
901,102,חברה,1,19,0,FREE
901,102,חברה,1,13,1,BUSY
301,202,פלדמן,1,11,0,FREE
301,202,פלדמן,1,16,0,FREE
905,104,חברה,1,12,0,BUSY
905,104,חברה,1,10,0,FREE
507,107,מ.ישראל,2,9,0,FREE
507,107,מ.ישראל,2,8,0,FREE
905,61,חברה,2,12,0,FREE
905,61,חברה,2,9,1,BUSY
1401,2,nan,2,17,0,FREE
1401,2,nan,2,8,0,BUSY
402,63,יהדות,2,12,1,BUSY
402,63,יהדות,2,14,1,FREE
203,221,טבע,2,12,1,BUSY
203,221,טבע,2,13,1,BUSY
1002,1,רוח,2,11,1,BUSY
1002,1,רוח,2,16,0,FREE
604,63,מ.ישראל,2,15,1,BUSY
604,63,מ.ישראל,2,10,1,BUSY
604,64,מ.ישראל,2,16,1,BUSY
604,64,מ.ישראל,2,12,1,BUSY
604,105,מ.ישראל,2,14,1,BUSY
604,105,מ.ישראל,2,16,1,BUSY
403,211,יהדות,2,13,0,FREE
403,211,יהדות,2,14,1,BUSY
604,102,מ.ישראל,2,10,1,BUSY
604,102,מ.ישראל,2,19,0,FREE
403,217,יהדות,2,15,1,BUSY
403,217,יהדות,2,18,0,BUSY
305,133,משפטים,2,17,1,BUSY
305,133,משפטים,2,12,0,FREE
504,2,מ.ישראל,2,11,1,BUSY
504,2,מ.ישראל,2,10,1,BUSY
507,102,מ.ישראל,2,16,1,BUSY
507,102,מ.ישראל,2,14,1,BUSY
604,62,מ.ישראל,2,15,1,BUSY
604,62,מ.ישראל,2,19,0,FREE
1002,405,רוח,2,8,0,FREE
1002,405,רוח,2,16,0,FREE
902,210,חברה,2,10,1,BUSY
902,210,חברה,2,19,1,BUSY
508,7,מ.ישראל,2,17,1,BUSY
508,7,מ.ישראל,2,11,1,BUSY
502,8,מ.ישראל,2,17,1,BUSY
502,8,מ.ישראל,2,13,1,FREE
605,104,מ.ישראל,2,11,1,BUSY
605,104,מ.ישראל,2,16,1,BUSY
1002,61,רוח,2,9,1,BUSY
1002,61,רוח,2,8,0,FREE
507,4,מ.ישראל,2,15,1,BUSY
507,4,מ.ישראל,2,19,1,BUSY
504,4,מ.ישראל,2,17,1,BUSY
504,4,מ.ישראל,2,14,1,BUSY
1002,202,רוח,2,16,1,BUSY
1002,202,רוח,2,12,1,FREE
502,6,מ.ישראל,2,14,0,FREE
502,6,מ.ישראל,2,16,1,BUSY
502,7,מ.ישראל,2,9,0,FREE
502,7,מ.ישראל,2,12,0,FREE
505,4,מ.ישראל,2,16,1,BUSY
505,4,מ.ישראל,2,17,1,BUSY
502,9,מ.ישראל,2,15,1,BUSY
502,9,מ.ישראל,2,14,1,BUSY
1005,109,רוח,2,17,1,BUSY
1005,109,רוח,2,14,1,BUSY
902,103,חברה,2,13,1,BUSY
902,103,חברה,2,17,1,BUSY
502,37,מ.ישראל,2,12,0,FREE
502,37,מ.ישראל,2,13,0,BUSY
902,201,חברה,2,12,1,BUSY
902,201,חברה,2,10,1,BUSY
604,205,מ.ישראל,2,16,1,BUSY
604,205,מ.ישראל,2,13,0,BUSY
505,63,מ.ישראל,2,16,1,BUSY
505,63,מ.ישראל,2,12,1,FREE
504,5,מ.ישראל,2,9,0,FREE
504,5,מ.ישראל,2,19,1,BUSY
305,5,משפטים,2,12,0,FREE
305,5,משפטים,2,14,0,BUSY
605,14,מ.ישראל,2,16,1,FREE
605,14,מ.ישראל,2,19,1,BUSY
505,105,מ.ישראל,2,16,1,BUSY
505,105,מ.ישראל,2,19,1,BUSY
502,24,מ.ישראל,2,10,1,BUSY
502,24,מ.ישראל,2,19,0,FREE
505,5,מ.ישראל,2,9,1,BUSY
505,5,מ.ישראל,2,13,1,BUSY
404,68,יהדות,2,12,1,BUSY
404,68,יהדות,2,8,0,FREE
305,134,משפטים,2,11,1,FREE
305,134,משפטים,2,19,1,FREE
105,103,סטודנטים,2,17,0,FREE
105,103,סטודנטים,2,15,1,BUSY
105,104,סטודנטים,2,17,1,BUSY
105,104,סטודנטים,2,16,1,BUSY
105,101,סטודנטים,2,19,0,FREE
105,101,סטודנטים,2,8,1,FREE
105,102,סטודנטים,2,18,1,BUSY
105,102,סטודנטים,2,19,1,BUSY
105,1,סטודנטים,2,18,0,FREE
105,1,סטודנטים,2,11,1,FREE
304,3,משפטים,2,12,1,BUSY
304,3,משפטים,2,10,1,FREE
305,6,משפטים,2,11,0,FREE
305,6,משפטים,2,14,0,BUSY
105,61,סטודנטים,2,18,0,BUSY
105,61,סטודנטים,2,10,1,BUSY
105,2,סטודנטים,2,9,1,BUSY
105,2,סטודנטים,2,12,1,FREE
304,2,משפטים,2,10,1,BUSY
304,2,משפטים,2,15,1,BUSY
105,3,סטודנטים,2,13,0,BUSY
105,3,סטודנטים,2,11,0,FREE
605,101,מ.ישראל,2,16,1,BUSY
605,101,מ.ישראל,2,8,1,BUSY
605,102,מ.ישראל,2,10,1,FREE
605,102,מ.ישראל,2,16,1,BUSY
604,11,מ.ישראל,2,15,1,BUSY
604,11,מ.ישראל,2,13,1,BUSY
605,11,מ.ישראל,2,19,0,BUSY
605,11,מ.ישראל,2,18,1,BUSY
604,12,מ.ישראל,2,12,1,BUSY
604,12,מ.ישראל,2,11,0,FREE
504,6,מ.ישראל,2,18,1,BUSY
504,6,מ.ישראל,2,8,1,BUSY
605,202,מ.ישראל,2,19,0,FREE
605,202,מ.ישראל,2,8,0,FREE
604,14,מ.ישראל,2,11,1,FREE
604,14,מ.ישראל,2,19,1,BUSY
507,101,מ.ישראל,2,9,0,FREE
507,101,מ.ישראל,2,8,0,BUSY
507,103,מ.ישראל,2,10,1,BUSY
507,103,מ.ישראל,2,19,1,BUSY
504,7,מ.ישראל,2,8,1,BUSY
504,7,מ.ישראל,2,15,1,BUSY
604,13,מ.ישראל,2,15,1,FREE
604,13,מ.ישראל,2,8,0,BUSY
505,1,מ.ישראל,2,18,1,BUSY
505,1,מ.ישראל,2,15,1,BUSY
504,3,מ.ישראל,2,14,1,BUSY
504,3,מ.ישראל,2,8,0,FREE
604,101,מ.ישראל,2,16,1,BUSY
604,101,מ.ישראל,2,12,1,BUSY
507,201,מ.ישראל,2,13,1,BUSY
507,201,מ.ישראל,2,10,1,BUSY
403,67,יהדות,2,9,1,BUSY
403,67,יהדות,2,19,1,BUSY
507,204,מ.ישראל,2,16,1,BUSY
507,204,מ.ישראל,2,8,0,FREE
505,106,מ.ישראל,2,9,1,FREE
505,106,מ.ישראל,2,18,1,BUSY
505,62,מ.ישראל,2,9,0,BUSY
505,62,מ.ישראל,2,19,1,BUSY
505,104,מ.ישראל,2,12,1,BUSY
505,104,מ.ישראל,2,13,1,BUSY
605,13,מ.ישראל,2,18,1,BUSY
605,13,מ.ישראל,2,17,0,FREE
501,25,מ.ישראל,2,8,1,BUSY
501,25,מ.ישראל,2,13,1,BUSY
505,201,מ.ישראל,2,18,0,FREE
505,201,מ.ישראל,2,19,0,FREE
505,3,מ.ישראל,2,8,1,BUSY
505,3,מ.ישראל,2,16,1,BUSY
507,207,מ.ישראל,2,8,0,BUSY
507,207,מ.ישראל,2,16,1,BUSY
604,61,מ.ישראל,2,10,1,BUSY
604,61,מ.ישראל,2,11,1,BUSY
507,2,מ.ישראל,2,17,1,FREE
507,2,מ.ישראל,2,15,1,BUSY
505,101,מ.ישראל,2,8,0,FREE
505,101,מ.ישראל,2,16,1,BUSY
905,417,חברה,2,10,1,BUSY
905,417,חברה,2,18,0,BUSY
504,1,מ.ישראל,2,16,1,BUSY
504,1,מ.ישראל,2,14,1,BUSY
605,201,מ.ישראל,2,12,1,BUSY
605,201,מ.ישראל,2,15,1,BUSY
604,104,מ.ישראל,2,10,0,FREE
604,104,מ.ישראל,2,14,1,BUSY
213,4,טבע,2,13,1,BUSY
213,4,טבע,2,12,1,BUSY
105,4,סטודנטים,2,16,0,FREE
105,4,סטודנטים,2,17,0,FREE
102,2,סטודנטים,2,14,0,BUSY
102,2,סטודנטים,2,12,1,BUSY
105,5,סטודנטים,2,19,1,BUSY
105,5,סטודנטים,2,11,1,BUSY
105,105,סטודנטים,2,9,1,BUSY
105,105,סטודנטים,2,19,1,FREE
207,1,טבע,2,16,1,BUSY
207,1,טבע,2,13,1,FREE
105,106,סטודנטים,2,14,0,FREE
105,106,סטודנטים,2,9,0,FREE
404,115,יהדות,2,12,1,FREE
404,115,יהדות,2,11,1,BUSY
403,101,יהדות,2,16,1,BUSY
403,101,יהדות,2,18,0,FREE
404,102,יהדות,2,10,1,BUSY
404,102,יהדות,2,13,1,BUSY
105,6,סטודנטים,2,10,1,BUSY
105,6,סטודנטים,2,12,1,BUSY
102,4,סטודנטים,2,15,1,BUSY
102,4,סטודנטים,2,12,1,BUSY
404,114,יהדות,2,8,1,BUSY
404,114,יהדות,2,9,1,FREE
306,111,משפטים,2,17,1,BUSY
306,111,משפטים,2,10,1,BUSY
505,2,מ.ישראל,2,19,1,BUSY
505,2,מ.ישראל,2,14,1,BUSY
604,2,מ.ישראל,2,13,0,FREE
604,2,מ.ישראל,2,17,0,FREE
605,61,מ.ישראל,2,16,1,BUSY
605,61,מ.ישראל,2,10,1,BUSY
410,125,יהדות,2,19,1,BUSY
410,125,יהדות,2,15,1,BUSY
410,46,יהדות,2,9,1,BUSY
410,46,יהדות,2,15,1,BUSY
403,66,יהדות,2,13,1,BUSY
403,66,יהדות,2,11,1,BUSY
502,26,מ.ישראל,2,8,0,FREE
502,26,מ.ישראל,2,14,1,BUSY
502,25,מ.ישראל,2,18,0,BUSY
502,25,מ.ישראל,2,11,1,BUSY
403,218,יהדות,2,16,1,BUSY
403,218,יהדות,2,17,0,BUSY
403,113,יהדות,2,14,0,FREE
403,113,יהדות,2,10,1,BUSY
410,142,יהדות,2,8,1,BUSY
410,142,יהדות,2,14,1,BUSY
505,61,מ.ישראל,2,11,1,FREE
505,61,מ.ישראל,2,12,1,FREE
505,11,מ.ישראל,2,13,0,FREE
505,11,מ.ישראל,2,16,0,FREE
605,105,מ.ישראל,2,18,1,BUSY
605,105,מ.ישראל,2,9,1,FREE
604,1,מ.ישראל,2,19,0,BUSY
604,1,מ.ישראל,2,14,0,BUSY
507,14,מ.ישראל,2,9,1,BUSY
507,14,מ.ישראל,2,19,0,FREE
605,4,מ.ישראל,2,9,0,BUSY
605,4,מ.ישראל,2,8,0,BUSY
502,62,מ.ישראל,2,18,0,BUSY
502,62,מ.ישראל,2,8,0,FREE
605,7,מ.ישראל,2,14,0,FREE
605,7,מ.ישראל,2,10,0,BUSY
507,206,מ.ישראל,2,13,1,BUSY
507,206,מ.ישראל,2,15,1,BUSY
504,206,מ.ישראל,2,15,0,FREE
504,206,מ.ישראל,2,13,0,BUSY
508,103,מ.ישראל,2,10,0,FREE
508,103,מ.ישראל,2,16,1,BUSY
507,106,מ.ישראל,2,19,0,FREE
507,106,מ.ישראל,2,14,1,BUSY
605,106,מ.ישראל,2,12,0,FREE
605,106,מ.ישראל,2,14,0,BUSY
507,108,מ.ישראל,2,18,1,BUSY
507,108,מ.ישראל,2,16,1,BUSY
505,108,מ.ישראל,2,14,0,FREE
505,108,מ.ישראל,2,16,0,BUSY
505,102,מ.ישראל,2,14,1,BUSY
505,102,מ.ישראל,2,16,1,FREE
507,6,מ.ישראל,2,14,1,FREE
507,6,מ.ישראל,2,16,1,BUSY
507,208,מ.ישראל,2,12,1,BUSY
507,208,מ.ישראל,2,10,1,BUSY
507,205,מ.ישראל,2,12,1,BUSY
507,205,מ.ישראל,2,10,1,BUSY
507,3,מ.ישראל,2,15,1,BUSY
507,3,מ.ישראל,2,9,1,BUSY
505,103,מ.ישראל,2,12,1,FREE
505,103,מ.ישראל,2,19,1,BUSY
507,209,מ.ישראל,2,16,1,FREE
507,209,מ.ישראל,2,14,1,BUSY
507,202,מ.ישראל,2,9,1,BUSY
507,202,מ.ישראל,2,19,1,BUSY
605,103,מ.ישראל,2,11,1,BUSY
605,103,מ.ישראל,2,15,0,FREE
403,2,יהדות,2,14,1,BUSY
403,2,יהדות,2,17,0,FREE
507,104,מ.ישראל,2,11,1,BUSY
507,104,מ.ישראל,2,9,1,BUSY
507,5,מ.ישראל,2,16,1,BUSY
507,5,מ.ישראל,2,18,1,BUSY
507,203,מ.ישראל,2,16,0,BUSY
507,203,מ.ישראל,2,8,0,FREE
305,132,משפטים,2,12,0,FREE
305,132,משפטים,2,17,1,BUSY
902,101,חברה,2,18,1,BUSY
902,101,חברה,2,13,1,BUSY
902,104,חברה,2,12,1,BUSY
902,104,חברה,2,11,1,BUSY
1005,112,רוח,2,11,1,BUSY
1005,112,רוח,2,17,0,BUSY
605,65,מ.ישראל,2,14,1,BUSY
605,65,מ.ישראל,2,10,1,BUSY
905,116,חברה,2,17,1,BUSY
905,116,חברה,2,9,0,BUSY
203,226,טבע,2,11,0,BUSY
203,226,טבע,2,15,0,FREE
902,202,חברה,2,11,1,FREE
902,202,חברה,2,19,0,FREE
902,102,חברה,2,8,1,BUSY
902,102,חברה,2,13,1,BUSY
1002,201,רוח,2,12,1,BUSY
1002,201,רוח,2,11,1,BUSY
605,12,מ.ישראל,2,17,1,FREE
605,12,מ.ישראל,2,13,1,BUSY
502,30,מ.ישראל,2,15,1,BUSY
502,30,מ.ישראל,2,13,0,BUSY
504,63,מ.ישראל,2,15,0,BUSY
504,63,מ.ישראל,2,12,0,FREE
507,13,מ.ישראל,2,19,0,FREE
507,13,מ.ישראל,2,8,0,FREE
507,105,מ.ישראל,2,9,0,FREE
507,105,מ.ישראל,2,18,0,BUSY
604,103,מ.ישראל,2,16,1,BUSY
604,103,מ.ישראל,2,12,1,BUSY
410,26,יהדות,2,10,0,FREE
410,26,יהדות,2,11,0,FREE
410,6,יהדות,2,11,1,BUSY
410,6,יהדות,2,13,1,BUSY
404,66,יהדות,2,8,0,FREE
404,66,יהדות,2,9,0,FREE
605,64,מ.ישראל,2,13,1,BUSY
605,64,מ.ישראל,2,16,1,BUSY
505,64,מ.ישראל,2,10,0,FREE
505,64,מ.ישראל,2,13,0,FREE
403,115,יהדות,2,13,0,FREE
403,115,יהדות,2,15,0,FREE
404,67,יהדות,2,11,0,BUSY
404,67,יהדות,2,12,0,FREE
1005,111,רוח,2,16,1,BUSY
1005,111,רוח,2,11,0,BUSY
1004,305,רוח,2,9,0,BUSY
1004,305,רוח,2,10,0,FREE
404,101,יהדות,2,12,1,BUSY
404,101,יהדות,2,9,0,FREE
1002,305,רוח,2,8,0,FREE
1002,305,רוח,2,17,1,BUSY
504,208,מ.ישראל,2,14,1,BUSY
504,208,מ.ישראל,2,17,0,FREE
211,112,טבע,2,16,1,FREE
211,112,טבע,2,12,1,FREE
305,63,משפטים,2,17,0,FREE
305,63,משפטים,2,11,0,FREE
306,112,משפטים,2,12,0,FREE
306,112,משפטים,2,9,0,FREE
211,106,טבע,2,16,0,FREE
211,106,טבע,2,19,0,FREE
207,201,טבע,2,19,0,FREE
207,201,טבע,2,15,1,BUSY
305,101,משפטים,2,9,0,FREE
305,101,משפטים,2,15,0,FREE
403,61,יהדות,2,11,0,FREE
403,61,יהדות,2,16,0,FREE
202,202,טבע,2,9,0,FREE
202,202,טבע,2,13,0,FREE
203,106,טבע,2,16,0,FREE
203,106,טבע,2,11,0,BUSY
203,112,טבע,2,14,0,BUSY
203,112,טבע,2,17,0,FREE
105,112,סטודנטים,2,19,0,FREE
105,112,סטודנטים,2,17,0,FREE
207,6,טבע,2,10,0,BUSY
207,6,טבע,2,17,0,FREE
207,4,טבע,2,16,0,FREE
207,4,טבע,2,11,0,FREE
207,101,טבע,2,17,0,FREE
207,101,טבע,2,12,1,BUSY
604,6,מ.ישראל,2,17,0,BUSY
604,6,מ.ישראל,2,11,0,FREE
211,22,nan,2,8,0,BUSY
211,22,nan,2,18,0,FREE
211,4,טבע,2,14,0,FREE
211,4,טבע,2,13,1,FREE
507,7,מ.ישראל,2,17,1,FREE
507,7,מ.ישראל,2,16,1,BUSY
1401,3,nan,2,19,0,FREE
1401,3,nan,2,15,1,BUSY
905,63,חברה,2,13,1,BUSY
905,63,חברה,2,14,1,BUSY
901,61,חברה,2,14,1,BUSY
901,61,חברה,2,12,1,FREE
403,69,מינץ,2,15,1,BUSY
403,69,מינץ,2,14,1,FREE
1401,63,nan,2,10,0,FREE
1401,63,nan,2,9,0,FREE
1401,1,nan,2,14,1,BUSY
1401,1,nan,2,10,0,FREE
507,1,מ.ישראל,2,12,1,BUSY
507,1,מ.ישראל,2,13,1,BUSY
905,62,חברה,2,16,1,BUSY
905,62,חברה,2,10,1,BUSY
504,10,מ.ישראל,2,16,0,FREE
504,10,מ.ישראל,2,11,0,FREE
505,202,מ.ישראל,2,18,0,FREE
505,202,מ.ישראל,2,17,0,BUSY
1002,102,רוח,2,11,1,BUSY
1002,102,רוח,2,14,0,FREE
410,226,יהדות,2,16,1,BUSY
410,226,יהדות,2,8,1,BUSY
410,225,יהדות,2,19,1,BUSY
410,225,יהדות,2,11,0,FREE
1004,407,רוח,2,10,0,FREE
1004,407,רוח,2,16,0,FREE
1004,402,רוח,2,12,1,BUSY
1004,402,רוח,2,13,1,BUSY
505,65,מ.ישראל,2,18,1,BUSY
505,65,מ.ישראל,2,9,0,FREE
505,204,מ.ישראל,2,8,0,BUSY
505,204,מ.ישראל,2,17,0,FREE
304,1,משפטים,2,18,1,BUSY
304,1,משפטים,2,12,1,BUSY
605,63,מ.ישראל,2,18,1,BUSY
605,63,מ.ישראל,2,19,1,BUSY
305,10,משפטים,2,14,0,BUSY
305,10,משפטים,2,16,1,BUSY
304,61,משפטים,2,8,0,BUSY
304,61,משפטים,2,14,0,BUSY
604,202,מ.ישראל,2,13,0,FREE
604,202,מ.ישראל,2,19,0,FREE
211,25,nan,2,16,1,BUSY
211,25,nan,2,12,1,FREE
304,25,משפטים,2,10,0,FREE
304,25,משפטים,2,18,0,BUSY
1105,53,הנדסה,2,8,0,BUSY
1105,53,הנדסה,2,15,1,BUSY
1401,53,nan,2,17,0,FREE
1401,53,nan,2,12,0,FREE
305,2,משפטים,2,19,0,FREE
305,2,משפטים,2,12,0,FREE
305,4,משפטים,2,18,1,FREE
305,4,משפטים,2,14,1,BUSY
502,23,מ.ישראל,2,15,0,BUSY
502,23,מ.ישראל,2,10,0,FREE
503,1,מ.ישראל,2,17,0,BUSY
503,1,מ.ישראל,2,14,0,BUSY
404,113,יהדות,2,9,0,FREE
404,113,יהדות,2,15,1,BUSY
404,201,יהדות,2,19,1,BUSY
404,201,יהדות,2,12,1,BUSY
505,203,מ.ישראל,2,17,0,FREE
505,203,מ.ישראל,2,8,1,BUSY
1005,19,רוח,2,15,1,BUSY
1005,19,רוח,2,16,1,BUSY
1005,108,רוח,2,15,0,FREE
1005,108,רוח,2,9,0,FREE
1005,201,רוח,2,15,1,BUSY
1005,201,רוח,2,12,1,BUSY
1005,209,רוח,2,13,0,FREE
1005,209,רוח,2,9,0,BUSY
1005,207,רוח,2,8,0,FREE
1005,207,רוח,2,19,0,BUSY
1005,203,רוח,2,19,0,FREE
1005,203,רוח,2,17,0,BUSY
604,201,מ.ישראל,2,10,0,FREE
604,201,מ.ישראל,2,19,0,FREE
305,105,משפטים,2,19,0,FREE
305,105,משפטים,2,13,0,BUSY
507,37,מ.ישראל,2,8,0,FREE
507,37,מ.ישראל,2,11,0,FREE
1104,42,הנדסה,2,13,1,BUSY
1104,42,הנדסה,2,18,1,BUSY
1105,42,הנדסה,2,12,0,FREE
1105,42,הנדסה,2,16,0,BUSY
1103,22,הנדסה,2,8,0,FREE
1103,22,הנדסה,2,10,1,BUSY
902,9,חברה,2,19,1,BUSY
902,9,חברה,2,12,1,BUSY
304,9,משפטים,2,11,0,FREE
304,9,משפטים,2,18,0,FREE
1105,271,הנדסה,2,10,1,BUSY
1105,271,הנדסה,2,12,1,FREE
1104,271,הנדסה,2,17,0,FREE
1104,271,הנדסה,2,14,0,FREE
507,61,מ.ישראל,2,11,0,FREE
507,61,מ.ישראל,2,10,0,BUSY
213,304,טבע,2,16,1,BUSY
213,304,טבע,2,11,0,FREE
213,320,טבע,2,14,0,BUSY
213,320,טבע,2,19,0,FREE
1004,203,רוח,2,16,1,FREE
1004,203,רוח,2,12,1,BUSY
1004,212,רוח,2,18,1,BUSY
1004,212,רוח,2,16,1,BUSY
410,328,יהדות,2,16,0,FREE
410,328,יהדות,2,11,0,BUSY
410,332,יהדות,2,13,0,FREE
410,332,יהדות,2,10,1,FREE
604,204,מ.ישראל,2,8,0,FREE
604,204,מ.ישראל,2,14,0,FREE
1002,203,רוח,2,11,1,BUSY
1002,203,רוח,2,12,1,BUSY
202,301,טבע,2,10,0,BUSY
202,301,טבע,2,18,1,BUSY
203,4,טבע,2,9,0,BUSY
203,4,טבע,2,17,0,FREE
202,221,טבע,2,19,0,BUSY
202,221,טבע,2,18,0,FREE
202,205,טבע,2,9,0,BUSY
202,205,טבע,2,18,0,FREE
202,304,טבע,2,16,0,FREE
202,304,טבע,2,8,0,BUSY
202,505,טבע,2,15,0,FREE
202,505,טבע,2,17,0,BUSY
202,203,טבע,2,9,0,BUSY
202,203,טבע,2,13,0,BUSY
202,303,טבע,2,14,1,BUSY
202,303,טבע,2,12,1,BUSY
202,201,טבע,2,16,0,BUSY
202,201,טבע,2,17,0,BUSY
202,204,טבע,2,18,0,FREE
202,204,טבע,2,9,1,BUSY
505,505,מ.ישראל,2,8,0,FREE
505,505,מ.ישראל,2,19,0,FREE
902,301,חברה,2,18,1,BUSY
902,301,חברה,2,17,1,BUSY
902,12,חברה,2,18,1,BUSY
902,12,חברה,2,19,1,BUSY
902,107,חברה,2,11,0,FREE
902,107,חברה,2,9,0,FREE
905,217,חברה,2,11,1,BUSY
905,217,חברה,2,19,1,BUSY
902,217,חברה,2,17,0,FREE
902,217,חברה,2,8,0,FREE
902,110,חברה,2,8,0,FREE
902,110,חברה,2,18,0,BUSY
902,109,חברה,2,16,0,FREE
902,109,חברה,2,18,0,FREE
507,23,מ.ישראל,2,12,0,BUSY
507,23,מ.ישראל,2,10,0,FREE
1004,406,רוח,2,8,0,BUSY
1004,406,רוח,2,17,0,FREE
1105,368,הנדסה,2,9,1,BUSY
1105,368,הנדסה,2,17,0,FREE
1102,2,הנדסה,2,12,1,BUSY
1102,2,הנדסה,2,9,1,BUSY
1104,244,הנדסה,2,13,1,BUSY
1104,244,הנדסה,2,14,1,BUSY
1104,249,הנדסה,2,9,1,BUSY
1104,249,הנדסה,2,14,1,BUSY
1104,243,הנדסה,2,15,1,BUSY
1104,243,הנדסה,2,11,1,BUSY
1103,42,הנדסה,2,19,0,BUSY
1103,42,הנדסה,2,17,0,FREE
1401,4,nan,2,16,1,BUSY
1401,4,nan,2,12,1,BUSY
1105,3,הנדסה,2,13,0,FREE
1105,3,הנדסה,2,19,0,BUSY
1102,4,הנדסה,2,8,0,FREE
1102,4,הנדסה,2,19,0,FREE
A1300,2,מעונות,2,19,0,FREE
A1300,2,מעונות,2,13,1,BUSY
A1300,1,מעונות,2,12,1,BUSY
A1300,1,מעונות,2,16,1,BUSY
901,4,חברה,2,10,0,FREE
901,4,חברה,2,15,0,FREE
1103,223,הנדסה,2,16,1,FREE
1103,223,הנדסה,2,19,0,FREE
1102,205,הנדסה,2,10,0,FREE
1102,205,הנדסה,2,13,1,FREE
1105,366,הנדסה,2,9,0,FREE
1105,366,הנדסה,2,11,0,FREE
1104,344,הנדסה,2,14,0,FREE
1104,344,הנדסה,2,15,1,FREE
1104,347,הנדסה,2,10,0,FREE
1104,347,הנדסה,2,12,1,BUSY
1103,224,הנדסה,2,10,0,BUSY
1103,224,הנדסה,2,8,0,FREE
1002,112,רוח,2,8,0,FREE
1002,112,רוח,2,10,0,FREE
905,119,חברה,2,13,1,BUSY
905,119,חברה,2,8,0,FREE
905,118,חברה,2,17,0,FREE
905,118,חברה,2,10,0,FREE
905,319,חברה,2,8,0,FREE
905,319,חברה,2,11,0,FREE
905,418,חברה,2,11,0,BUSY
905,418,חברה,2,9,0,FREE
905,416,חברה,2,9,0,FREE
905,416,חברה,2,14,0,FREE
905,211,חברה,2,19,0,FREE
905,211,חברה,2,10,0,FREE
905,321,חברה,2,18,0,BUSY
905,321,חברה,2,14,0,FREE
905,311,חברה,2,11,0,BUSY
905,311,חברה,2,9,0,FREE
905,2,חברה,2,10,0,FREE
905,2,חברה,2,18,0,FREE
905,317,חברה,2,14,0,FREE
905,317,חברה,2,11,0,FREE
502,63,מ.ישראל,2,15,0,FREE
502,63,מ.ישראל,2,8,0,FREE
212,214,טבע,2,15,1,BUSY
212,214,טבע,2,12,0,FREE
211,21,nan,2,19,0,FREE
211,21,nan,2,13,0,BUSY
211,17,nan,2,13,0,FREE
211,17,nan,2,14,0,FREE
505,7,מ.ישראל,2,10,0,FREE
505,7,מ.ישראל,2,12,1,BUSY
212,212,nan,2,8,0,BUSY
212,212,nan,2,14,0,FREE
212,1,טבע,2,10,0,FREE
212,1,טבע,2,15,1,BUSY
304,4,משפטים,2,9,0,FREE
304,4,משפטים,2,17,0,BUSY
403,3,יהדות,2,15,0,FREE
403,3,יהדות,2,8,0,FREE
905,25,חברה,2,15,0,FREE
905,25,חברה,2,17,0,FREE
212,310,טבע,2,19,0,FREE
212,310,טבע,2,16,1,BUSY
212,1,nan,2,14,0,BUSY
212,1,nan,2,10,0,FREE
212,3,טבע,2,17,0,FREE
212,3,טבע,2,14,0,FREE
212,21,nan,2,13,0,FREE
212,21,nan,2,14,0,FREE
203,212,טבע,2,10,0,FREE
203,212,טבע,2,16,0,FREE
304,69,משפטים,2,8,0,FREE
304,69,משפטים,2,19,0,FREE
305,11,משפטים,2,17,1,BUSY
305,11,משפטים,2,16,1,BUSY
901,11,חברה,2,11,0,FREE
901,11,חברה,2,15,0,FREE
211,3,nan,2,16,0,BUSY
211,3,nan,2,14,0,BUSY
213,61,טבע,2,16,0,FREE
213,61,טבע,2,12,0,BUSY
211,9,nan,2,8,0,FREE
211,9,nan,2,10,0,FREE
902,1,חברה,2,14,0,BUSY
902,1,חברה,2,18,0,FREE
304,7,משפטים,2,17,0,FREE
304,7,משפטים,2,14,0,FREE
403,1,מינץ,2,19,0,FREE
403,1,מינץ,2,9,0,FREE
211,7,nan,2,14,0,BUSY
211,7,nan,2,10,0,BUSY
501,11,מ.ישראל,2,12,1,BUSY
501,11,מ.ישראל,2,16,0,FREE
507,11,מ.ישראל,2,14,0,FREE
507,11,מ.ישראל,2,10,0,FREE
1401,7,nan,2,9,0,FREE
1401,7,nan,2,17,0,FREE
211,63,nan,2,16,0,FREE
211,63,nan,2,19,0,FREE
105,134,סטודנטים,2,14,0,FREE
105,134,סטודנטים,2,17,1,BUSY
305,3,משפטים,2,16,0,FREE
305,3,משפטים,2,14,0,FREE
404,133,יהדות,2,18,0,FREE
404,133,יהדות,2,19,0,FREE
306,1,משפטים,2,15,1,BUSY
306,1,משפטים,2,19,0,FREE
304,132,משפטים,2,10,0,BUSY
304,132,משפטים,2,12,0,FREE
105,132,סטודנטים,2,11,0,FREE
105,132,סטודנטים,2,16,0,FREE
404,134,יהדות,2,19,0,FREE
404,134,יהדות,2,13,0,FREE
404,65,יהדות,2,14,0,BUSY
404,65,יהדות,2,15,0,FREE
102,133,סטודנטים,2,18,0,BUSY
102,133,סטודנטים,2,10,0,BUSY
305,104,משפטים,2,9,0,FREE
305,104,משפטים,2,19,0,FREE
507,10,מ.ישראל,2,8,0,FREE
507,10,מ.ישראל,2,17,0,FREE
507,62,מ.ישראל,2,11,0,BUSY
507,62,מ.ישראל,2,10,0,BUSY
604,309,מ.ישראל,2,11,1,BUSY
604,309,מ.ישראל,2,15,1,BUSY
901,101,חברה,2,10,1,BUSY
901,101,חברה,2,9,1,BUSY
901,102,חברה,2,8,0,FREE
901,102,חברה,2,9,0,FREE
301,202,פלדמן,2,8,0,FREE
301,202,פלדמן,2,19,0,FREE
905,104,חברה,2,19,0,BUSY
905,104,חברה,2,12,0,FREE
507,107,מ.ישראל,3,16,1,BUSY
507,107,מ.ישראל,3,12,1,FREE
905,61,חברה,3,19,0,FREE
905,61,חברה,3,14,1,FREE
1401,2,nan,3,10,0,FREE
1401,2,nan,3,12,0,FREE
402,63,יהדות,3,13,1,FREE
402,63,יהדות,3,18,0,BUSY
203,221,טבע,3,12,0,FREE
203,221,טבע,3,11,1,BUSY
1002,1,רוח,3,13,1,BUSY
1002,1,רוח,3,14,1,BUSY
604,63,מ.ישראל,3,18,1,BUSY
604,63,מ.ישראל,3,15,1,FREE
604,64,מ.ישראל,3,8,1,FREE
604,64,מ.ישראל,3,15,1,BUSY
604,105,מ.ישראל,3,13,1,BUSY
604,105,מ.ישראל,3,12,1,BUSY
403,211,יהדות,3,11,1,BUSY
403,211,יהדות,3,17,0,FREE
604,102,מ.ישראל,3,19,1,BUSY
604,102,מ.ישראל,3,8,0,FREE
403,217,יהדות,3,11,1,BUSY
403,217,יהדות,3,12,1,BUSY
305,133,משפטים,3,10,0,FREE
305,133,משפטים,3,19,0,FREE
504,2,מ.ישראל,3,10,1,BUSY
504,2,מ.ישראל,3,17,0,FREE
507,102,מ.ישראל,3,12,1,FREE
507,102,מ.ישראל,3,13,1,BUSY
604,62,מ.ישראל,3,14,1,BUSY
604,62,מ.ישראל,3,11,1,BUSY
1002,405,רוח,3,19,0,FREE
1002,405,רוח,3,13,0,BUSY
902,210,חברה,3,17,1,BUSY
902,210,חברה,3,18,1,BUSY
508,7,מ.ישראל,3,18,0,FREE
508,7,מ.ישראל,3,10,1,BUSY
502,8,מ.ישראל,3,14,1,BUSY
502,8,מ.ישראל,3,8,0,FREE
605,104,מ.ישראל,3,19,1,BUSY
605,104,מ.ישראל,3,9,0,FREE
1002,61,רוח,3,8,1,BUSY
1002,61,רוח,3,10,1,BUSY
507,4,מ.ישראל,3,11,1,BUSY
507,4,מ.ישראל,3,15,0,BUSY
504,4,מ.ישראל,3,13,0,BUSY
504,4,מ.ישראל,3,14,1,BUSY
1002,202,רוח,3,10,0,BUSY
1002,202,רוח,3,19,1,BUSY
502,6,מ.ישראל,3,11,0,FREE
502,6,מ.ישראל,3,12,1,BUSY
502,7,מ.ישראל,3,11,1,FREE
502,7,מ.ישראל,3,14,0,FREE
505,4,מ.ישראל,3,12,1,BUSY
505,4,מ.ישראל,3,15,1,BUSY
502,9,מ.ישראל,3,8,1,BUSY
502,9,מ.ישראל,3,16,0,BUSY
1005,109,רוח,3,11,1,FREE
1005,109,רוח,3,13,1,BUSY
902,103,חברה,3,19,1,BUSY
902,103,חברה,3,16,1,BUSY
502,37,מ.ישראל,3,16,0,FREE
502,37,מ.ישראל,3,17,0,FREE
902,201,חברה,3,14,1,BUSY
902,201,חברה,3,15,1,BUSY
604,205,מ.ישראל,3,13,0,BUSY
604,205,מ.ישראל,3,8,1,BUSY
505,63,מ.ישראל,3,9,0,FREE
505,63,מ.ישראל,3,15,1,BUSY
504,5,מ.ישראל,3,12,1,BUSY
504,5,מ.ישראל,3,9,0,FREE
305,5,משפטים,3,10,0,FREE
305,5,משפטים,3,9,0,FREE
605,14,מ.ישראל,3,18,0,FREE
605,14,מ.ישראל,3,17,1,BUSY
505,105,מ.ישראל,3,9,1,BUSY
505,105,מ.ישראל,3,13,1,BUSY
502,24,מ.ישראל,3,18,0,FREE
502,24,מ.ישראל,3,13,1,FREE
505,5,מ.ישראל,3,14,1,BUSY
505,5,מ.ישראל,3,19,1,BUSY
404,68,יהדות,3,10,1,BUSY
404,68,יהדות,3,15,1,BUSY
305,134,משפטים,3,18,1,BUSY
305,134,משפטים,3,11,1,BUSY
105,103,סטודנטים,3,13,1,BUSY
105,103,סטודנטים,3,12,1,BUSY
105,104,סטודנטים,3,8,0,BUSY
105,104,סטודנטים,3,16,0,FREE
105,101,סטודנטים,3,13,1,BUSY
105,101,סטודנטים,3,12,1,BUSY
105,102,סטודנטים,3,14,1,BUSY
105,102,סטודנטים,3,15,1,BUSY
105,1,סטודנטים,3,18,0,FREE
105,1,סטודנטים,3,19,0,BUSY
304,3,משפטים,3,12,1,BUSY
304,3,משפטים,3,19,1,BUSY
305,6,משפטים,3,12,1,FREE
305,6,משפטים,3,9,0,FREE
105,61,סטודנטים,3,14,1,BUSY
105,61,סטודנטים,3,12,1,BUSY
105,2,סטודנטים,3,9,0,FREE
105,2,סטודנטים,3,15,1,BUSY
304,2,משפטים,3,19,0,FREE
304,2,משפטים,3,8,0,FREE
105,3,סטודנטים,3,8,0,FREE
105,3,סטודנטים,3,16,1,BUSY
605,101,מ.ישראל,3,10,1,BUSY
605,101,מ.ישראל,3,9,1,BUSY
605,102,מ.ישראל,3,9,0,FREE
605,102,מ.ישראל,3,16,1,BUSY
604,11,מ.ישראל,3,8,1,BUSY
604,11,מ.ישראל,3,17,1,BUSY
605,11,מ.ישראל,3,15,1,BUSY
605,11,מ.ישראל,3,14,1,BUSY
604,12,מ.ישראל,3,19,0,FREE
604,12,מ.ישראל,3,11,0,FREE
504,6,מ.ישראל,3,14,0,BUSY
504,6,מ.ישראל,3,19,0,FREE
605,202,מ.ישראל,3,12,0,FREE
605,202,מ.ישראל,3,8,0,FREE
604,14,מ.ישראל,3,14,1,BUSY
604,14,מ.ישראל,3,8,0,BUSY
507,101,מ.ישראל,3,18,1,BUSY
507,101,מ.ישראל,3,9,1,BUSY
507,103,מ.ישראל,3,9,1,BUSY
507,103,מ.ישראל,3,15,1,BUSY
504,7,מ.ישראל,3,13,0,FREE
504,7,מ.ישראל,3,10,1,BUSY
604,13,מ.ישראל,3,15,1,BUSY
604,13,מ.ישראל,3,19,0,FREE
505,1,מ.ישראל,3,17,1,BUSY
505,1,מ.ישראל,3,12,1,BUSY
504,3,מ.ישראל,3,18,0,FREE
504,3,מ.ישראל,3,13,1,BUSY
604,101,מ.ישראל,3,19,1,BUSY
604,101,מ.ישראל,3,13,1,BUSY
507,201,מ.ישראל,3,18,1,BUSY
507,201,מ.ישראל,3,19,1,BUSY
403,67,יהדות,3,19,1,BUSY
403,67,יהדות,3,15,1,BUSY
507,204,מ.ישראל,3,17,1,BUSY
507,204,מ.ישראל,3,18,1,BUSY
505,106,מ.ישראל,3,17,1,BUSY
505,106,מ.ישראל,3,12,1,BUSY
505,62,מ.ישראל,3,13,0,FREE
505,62,מ.ישראל,3,12,0,BUSY
505,104,מ.ישראל,3,8,1,BUSY
505,104,מ.ישראל,3,18,1,BUSY
605,13,מ.ישראל,3,11,1,BUSY
605,13,מ.ישראל,3,13,1,BUSY
501,25,מ.ישראל,3,19,0,FREE
501,25,מ.ישראל,3,10,1,BUSY
505,201,מ.ישראל,3,19,0,FREE
505,201,מ.ישראל,3,8,0,FREE
505,3,מ.ישראל,3,12,1,BUSY
505,3,מ.ישראל,3,11,1,BUSY
507,207,מ.ישראל,3,8,1,FREE
507,207,מ.ישראל,3,12,1,BUSY
604,61,מ.ישראל,3,17,1,BUSY
604,61,מ.ישראל,3,14,1,BUSY
507,2,מ.ישראל,3,10,1,BUSY
507,2,מ.ישראל,3,15,1,BUSY
505,101,מ.ישראל,3,8,0,FREE
505,101,מ.ישראל,3,19,0,BUSY
905,417,חברה,3,18,1,BUSY
905,417,חברה,3,9,0,FREE
504,1,מ.ישראל,3,17,1,FREE
504,1,מ.ישראל,3,11,1,BUSY
605,201,מ.ישראל,3,12,0,FREE
605,201,מ.ישראל,3,16,1,BUSY
604,104,מ.ישראל,3,16,1,BUSY
604,104,מ.ישראל,3,15,1,BUSY
213,4,טבע,3,14,1,FREE
213,4,טבע,3,10,1,BUSY
105,4,סטודנטים,3,15,1,BUSY
105,4,סטודנטים,3,17,1,BUSY
102,2,סטודנטים,3,8,0,FREE
102,2,סטודנטים,3,16,0,FREE
105,5,סטודנטים,3,15,1,BUSY
105,5,סטודנטים,3,9,0,FREE
105,105,סטודנטים,3,12,0,BUSY
105,105,סטודנטים,3,16,1,BUSY
207,1,טבע,3,15,0,FREE
207,1,טבע,3,10,0,FREE
105,106,סטודנטים,3,18,1,BUSY
105,106,סטודנטים,3,14,0,BUSY
404,115,יהדות,3,16,1,BUSY
404,115,יהדות,3,12,1,BUSY
403,101,יהדות,3,13,1,BUSY
403,101,יהדות,3,11,1,BUSY
404,102,יהדות,3,16,1,BUSY
404,102,יהדות,3,18,1,BUSY
105,6,סטודנטים,3,15,1,BUSY
105,6,סטודנטים,3,13,0,FREE
102,4,סטודנטים,3,15,1,BUSY
102,4,סטודנטים,3,9,0,FREE
404,114,יהדות,3,15,1,BUSY
404,114,יהדות,3,17,1,BUSY
306,111,משפטים,3,16,0,FREE
306,111,משפטים,3,17,1,BUSY
505,2,מ.ישראל,3,17,1,BUSY
505,2,מ.ישראל,3,12,1,BUSY
604,2,מ.ישראל,3,17,0,FREE
604,2,מ.ישראל,3,8,0,BUSY
605,61,מ.ישראל,3,19,1,BUSY
605,61,מ.ישראל,3,13,1,BUSY
410,125,יהדות,3,13,1,BUSY
410,125,יהדות,3,12,1,BUSY
410,46,יהדות,3,9,1,BUSY
410,46,יהדות,3,10,1,BUSY
403,66,יהדות,3,18,1,BUSY
403,66,יהדות,3,15,1,BUSY
502,26,מ.ישראל,3,15,1,BUSY
502,26,מ.ישראל,3,8,0,FREE
502,25,מ.ישראל,3,16,0,FREE
502,25,מ.ישראל,3,11,1,BUSY
403,218,יהדות,3,19,0,FREE
403,218,יהדות,3,9,0,FREE
403,113,יהדות,3,16,1,FREE
403,113,יהדות,3,8,1,BUSY
410,142,יהדות,3,17,1,BUSY
410,142,יהדות,3,18,0,FREE
505,61,מ.ישראל,3,10,0,FREE
505,61,מ.ישראל,3,15,0,FREE
505,11,מ.ישראל,3,19,0,FREE
505,11,מ.ישראל,3,11,1,BUSY
605,105,מ.ישראל,3,14,0,FREE
605,105,מ.ישראל,3,12,0,FREE
604,1,מ.ישראל,3,8,0,FREE
604,1,מ.ישראל,3,17,0,BUSY
507,14,מ.ישראל,3,12,0,FREE
507,14,מ.ישראל,3,19,0,FREE
605,4,מ.ישראל,3,9,0,BUSY
605,4,מ.ישראל,3,10,0,FREE
502,62,מ.ישראל,3,15,0,FREE
502,62,מ.ישראל,3,18,0,FREE
605,7,מ.ישראל,3,13,1,BUSY
605,7,מ.ישראל,3,15,0,FREE
507,206,מ.ישראל,3,11,1,FREE
507,206,מ.ישראל,3,12,1,BUSY
504,206,מ.ישראל,3,19,1,BUSY
504,206,מ.ישראל,3,17,1,BUSY
508,103,מ.ישראל,3,8,0,BUSY
508,103,מ.ישראל,3,17,0,FREE
507,106,מ.ישראל,3,8,1,FREE
507,106,מ.ישראל,3,19,1,BUSY
605,106,מ.ישראל,3,10,1,BUSY
605,106,מ.ישראל,3,13,0,BUSY
507,108,מ.ישראל,3,16,0,BUSY
507,108,מ.ישראל,3,15,0,BUSY
505,108,מ.ישראל,3,12,0,FREE
505,108,מ.ישראל,3,10,0,FREE
505,102,מ.ישראל,3,12,1,BUSY
505,102,מ.ישראל,3,8,1,FREE
507,6,מ.ישראל,3,16,1,BUSY
507,6,מ.ישראל,3,13,1,BUSY
507,208,מ.ישראל,3,14,0,BUSY
507,208,מ.ישראל,3,15,1,BUSY
507,205,מ.ישראל,3,15,1,FREE
507,205,מ.ישראל,3,14,1,BUSY
507,3,מ.ישראל,3,14,1,BUSY
507,3,מ.ישראל,3,17,1,BUSY
505,103,מ.ישראל,3,11,1,FREE
505,103,מ.ישראל,3,19,0,FREE
507,209,מ.ישראל,3,11,1,BUSY
507,209,מ.ישראל,3,15,1,BUSY
507,202,מ.ישראל,3,12,1,FREE
507,202,מ.ישראל,3,11,1,BUSY
605,103,מ.ישראל,3,13,0,FREE
605,103,מ.ישראל,3,8,1,FREE
403,2,יהדות,3,9,0,FREE
403,2,יהדות,3,8,0,FREE
507,104,מ.ישראל,3,17,1,BUSY
507,104,מ.ישראל,3,19,1,BUSY
507,5,מ.ישראל,3,15,1,BUSY
507,5,מ.ישראל,3,18,0,FREE
507,203,מ.ישראל,3,16,1,FREE
507,203,מ.ישראל,3,13,1,BUSY
305,132,משפטים,3,17,1,BUSY
305,132,משפטים,3,19,0,FREE
902,101,חברה,3,19,1,BUSY
902,101,חברה,3,10,1,FREE
902,104,חברה,3,9,1,FREE
902,104,חברה,3,10,1,BUSY
1005,112,רוח,3,11,0,FREE
1005,112,רוח,3,15,0,BUSY
605,65,מ.ישראל,3,9,0,BUSY
605,65,מ.ישראל,3,18,0,BUSY
905,116,חברה,3,8,0,FREE
905,116,חברה,3,15,1,BUSY
203,226,טבע,3,15,1,BUSY
203,226,טבע,3,10,0,FREE
902,202,חברה,3,12,1,BUSY
902,202,חברה,3,15,1,BUSY
902,102,חברה,3,18,1,BUSY
902,102,חברה,3,17,1,BUSY
1002,201,רוח,3,15,1,BUSY
1002,201,רוח,3,11,1,BUSY
605,12,מ.ישראל,3,11,1,BUSY
605,12,מ.ישראל,3,12,1,BUSY
502,30,מ.ישראל,3,12,0,FREE
502,30,מ.ישראל,3,16,1,BUSY
504,63,מ.ישראל,3,14,0,FREE
504,63,מ.ישראל,3,19,0,FREE
507,13,מ.ישראל,3,16,0,FREE
507,13,מ.ישראל,3,17,0,BUSY
507,105,מ.ישראל,3,19,0,BUSY
507,105,מ.ישראל,3,16,1,BUSY
604,103,מ.ישראל,3,8,0,FREE
604,103,מ.ישראל,3,9,0,FREE
410,26,יהדות,3,8,0,FREE
410,26,יהדות,3,11,0,FREE
410,6,יהדות,3,13,1,BUSY
410,6,יהדות,3,16,1,BUSY
404,66,יהדות,3,11,0,FREE
404,66,יהדות,3,17,0,FREE
605,64,מ.ישראל,3,18,1,BUSY
605,64,מ.ישראל,3,13,1,FREE
505,64,מ.ישראל,3,17,1,BUSY
505,64,מ.ישראל,3,15,0,FREE
403,115,יהדות,3,9,0,FREE
403,115,יהדות,3,13,0,FREE
404,67,יהדות,3,10,0,FREE
404,67,יהדות,3,14,0,BUSY
1005,111,רוח,3,8,1,BUSY
1005,111,רוח,3,19,1,FREE
1004,305,רוח,3,13,0,FREE
1004,305,רוח,3,16,1,BUSY
404,101,יהדות,3,10,1,BUSY
404,101,יהדות,3,18,1,BUSY
1002,305,רוח,3,17,1,BUSY
1002,305,רוח,3,15,1,BUSY
504,208,מ.ישראל,3,18,0,FREE
504,208,מ.ישראל,3,16,0,FREE
211,112,טבע,3,14,1,BUSY
211,112,טבע,3,18,1,BUSY
305,63,משפטים,3,14,0,FREE
305,63,משפטים,3,18,0,FREE
306,112,משפטים,3,15,1,BUSY
306,112,משפטים,3,8,0,FREE
211,106,טבע,3,19,0,FREE
211,106,טבע,3,12,0,BUSY
207,201,טבע,3,19,0,FREE
207,201,טבע,3,18,0,BUSY
305,101,משפטים,3,16,0,FREE
305,101,משפטים,3,15,0,FREE
403,61,יהדות,3,17,0,FREE
403,61,יהדות,3,18,0,BUSY
202,202,טבע,3,15,0,FREE
202,202,טבע,3,14,0,BUSY
203,106,טבע,3,13,0,BUSY
203,106,טבע,3,14,0,FREE
203,112,טבע,3,13,0,FREE
203,112,טבע,3,9,0,FREE
105,112,סטודנטים,3,14,0,FREE
105,112,סטודנטים,3,9,0,FREE
207,6,טבע,3,14,1,BUSY
207,6,טבע,3,18,0,BUSY
207,4,טבע,3,14,1,BUSY
207,4,טבע,3,13,1,FREE
207,101,טבע,3,18,0,FREE
207,101,טבע,3,15,1,BUSY
604,6,מ.ישראל,3,16,0,FREE
604,6,מ.ישראל,3,9,0,FREE
211,22,nan,3,16,0,FREE
211,22,nan,3,13,1,BUSY
211,4,טבע,3,11,0,BUSY
211,4,טבע,3,10,0,BUSY
507,7,מ.ישראל,3,14,0,FREE
507,7,מ.ישראל,3,8,1,BUSY
1401,3,nan,3,15,0,FREE
1401,3,nan,3,8,0,BUSY
905,63,חברה,3,15,1,BUSY
905,63,חברה,3,10,1,BUSY
901,61,חברה,3,11,1,BUSY
901,61,חברה,3,9,0,FREE
403,69,מינץ,3,8,0,BUSY
403,69,מינץ,3,13,1,BUSY
1401,63,nan,3,11,0,BUSY
1401,63,nan,3,17,0,FREE
1401,1,nan,3,16,0,FREE
1401,1,nan,3,10,0,FREE
507,1,מ.ישראל,3,13,0,FREE
507,1,מ.ישראל,3,12,1,BUSY
905,62,חברה,3,11,1,BUSY
905,62,חברה,3,18,0,FREE
504,10,מ.ישראל,3,18,1,BUSY
504,10,מ.ישראל,3,15,1,BUSY
505,202,מ.ישראל,3,17,1,BUSY
505,202,מ.ישראל,3,13,0,BUSY
1002,102,רוח,3,19,0,FREE
1002,102,רוח,3,16,1,BUSY
410,226,יהדות,3,8,0,FREE
410,226,יהדות,3,10,1,BUSY
410,225,יהדות,3,9,1,BUSY
410,225,יהדות,3,17,1,BUSY
1004,407,רוח,3,14,0,FREE
1004,407,רוח,3,19,1,BUSY
1004,402,רוח,3,13,1,BUSY
1004,402,רוח,3,18,1,BUSY
505,65,מ.ישראל,3,13,1,BUSY
505,65,מ.ישראל,3,10,0,BUSY
505,204,מ.ישראל,3,14,1,BUSY
505,204,מ.ישראל,3,17,1,BUSY
304,1,משפטים,3,13,1,BUSY
304,1,משפטים,3,12,1,BUSY
605,63,מ.ישראל,3,15,1,BUSY
605,63,מ.ישראל,3,9,1,BUSY
305,10,משפטים,3,19,0,FREE
305,10,משפטים,3,17,0,FREE
304,61,משפטים,3,18,0,FREE
304,61,משפטים,3,17,0,FREE
604,202,מ.ישראל,3,9,0,FREE
604,202,מ.ישראל,3,14,0,FREE
211,25,nan,3,13,1,BUSY
211,25,nan,3,10,1,BUSY
304,25,משפטים,3,19,0,FREE
304,25,משפטים,3,14,0,BUSY
1105,53,הנדסה,3,8,0,FREE
1105,53,הנדסה,3,14,1,BUSY
1401,53,nan,3,11,0,FREE
1401,53,nan,3,10,0,FREE
305,2,משפטים,3,15,0,FREE
305,2,משפטים,3,17,0,FREE
305,4,משפטים,3,9,1,BUSY
305,4,משפטים,3,17,1,BUSY
502,23,מ.ישראל,3,19,0,FREE
502,23,מ.ישראל,3,14,1,BUSY
503,1,מ.ישראל,3,15,0,FREE
503,1,מ.ישראל,3,14,0,FREE
404,113,יהדות,3,9,1,BUSY
404,113,יהדות,3,16,1,FREE
404,201,יהדות,3,16,1,BUSY
404,201,יהדות,3,19,0,FREE
505,203,מ.ישראל,3,10,0,FREE
505,203,מ.ישראל,3,19,0,FREE
1005,19,רוח,3,19,0,FREE
1005,19,רוח,3,14,0,BUSY
1005,108,רוח,3,12,0,FREE
1005,108,רוח,3,16,0,FREE
1005,201,רוח,3,12,1,FREE
1005,201,רוח,3,17,1,BUSY
1005,209,רוח,3,12,0,FREE
1005,209,רוח,3,18,1,BUSY
1005,207,רוח,3,12,1,BUSY
1005,207,רוח,3,18,0,FREE
1005,203,רוח,3,11,0,FREE
1005,203,רוח,3,9,0,FREE
604,201,מ.ישראל,3,8,0,FREE
604,201,מ.ישראל,3,17,0,BUSY
305,105,משפטים,3,16,0,FREE
305,105,משפטים,3,13,0,FREE
507,37,מ.ישראל,3,11,0,FREE
507,37,מ.ישראל,3,16,1,BUSY
1104,42,הנדסה,3,10,1,BUSY
1104,42,הנדסה,3,12,1,BUSY
1105,42,הנדסה,3,14,0,BUSY
1105,42,הנדסה,3,10,0,FREE
1103,22,הנדסה,3,15,1,FREE
1103,22,הנדסה,3,17,1,BUSY
902,9,חברה,3,13,1,BUSY
902,9,חברה,3,19,0,FREE
304,9,משפטים,3,10,0,FREE
304,9,משפטים,3,9,0,FREE
1105,271,הנדסה,3,8,0,BUSY
1105,271,הנדסה,3,18,1,BUSY
1104,271,הנדסה,3,16,1,BUSY
1104,271,הנדסה,3,14,0,BUSY
507,61,מ.ישראל,3,18,0,FREE
507,61,מ.ישראל,3,16,1,FREE
213,304,טבע,3,8,1,BUSY
213,304,טבע,3,17,1,FREE
213,320,טבע,3,10,0,FREE
213,320,טבע,3,14,0,FREE
1004,203,רוח,3,13,1,BUSY
1004,203,רוח,3,16,1,BUSY
1004,212,רוח,3,8,0,FREE
1004,212,רוח,3,17,1,BUSY
410,328,יהדות,3,13,0,FREE
410,328,יהדות,3,18,0,FREE
410,332,יהדות,3,16,0,FREE
410,332,יהדות,3,17,0,FREE
604,204,מ.ישראל,3,15,0,BUSY
604,204,מ.ישראל,3,19,0,BUSY
1002,203,רוח,3,9,0,FREE
1002,203,רוח,3,8,0,BUSY
202,301,טבע,3,14,1,FREE
202,301,טבע,3,13,1,BUSY
203,4,טבע,3,12,0,BUSY
203,4,טבע,3,8,0,FREE
202,221,טבע,3,17,0,FREE
202,221,טבע,3,12,0,FREE
202,205,טבע,3,16,0,FREE
202,205,טבע,3,11,1,FREE
202,304,טבע,3,17,0,BUSY
202,304,טבע,3,15,0,FREE
202,505,טבע,3,11,1,BUSY
202,505,טבע,3,18,0,FREE
202,203,טבע,3,18,0,BUSY
202,203,טבע,3,10,0,FREE
202,303,טבע,3,15,1,BUSY
202,303,טבע,3,18,0,FREE
202,201,טבע,3,18,0,BUSY
202,201,טבע,3,17,0,BUSY
202,204,טבע,3,8,0,BUSY
202,204,טבע,3,19,0,FREE
505,505,מ.ישראל,3,15,0,FREE
505,505,מ.ישראל,3,16,0,FREE
902,301,חברה,3,13,1,BUSY
902,301,חברה,3,11,0,FREE
902,12,חברה,3,13,1,BUSY
902,12,חברה,3,9,1,BUSY
902,107,חברה,3,14,0,FREE
902,107,חברה,3,17,0,FREE
905,217,חברה,3,9,1,FREE
905,217,חברה,3,17,0,FREE
902,217,חברה,3,11,0,FREE
902,217,חברה,3,17,0,FREE
902,110,חברה,3,11,0,BUSY
902,110,חברה,3,16,0,FREE
902,109,חברה,3,12,0,FREE
902,109,חברה,3,11,0,FREE
507,23,מ.ישראל,3,11,1,BUSY
507,23,מ.ישראל,3,13,1,FREE
1004,406,רוח,3,15,0,FREE
1004,406,רוח,3,12,0,BUSY
1105,368,הנדסה,3,18,1,BUSY
1105,368,הנדסה,3,9,0,BUSY
1102,2,הנדסה,3,11,1,BUSY
1102,2,הנדסה,3,10,0,BUSY
1104,244,הנדסה,3,10,1,BUSY
1104,244,הנדסה,3,8,1,BUSY
1104,249,הנדסה,3,16,1,BUSY
1104,249,הנדסה,3,17,1,BUSY
1104,243,הנדסה,3,15,1,BUSY
1104,243,הנדסה,3,13,1,FREE
1103,42,הנדסה,3,19,0,FREE
1103,42,הנדסה,3,18,0,BUSY
1401,4,nan,3,9,0,FREE
1401,4,nan,3,12,0,FREE
1105,3,הנדסה,3,12,0,BUSY
1105,3,הנדסה,3,17,0,BUSY
1102,4,הנדסה,3,17,0,BUSY
1102,4,הנדסה,3,14,1,BUSY
A1300,2,מעונות,3,8,0,FREE
A1300,2,מעונות,3,16,1,BUSY
A1300,1,מעונות,3,15,1,BUSY
A1300,1,מעונות,3,14,1,FREE
901,4,חברה,3,10,0,BUSY
901,4,חברה,3,19,0,BUSY
1103,223,הנדסה,3,14,1,FREE
1103,223,הנדסה,3,13,0,BUSY
1102,205,הנדסה,3,8,0,BUSY
1102,205,הנדסה,3,15,0,FREE
1105,366,הנדסה,3,13,1,BUSY
1105,366,הנדסה,3,12,1,BUSY
1104,344,הנדסה,3,9,0,FREE
1104,344,הנדסה,3,14,1,BUSY
1104,347,הנדסה,3,18,0,FREE
1104,347,הנדסה,3,10,0,BUSY
1103,224,הנדסה,3,15,0,FREE
1103,224,הנדסה,3,13,0,FREE
1002,112,רוח,3,8,0,FREE
1002,112,רוח,3,19,0,FREE
905,119,חברה,3,19,0,FREE
905,119,חברה,3,12,1,BUSY
905,118,חברה,3,11,0,FREE
905,118,חברה,3,10,0,FREE
905,319,חברה,3,9,0,FREE
905,319,חברה,3,13,0,FREE
905,418,חברה,3,16,0,FREE
905,418,חברה,3,10,0,FREE
905,416,חברה,3,12,0,FREE
905,416,חברה,3,16,0,FREE
905,211,חברה,3,17,0,BUSY
905,211,חברה,3,9,0,FREE
905,321,חברה,3,10,0,BUSY
905,321,חברה,3,17,0,FREE
905,311,חברה,3,12,0,FREE
905,311,חברה,3,11,0,FREE
905,2,חברה,3,14,0,FREE
905,2,חברה,3,19,0,BUSY
905,317,חברה,3,8,0,FREE
905,317,חברה,3,12,0,BUSY
502,63,מ.ישראל,3,19,0,BUSY
502,63,מ.ישראל,3,14,0,FREE
212,214,טבע,3,19,0,FREE
212,214,טבע,3,8,0,FREE
211,21,nan,3,8,1,BUSY
211,21,nan,3,14,1,FREE
211,17,nan,3,8,1,BUSY
211,17,nan,3,17,0,FREE
505,7,מ.ישראל,3,19,0,FREE
505,7,מ.ישראל,3,12,0,BUSY
212,212,nan,3,14,0,BUSY
212,212,nan,3,17,0,FREE
212,1,טבע,3,18,0,BUSY
212,1,טבע,3,14,0,FREE
304,4,משפטים,3,14,0,FREE
304,4,משפטים,3,13,0,FREE
403,3,יהדות,3,9,0,FREE
403,3,יהדות,3,10,0,FREE
905,25,חברה,3,13,0,FREE
905,25,חברה,3,11,0,FREE
212,310,טבע,3,13,1,BUSY
212,310,טבע,3,10,1,BUSY
212,1,nan,3,16,0,FREE
212,1,nan,3,19,0,FREE
212,3,טבע,3,9,0,FREE
212,3,טבע,3,12,0,BUSY
212,21,nan,3,10,0,BUSY
212,21,nan,3,17,0,FREE
203,212,טבע,3,10,0,BUSY
203,212,טבע,3,13,0,FREE
304,69,משפטים,3,10,0,FREE
304,69,משפטים,3,19,0,FREE
305,11,משפטים,3,10,1,BUSY
305,11,משפטים,3,19,0,FREE
901,11,חברה,3,17,0,BUSY
901,11,חברה,3,11,0,FREE
211,3,nan,3,9,0,FREE
211,3,nan,3,13,0,FREE
213,61,טבע,3,11,0,FREE
213,61,טבע,3,9,0,BUSY
211,9,nan,3,9,0,FREE
211,9,nan,3,14,0,FREE
902,1,חברה,3,16,0,FREE
902,1,חברה,3,19,0,FREE
304,7,משפטים,3,13,0,FREE
304,7,משפטים,3,11,0,FREE
403,1,מינץ,3,17,0,FREE
403,1,מינץ,3,8,0,FREE
211,7,nan,3,19,0,FREE
211,7,nan,3,15,1,BUSY
501,11,מ.ישראל,3,16,0,FREE
501,11,מ.ישראל,3,19,0,FREE
507,11,מ.ישראל,3,14,0,BUSY
507,11,מ.ישראל,3,15,0,FREE
1401,7,nan,3,12,0,BUSY
1401,7,nan,3,19,0,FREE
211,63,nan,3,18,0,FREE
211,63,nan,3,11,0,FREE
105,134,סטודנטים,3,19,0,FREE
105,134,סטודנטים,3,17,0,FREE
305,3,משפטים,3,12,0,BUSY
305,3,משפטים,3,17,0,BUSY
404,133,יהדות,3,8,0,FREE
404,133,יהדות,3,16,0,FREE
306,1,משפטים,3,15,0,FREE
306,1,משפטים,3,10,0,FREE
304,132,משפטים,3,11,0,BUSY
304,132,משפטים,3,17,0,FREE
105,132,סטודנטים,3,9,0,FREE
105,132,סטודנטים,3,15,0,FREE
404,134,יהדות,3,17,0,FREE
404,134,יהדות,3,8,0,FREE
404,65,יהדות,3,11,0,FREE
404,65,יהדות,3,13,0,FREE
102,133,סטודנטים,3,15,1,BUSY
102,133,סטודנטים,3,14,1,BUSY
305,104,משפטים,3,18,0,FREE
305,104,משפטים,3,15,0,FREE
507,10,מ.ישראל,3,9,0,BUSY
507,10,מ.ישראל,3,11,0,FREE
507,62,מ.ישראל,3,19,0,FREE
507,62,מ.ישראל,3,16,0,BUSY
604,309,מ.ישראל,3,18,1,BUSY
604,309,מ.ישראל,3,17,1,BUSY
901,101,חברה,3,13,1,BUSY
901,101,חברה,3,16,1,BUSY
901,102,חברה,3,14,1,BUSY
901,102,חברה,3,13,0,BUSY
301,202,פלדמן,3,9,0,FREE
301,202,פלדמן,3,19,0,BUSY
905,104,חברה,3,8,0,FREE
905,104,חברה,3,17,0,FREE
507,107,מ.ישראל,4,9,0,FREE
507,107,מ.ישראל,4,8,0,FREE
905,61,חברה,4,17,1,BUSY
905,61,חברה,4,11,1,FREE
1401,2,nan,4,8,0,BUSY
1401,2,nan,4,10,0,FREE
402,63,יהדות,4,12,0,FREE
402,63,יהדות,4,11,0,FREE
203,221,טבע,4,18,1,BUSY
203,221,טבע,4,8,0,BUSY
1002,1,רוח,4,8,0,FREE
1002,1,רוח,4,17,0,FREE
604,63,מ.ישראל,4,13,1,BUSY
604,63,מ.ישראל,4,15,1,BUSY
604,64,מ.ישראל,4,9,1,BUSY
604,64,מ.ישראל,4,19,0,FREE
604,105,מ.ישראל,4,11,1,BUSY
604,105,מ.ישראל,4,12,1,BUSY
403,211,יהדות,4,15,1,BUSY
403,211,יהדות,4,16,1,BUSY
604,102,מ.ישראל,4,14,1,BUSY
604,102,מ.ישראל,4,16,1,FREE
403,217,יהדות,4,17,0,FREE
403,217,יהדות,4,13,0,FREE
305,133,משפטים,4,8,0,BUSY
305,133,משפטים,4,13,1,BUSY
504,2,מ.ישראל,4,15,0,FREE
504,2,מ.ישראל,4,19,0,BUSY
507,102,מ.ישראל,4,13,1,BUSY
507,102,מ.ישראל,4,16,1,BUSY
604,62,מ.ישראל,4,12,0,FREE
604,62,מ.ישראל,4,15,0,FREE
1002,405,רוח,4,8,0,FREE
1002,405,רוח,4,13,0,BUSY
902,210,חברה,4,8,1,BUSY
902,210,חברה,4,19,0,FREE
508,7,מ.ישראל,4,15,1,BUSY
508,7,מ.ישראל,4,14,1,BUSY
502,8,מ.ישראל,4,15,0,BUSY
502,8,מ.ישראל,4,19,0,FREE
605,104,מ.ישראל,4,8,1,BUSY
605,104,מ.ישראל,4,19,1,BUSY
1002,61,רוח,4,19,0,FREE
1002,61,רוח,4,16,0,FREE
507,4,מ.ישראל,4,13,1,BUSY
507,4,מ.ישראל,4,14,1,BUSY
504,4,מ.ישראל,4,11,0,FREE
504,4,מ.ישראל,4,12,1,BUSY
1002,202,רוח,4,13,1,BUSY
1002,202,רוח,4,16,1,BUSY
502,6,מ.ישראל,4,14,0,FREE
502,6,מ.ישראל,4,16,0,FREE
502,7,מ.ישראל,4,17,0,FREE
502,7,מ.ישראל,4,9,0,FREE
505,4,מ.ישראל,4,12,0,FREE
505,4,מ.ישראל,4,18,1,BUSY
502,9,מ.ישראל,4,19,0,FREE
502,9,מ.ישראל,4,8,0,FREE
1005,109,רוח,4,19,0,FREE
1005,109,רוח,4,12,0,BUSY
902,103,חברה,4,18,0,FREE
902,103,חברה,4,8,0,FREE
502,37,מ.ישראל,4,12,0,FREE
502,37,מ.ישראל,4,10,0,FREE
902,201,חברה,4,16,1,BUSY
902,201,חברה,4,14,1,BUSY
604,205,מ.ישראל,4,13,1,BUSY
604,205,מ.ישראל,4,10,1,BUSY
505,63,מ.ישראל,4,10,1,BUSY
505,63,מ.ישראל,4,9,1,BUSY
504,5,מ.ישראל,4,17,1,BUSY
504,5,מ.ישראל,4,19,1,FREE
305,5,משפטים,4,19,0,FREE
305,5,משפטים,4,16,0,FREE
605,14,מ.ישראל,4,17,0,FREE
605,14,מ.ישראל,4,10,1,BUSY
505,105,מ.ישראל,4,19,0,FREE
505,105,מ.ישראל,4,10,0,FREE
502,24,מ.ישראל,4,14,0,BUSY
502,24,מ.ישראל,4,9,0,FREE
505,5,מ.ישראל,4,17,1,BUSY
505,5,מ.ישראל,4,11,1,BUSY
404,68,יהדות,4,18,1,FREE
404,68,יהדות,4,19,1,BUSY
305,134,משפטים,4,15,1,BUSY
305,134,משפטים,4,13,0,FREE
105,103,סטודנטים,4,12,1,BUSY
105,103,סטודנטים,4,19,0,FREE
105,104,סטודנטים,4,17,0,FREE
105,104,סטודנטים,4,13,0,BUSY
105,101,סטודנטים,4,15,1,BUSY
105,101,סטודנטים,4,12,1,BUSY
105,102,סטודנטים,4,12,1,FREE
105,102,סטודנטים,4,8,0,FREE
105,1,סטודנטים,4,8,0,BUSY
105,1,סטודנטים,4,9,1,FREE
304,3,משפטים,4,10,1,BUSY
304,3,משפטים,4,12,1,BUSY
305,6,משפטים,4,8,0,FREE
305,6,משפטים,4,19,0,FREE
105,61,סטודנטים,4,18,1,FREE
105,61,סטודנטים,4,9,0,FREE
105,2,סטודנטים,4,12,1,BUSY
105,2,סטודנטים,4,18,0,FREE
304,2,משפטים,4,10,0,FREE
304,2,משפטים,4,8,0,BUSY
105,3,סטודנטים,4,16,0,BUSY
105,3,סטודנטים,4,14,1,BUSY
605,101,מ.ישראל,4,14,1,FREE
605,101,מ.ישראל,4,18,0,FREE
605,102,מ.ישראל,4,17,0,FREE
605,102,מ.ישראל,4,11,1,BUSY
604,11,מ.ישראל,4,12,0,FREE
604,11,מ.ישראל,4,14,0,BUSY
605,11,מ.ישראל,4,10,0,FREE
605,11,מ.ישראל,4,13,1,FREE
604,12,מ.ישראל,4,8,0,FREE
604,12,מ.ישראל,4,9,0,FREE
504,6,מ.ישראל,4,17,0,FREE
504,6,מ.ישראל,4,9,0,FREE
605,202,מ.ישראל,4,15,0,BUSY
605,202,מ.ישראל,4,10,0,FREE
604,14,מ.ישראל,4,18,1,FREE
604,14,מ.ישראל,4,15,1,BUSY
507,101,מ.ישראל,4,19,1,BUSY
507,101,מ.ישראל,4,13,0,BUSY
507,103,מ.ישראל,4,17,1,BUSY
507,103,מ.ישראל,4,8,1,BUSY
504,7,מ.ישראל,4,14,0,FREE
504,7,מ.ישראל,4,13,0,FREE
604,13,מ.ישראל,4,10,1,BUSY
604,13,מ.ישראל,4,16,1,FREE
505,1,מ.ישראל,4,13,0,BUSY
505,1,מ.ישראל,4,18,0,FREE
504,3,מ.ישראל,4,11,0,FREE
504,3,מ.ישראל,4,10,0,FREE
604,101,מ.ישראל,4,19,1,BUSY
604,101,מ.ישראל,4,18,1,FREE
507,201,מ.ישראל,4,14,0,FREE
507,201,מ.ישראל,4,15,0,FREE
403,67,יהדות,4,10,0,FREE
403,67,יהדות,4,15,1,FREE
507,204,מ.ישראל,4,13,0,FREE
507,204,מ.ישראל,4,14,0,BUSY
505,106,מ.ישראל,4,10,1,FREE
505,106,מ.ישראל,4,13,1,BUSY
505,62,מ.ישראל,4,17,1,BUSY
505,62,מ.ישראל,4,19,0,FREE
505,104,מ.ישראל,4,19,1,BUSY
505,104,מ.ישראל,4,17,1,FREE
605,13,מ.ישראל,4,16,0,FREE
605,13,מ.ישראל,4,8,1,BUSY
501,25,מ.ישראל,4,18,0,FREE
501,25,מ.ישראל,4,13,1,BUSY
505,201,מ.ישראל,4,19,0,FREE
505,201,מ.ישראל,4,14,0,FREE
505,3,מ.ישראל,4,8,0,FREE
505,3,מ.ישראל,4,10,1,BUSY
507,207,מ.ישראל,4,17,1,BUSY
507,207,מ.ישראל,4,9,1,FREE
604,61,מ.ישראל,4,19,0,FREE
604,61,מ.ישראל,4,15,0,FREE
507,2,מ.ישראל,4,9,1,BUSY
507,2,מ.ישראל,4,13,1,BUSY
505,101,מ.ישראל,4,17,1,BUSY
505,101,מ.ישראל,4,18,1,FREE
905,417,חברה,4,16,1,BUSY
905,417,חברה,4,18,1,BUSY
504,1,מ.ישראל,4,17,0,FREE
504,1,מ.ישראל,4,9,0,FREE
605,201,מ.ישראל,4,19,0,FREE
605,201,מ.ישראל,4,13,0,FREE
604,104,מ.ישראל,4,8,1,BUSY
604,104,מ.ישראל,4,19,0,FREE
213,4,טבע,4,16,0,FREE
213,4,טבע,4,18,0,FREE
105,4,סטודנטים,4,17,1,BUSY
105,4,סטודנטים,4,15,0,BUSY
102,2,סטודנטים,4,16,1,BUSY
102,2,סטודנטים,4,17,1,BUSY
105,5,סטודנטים,4,13,0,BUSY
105,5,סטודנטים,4,15,1,BUSY
105,105,סטודנטים,4,13,0,BUSY
105,105,סטודנטים,4,11,0,BUSY
207,1,טבע,4,12,1,FREE
207,1,טבע,4,16,1,FREE
105,106,סטודנטים,4,15,1,FREE
105,106,סטודנטים,4,16,1,BUSY
404,115,יהדות,4,10,1,BUSY
404,115,יהדות,4,12,1,BUSY
403,101,יהדות,4,19,0,FREE
403,101,יהדות,4,17,0,FREE
404,102,יהדות,4,13,1,BUSY
404,102,יהדות,4,17,1,FREE
105,6,סטודנטים,4,13,1,BUSY
105,6,סטודנטים,4,14,0,BUSY
102,4,סטודנטים,4,8,0,FREE
102,4,סטודנטים,4,13,0,BUSY
404,114,יהדות,4,19,0,FREE
404,114,יהדות,4,16,1,BUSY
306,111,משפטים,4,17,1,FREE
306,111,משפטים,4,8,0,BUSY
505,2,מ.ישראל,4,11,0,FREE
505,2,מ.ישראל,4,13,1,BUSY
604,2,מ.ישראל,4,18,0,FREE
604,2,מ.ישראל,4,17,0,FREE
605,61,מ.ישראל,4,8,0,BUSY
605,61,מ.ישראל,4,14,0,FREE
410,125,יהדות,4,15,1,BUSY
410,125,יהדות,4,10,1,BUSY
410,46,יהדות,4,14,1,FREE
410,46,יהדות,4,12,1,BUSY
403,66,יהדות,4,16,1,BUSY
403,66,יהדות,4,18,0,FREE
502,26,מ.ישראל,4,10,1,BUSY
502,26,מ.ישראל,4,15,0,BUSY
502,25,מ.ישראל,4,19,0,BUSY
502,25,מ.ישראל,4,12,1,BUSY
403,218,יהדות,4,18,0,FREE
403,218,יהדות,4,10,1,BUSY
403,113,יהדות,4,8,0,FREE
403,113,יהדות,4,11,0,FREE
410,142,יהדות,4,11,1,BUSY
410,142,יהדות,4,19,0,FREE
505,61,מ.ישראל,4,17,1,FREE
505,61,מ.ישראל,4,11,1,FREE
505,11,מ.ישראל,4,11,0,BUSY
505,11,מ.ישראל,4,14,0,BUSY
605,105,מ.ישראל,4,19,1,BUSY
605,105,מ.ישראל,4,13,0,BUSY
604,1,מ.ישראל,4,17,1,FREE
604,1,מ.ישראל,4,12,0,FREE
507,14,מ.ישראל,4,19,0,FREE
507,14,מ.ישראל,4,15,1,FREE
605,4,מ.ישראל,4,9,1,BUSY
605,4,מ.ישראל,4,13,0,FREE
502,62,מ.ישראל,4,19,0,FREE
502,62,מ.ישראל,4,13,0,BUSY
605,7,מ.ישראל,4,8,0,FREE
605,7,מ.ישראל,4,18,0,FREE
507,206,מ.ישראל,4,18,1,BUSY
507,206,מ.ישראל,4,16,1,FREE
504,206,מ.ישראל,4,17,0,FREE
504,206,מ.ישראל,4,13,0,FREE
508,103,מ.ישראל,4,19,0,FREE
508,103,מ.ישראל,4,11,0,BUSY
507,106,מ.ישראל,4,9,1,BUSY
507,106,מ.ישראל,4,14,1,BUSY
605,106,מ.ישראל,4,12,0,BUSY
605,106,מ.ישראל,4,8,0,FREE
507,108,מ.ישראל,4,17,1,BUSY
507,108,מ.ישראל,4,13,0,FREE
505,108,מ.ישראל,4,8,0,BUSY
505,108,מ.ישראל,4,18,0,FREE
505,102,מ.ישראל,4,9,0,FREE
505,102,מ.ישראל,4,8,0,FREE
507,6,מ.ישראל,4,15,0,FREE
507,6,מ.ישראל,4,16,1,FREE
507,208,מ.ישראל,4,13,1,BUSY
507,208,מ.ישראל,4,14,0,BUSY
507,205,מ.ישראל,4,10,1,BUSY
507,205,מ.ישראל,4,15,0,BUSY
507,3,מ.ישראל,4,12,0,BUSY
507,3,מ.ישראל,4,18,1,BUSY
505,103,מ.ישראל,4,10,1,BUSY
505,103,מ.ישראל,4,18,0,FREE
507,209,מ.ישראל,4,15,1,BUSY
507,209,מ.ישראל,4,18,1,BUSY
507,202,מ.ישראל,4,16,0,FREE
507,202,מ.ישראל,4,17,0,FREE
605,103,מ.ישראל,4,9,1,FREE
605,103,מ.ישראל,4,19,1,BUSY
403,2,יהדות,4,16,1,FREE
403,2,יהדות,4,8,0,FREE
507,104,מ.ישראל,4,12,1,BUSY
507,104,מ.ישראל,4,8,1,FREE
507,5,מ.ישראל,4,9,0,FREE
507,5,מ.ישראל,4,11,0,FREE
507,203,מ.ישראל,4,8,1,BUSY
507,203,מ.ישראל,4,19,1,BUSY
305,132,משפטים,4,12,0,FREE
305,132,משפטים,4,16,1,BUSY
902,101,חברה,4,12,1,BUSY
902,101,חברה,4,8,1,BUSY
902,104,חברה,4,15,0,FREE
902,104,חברה,4,9,0,FREE
1005,112,רוח,4,10,0,FREE
1005,112,רוח,4,14,0,FREE
605,65,מ.ישראל,4,13,0,FREE
605,65,מ.ישראל,4,17,1,BUSY
905,116,חברה,4,8,1,FREE
905,116,חברה,4,17,0,FREE
203,226,טבע,4,16,0,BUSY
203,226,טבע,4,15,0,BUSY
902,202,חברה,4,11,1,BUSY
902,202,חברה,4,18,0,FREE
902,102,חברה,4,19,0,FREE
902,102,חברה,4,8,0,FREE
1002,201,רוח,4,16,1,FREE
1002,201,רוח,4,13,1,BUSY
605,12,מ.ישראל,4,12,0,FREE
605,12,מ.ישראל,4,15,0,FREE
502,30,מ.ישראל,4,8,0,BUSY
502,30,מ.ישראל,4,15,0,FREE
504,63,מ.ישראל,4,8,0,BUSY
504,63,מ.ישראל,4,10,0,FREE
507,13,מ.ישראל,4,8,0,FREE
507,13,מ.ישראל,4,19,0,FREE
507,105,מ.ישראל,4,8,0,FREE
507,105,מ.ישראל,4,14,0,FREE
604,103,מ.ישראל,4,19,1,FREE
604,103,מ.ישראל,4,15,1,BUSY
410,26,יהדות,4,13,0,FREE
410,26,יהדות,4,15,0,FREE
410,6,יהדות,4,19,0,FREE
410,6,יהדות,4,11,0,FREE
404,66,יהדות,4,10,0,BUSY
404,66,יהדות,4,11,0,FREE
605,64,מ.ישראל,4,14,1,BUSY
605,64,מ.ישראל,4,16,0,FREE
505,64,מ.ישראל,4,9,1,BUSY
505,64,מ.ישראל,4,17,0,FREE
403,115,יהדות,4,16,0,FREE
403,115,יהדות,4,10,0,FREE
404,67,יהדות,4,9,0,FREE
404,67,יהדות,4,16,1,FREE
1005,111,רוח,4,17,0,FREE
1005,111,רוח,4,16,0,FREE
1004,305,רוח,4,12,0,FREE
1004,305,רוח,4,14,0,BUSY
404,101,יהדות,4,19,0,FREE
404,101,יהדות,4,11,1,BUSY
1002,305,רוח,4,14,1,BUSY
1002,305,רוח,4,15,0,FREE
504,208,מ.ישראל,4,19,0,FREE
504,208,מ.ישראל,4,12,0,FREE
211,112,טבע,4,9,1,BUSY
211,112,טבע,4,13,1,FREE
305,63,משפטים,4,11,0,FREE
305,63,משפטים,4,13,0,FREE
306,112,משפטים,4,15,0,FREE
306,112,משפטים,4,14,0,FREE
211,106,טבע,4,14,0,BUSY
211,106,טבע,4,15,0,FREE
207,201,טבע,4,16,1,BUSY
207,201,טבע,4,18,1,BUSY
305,101,משפטים,4,13,1,BUSY
305,101,משפטים,4,10,0,BUSY
403,61,יהדות,4,13,0,FREE
403,61,יהדות,4,8,0,FREE
202,202,טבע,4,9,0,BUSY
202,202,טבע,4,18,0,FREE
203,106,טבע,4,10,0,BUSY
203,106,טבע,4,8,0,FREE
203,112,טבע,4,18,0,FREE
203,112,טבע,4,8,0,FREE
105,112,סטודנטים,4,11,1,BUSY
105,112,סטודנטים,4,15,0,BUSY
207,6,טבע,4,13,0,FREE
207,6,טבע,4,14,0,FREE
207,4,טבע,4,15,0,FREE
207,4,טבע,4,9,0,FREE
207,101,טבע,4,14,0,BUSY
207,101,טבע,4,12,1,BUSY
604,6,מ.ישראל,4,17,0,FREE
604,6,מ.ישראל,4,13,0,FREE
211,22,nan,4,14,0,FREE
211,22,nan,4,12,0,FREE
211,4,טבע,4,17,0,FREE
211,4,טבע,4,19,0,FREE
507,7,מ.ישראל,4,17,1,BUSY
507,7,מ.ישראל,4,12,1,FREE
1401,3,nan,4,14,0,FREE
1401,3,nan,4,18,0,FREE
905,63,חברה,4,16,1,FREE
905,63,חברה,4,14,0,FREE
901,61,חברה,4,17,0,FREE
901,61,חברה,4,9,0,FREE
403,69,מינץ,4,15,0,FREE
403,69,מינץ,4,16,0,FREE
1401,63,nan,4,19,0,FREE
1401,63,nan,4,12,0,FREE
1401,1,nan,4,19,0,FREE
1401,1,nan,4,15,0,FREE
507,1,מ.ישראל,4,12,0,FREE
507,1,מ.ישראל,4,9,0,FREE
905,62,חברה,4,10,1,BUSY
905,62,חברה,4,19,1,BUSY
504,10,מ.ישראל,4,16,1,BUSY
504,10,מ.ישראל,4,8,0,BUSY
505,202,מ.ישראל,4,12,0,FREE
505,202,מ.ישראל,4,8,0,FREE
1002,102,רוח,4,13,0,FREE
1002,102,רוח,4,11,0,FREE
410,226,יהדות,4,18,0,FREE
410,226,יהדות,4,8,0,FREE
410,225,יהדות,4,8,0,FREE
410,225,יהדות,4,19,0,FREE
1004,407,רוח,4,17,0,FREE
1004,407,רוח,4,14,0,FREE
1004,402,רוח,4,13,1,BUSY
1004,402,רוח,4,18,0,FREE
505,65,מ.ישראל,4,8,0,FREE
505,65,מ.ישראל,4,10,0,FREE
505,204,מ.ישראל,4,15,0,BUSY
505,204,מ.ישראל,4,14,0,BUSY
304,1,משפטים,4,8,1,BUSY
304,1,משפטים,4,11,1,BUSY
605,63,מ.ישראל,4,16,0,FREE
605,63,מ.ישראל,4,10,1,FREE
305,10,משפטים,4,15,0,FREE
305,10,משפטים,4,18,1,BUSY
304,61,משפטים,4,9,0,FREE
304,61,משפטים,4,14,0,FREE
604,202,מ.ישראל,4,18,0,FREE
604,202,מ.ישראל,4,11,0,FREE
211,25,nan,4,16,1,BUSY
211,25,nan,4,11,1,BUSY
304,25,משפטים,4,19,0,FREE
304,25,משפטים,4,15,0,BUSY
1105,53,הנדסה,4,10,1,BUSY
1105,53,הנדסה,4,8,0,FREE
1401,53,nan,4,16,0,FREE
1401,53,nan,4,19,0,FREE
305,2,משפטים,4,16,0,FREE
305,2,משפטים,4,15,0,FREE
305,4,משפטים,4,8,0,FREE
305,4,משפטים,4,10,1,BUSY
502,23,מ.ישראל,4,17,0,FREE
502,23,מ.ישראל,4,13,0,BUSY
503,1,מ.ישראל,4,13,1,BUSY
503,1,מ.ישראל,4,12,1,FREE
404,113,יהדות,4,8,0,FREE
404,113,יהדות,4,19,0,FREE
404,201,יהדות,4,13,0,FREE
404,201,יהדות,4,16,0,FREE
505,203,מ.ישראל,4,14,0,BUSY
505,203,מ.ישראל,4,18,0,FREE
1005,19,רוח,4,10,1,BUSY
1005,19,רוח,4,19,1,BUSY
1005,108,רוח,4,10,1,FREE
1005,108,רוח,4,12,0,FREE
1005,201,רוח,4,9,0,FREE
1005,201,רוח,4,10,0,FREE
1005,209,רוח,4,8,0,FREE
1005,209,רוח,4,10,0,FREE
1005,207,רוח,4,10,0,FREE
1005,207,רוח,4,15,0,BUSY
1005,203,רוח,4,13,0,FREE
1005,203,רוח,4,18,0,FREE
604,201,מ.ישראל,4,12,0,FREE
604,201,מ.ישראל,4,11,0,FREE
305,105,משפטים,4,9,0,BUSY
305,105,משפטים,4,10,0,FREE
507,37,מ.ישראל,4,10,0,FREE
507,37,מ.ישראל,4,15,0,FREE
1104,42,הנדסה,4,13,1,BUSY
1104,42,הנדסה,4,16,1,FREE
1105,42,הנדסה,4,15,0,FREE
1105,42,הנדסה,4,8,0,FREE
1103,22,הנדסה,4,10,1,BUSY
1103,22,הנדסה,4,9,0,FREE
902,9,חברה,4,13,0,FREE
902,9,חברה,4,15,1,BUSY
304,9,משפטים,4,14,0,BUSY
304,9,משפטים,4,8,0,FREE
1105,271,הנדסה,4,12,1,FREE
1105,271,הנדסה,4,8,0,FREE
1104,271,הנדסה,4,16,0,FREE
1104,271,הנדסה,4,18,0,FREE
507,61,מ.ישראל,4,14,0,FREE
507,61,מ.ישראל,4,13,0,BUSY
213,304,טבע,4,10,0,FREE
213,304,טבע,4,17,0,FREE
213,320,טבע,4,12,0,BUSY
213,320,טבע,4,17,0,FREE
1004,203,רוח,4,15,0,FREE
1004,203,רוח,4,19,0,FREE
1004,212,רוח,4,19,0,FREE
1004,212,רוח,4,9,0,FREE
410,328,יהדות,4,16,0,FREE
410,328,יהדות,4,9,0,FREE
410,332,יהדות,4,13,0,BUSY
410,332,יהדות,4,8,0,BUSY
604,204,מ.ישראל,4,19,0,FREE
604,204,מ.ישראל,4,13,1,BUSY
1002,203,רוח,4,18,1,BUSY
1002,203,רוח,4,10,1,BUSY
202,301,טבע,4,17,1,BUSY
202,301,טבע,4,12,1,BUSY
203,4,טבע,4,12,1,FREE
203,4,טבע,4,15,0,FREE
202,221,טבע,4,14,0,BUSY
202,221,טבע,4,13,0,FREE
202,205,טבע,4,12,0,FREE
202,205,טבע,4,13,0,BUSY
202,304,טבע,4,16,1,FREE
202,304,טבע,4,15,0,BUSY
202,505,טבע,4,9,0,FREE
202,505,טבע,4,14,1,BUSY
202,203,טבע,4,13,0,BUSY
202,203,טבע,4,16,0,FREE
202,303,טבע,4,17,1,BUSY
202,303,טבע,4,8,0,BUSY
202,201,טבע,4,12,1,BUSY
202,201,טבע,4,9,0,BUSY
202,204,טבע,4,12,0,FREE
202,204,טבע,4,9,0,FREE
505,505,מ.ישראל,4,9,0,BUSY
505,505,מ.ישראל,4,13,0,BUSY
902,301,חברה,4,15,1,BUSY
902,301,חברה,4,17,1,BUSY
902,12,חברה,4,13,1,BUSY
902,12,חברה,4,18,1,BUSY
902,107,חברה,4,8,0,FREE
902,107,חברה,4,13,0,BUSY
905,217,חברה,4,9,1,BUSY
905,217,חברה,4,12,1,BUSY
902,217,חברה,4,9,0,BUSY
902,217,חברה,4,12,0,BUSY
902,110,חברה,4,19,0,FREE
902,110,חברה,4,16,0,FREE
902,109,חברה,4,19,0,FREE
902,109,חברה,4,9,0,FREE
507,23,מ.ישראל,4,10,0,FREE
507,23,מ.ישראל,4,14,0,BUSY
1004,406,רוח,4,13,0,BUSY
1004,406,רוח,4,18,0,FREE
1105,368,הנדסה,4,19,0,FREE
1105,368,הנדסה,4,18,0,FREE
1102,2,הנדסה,4,13,1,BUSY
1102,2,הנדסה,4,17,1,FREE
1104,244,הנדסה,4,11,1,FREE
1104,244,הנדסה,4,18,1,BUSY
1104,249,הנדסה,4,16,1,BUSY
1104,249,הנדסה,4,19,1,FREE
1104,243,הנדסה,4,8,0,FREE
1104,243,הנדסה,4,17,1,FREE
1103,42,הנדסה,4,16,0,FREE
1103,42,הנדסה,4,9,0,FREE
1401,4,nan,4,16,0,FREE
1401,4,nan,4,13,0,FREE
1105,3,הנדסה,4,11,0,BUSY
1105,3,הנדסה,4,12,0,BUSY
1102,4,הנדסה,4,17,0,BUSY
1102,4,הנדסה,4,16,0,FREE
A1300,2,מעונות,4,11,1,BUSY
A1300,2,מעונות,4,9,1,BUSY
A1300,1,מעונות,4,8,0,FREE
A1300,1,מעונות,4,17,0,FREE
901,4,חברה,4,19,0,FREE
901,4,חברה,4,14,1,BUSY
1103,223,הנדסה,4,8,0,FREE
1103,223,הנדסה,4,9,0,FREE
1102,205,הנדסה,4,19,0,FREE
1102,205,הנדסה,4,18,0,FREE
1105,366,הנדסה,4,11,0,FREE
1105,366,הנדסה,4,16,0,FREE
1104,344,הנדסה,4,12,1,BUSY
1104,344,הנדסה,4,9,0,BUSY
1104,347,הנדסה,4,16,0,FREE
1104,347,הנדסה,4,14,0,FREE
1103,224,הנדסה,4,10,0,FREE
1103,224,הנדסה,4,13,1,BUSY
1002,112,רוח,4,19,0,FREE
1002,112,רוח,4,15,0,FREE
905,119,חברה,4,9,1,FREE
905,119,חברה,4,15,1,FREE
905,118,חברה,4,16,0,FREE
905,118,חברה,4,17,0,FREE
905,319,חברה,4,15,0,BUSY
905,319,חברה,4,14,0,FREE
905,418,חברה,4,11,1,BUSY
905,418,חברה,4,12,1,BUSY
905,416,חברה,4,13,0,BUSY
905,416,חברה,4,9,0,BUSY
905,211,חברה,4,14,1,BUSY
905,211,חברה,4,11,0,FREE
905,321,חברה,4,14,0,BUSY
905,321,חברה,4,8,0,FREE
905,311,חברה,4,19,0,FREE
905,311,חברה,4,9,0,FREE
905,2,חברה,4,19,0,FREE
905,2,חברה,4,11,0,BUSY
905,317,חברה,4,14,0,BUSY
905,317,חברה,4,15,0,BUSY
502,63,מ.ישראל,4,18,0,FREE
502,63,מ.ישראל,4,8,0,BUSY
212,214,טבע,4,14,0,BUSY
212,214,טבע,4,9,0,FREE
211,21,nan,4,14,0,FREE
211,21,nan,4,12,1,BUSY
211,17,nan,4,12,1,FREE
211,17,nan,4,14,0,FREE
505,7,מ.ישראל,4,16,0,FREE
505,7,מ.ישראל,4,18,0,FREE
212,212,nan,4,9,0,FREE
212,212,nan,4,15,0,FREE
212,1,טבע,4,17,0,FREE
212,1,טבע,4,15,0,BUSY
304,4,משפטים,4,13,1,BUSY
304,4,משפטים,4,8,0,BUSY
403,3,יהדות,4,15,0,FREE
403,3,יהדות,4,19,0,FREE
905,25,חברה,4,12,1,BUSY
905,25,חברה,4,19,0,FREE
212,310,טבע,4,9,0,FREE
212,310,טבע,4,18,0,BUSY
212,1,nan,4,15,0,FREE
212,1,nan,4,8,0,FREE
212,3,טבע,4,19,0,FREE
212,3,טבע,4,10,0,FREE
212,21,nan,4,10,0,FREE
212,21,nan,4,8,0,FREE
203,212,טבע,4,16,0,FREE
203,212,טבע,4,8,0,BUSY
304,69,משפטים,4,17,0,FREE
304,69,משפטים,4,10,1,BUSY
305,11,משפטים,4,9,0,FREE
305,11,משפטים,4,18,0,FREE
901,11,חברה,4,19,0,FREE
901,11,חברה,4,16,1,BUSY
211,3,nan,4,14,1,BUSY
211,3,nan,4,17,0,FREE
213,61,טבע,4,12,0,BUSY
213,61,טבע,4,14,0,BUSY
211,9,nan,4,13,0,FREE
211,9,nan,4,10,0,FREE
902,1,חברה,4,10,0,FREE
902,1,חברה,4,12,0,BUSY
304,7,משפטים,4,14,1,FREE
304,7,משפטים,4,13,1,BUSY
403,1,מינץ,4,11,0,FREE
403,1,מינץ,4,12,1,BUSY
211,7,nan,4,12,0,FREE
211,7,nan,4,18,0,FREE
501,11,מ.ישראל,4,8,0,BUSY
501,11,מ.ישראל,4,19,0,FREE
507,11,מ.ישראל,4,9,1,BUSY
507,11,מ.ישראל,4,16,0,FREE
1401,7,nan,4,13,0,FREE
1401,7,nan,4,8,0,FREE
211,63,nan,4,13,0,FREE
211,63,nan,4,17,1,FREE
105,134,סטודנטים,4,10,0,BUSY
105,134,סטודנטים,4,13,0,FREE
305,3,משפטים,4,19,0,FREE
305,3,משפטים,4,14,0,BUSY
404,133,יהדות,4,16,0,FREE
404,133,יהדות,4,8,0,FREE
306,1,משפטים,4,11,0,FREE
306,1,משפטים,4,16,0,FREE
304,132,משפטים,4,9,0,FREE
304,132,משפטים,4,14,0,FREE
105,132,סטודנטים,4,19,0,FREE
105,132,סטודנטים,4,8,0,FREE
404,134,יהדות,4,11,0,FREE
404,134,יהדות,4,10,0,BUSY
404,65,יהדות,4,12,0,BUSY
404,65,יהדות,4,11,0,FREE
102,133,סטודנטים,4,18,0,FREE
102,133,סטודנטים,4,9,0,BUSY
305,104,משפטים,4,10,0,FREE
305,104,משפטים,4,14,0,FREE
507,10,מ.ישראל,4,15,0,BUSY
507,10,מ.ישראל,4,19,0,FREE
507,62,מ.ישראל,4,11,0,FREE
507,62,מ.ישראל,4,16,0,FREE
604,309,מ.ישראל,4,13,0,BUSY
604,309,מ.ישראל,4,16,0,FREE
901,101,חברה,4,10,0,BUSY
901,101,חברה,4,16,1,BUSY
901,102,חברה,4,17,0,FREE
901,102,חברה,4,19,0,FREE
301,202,פלדמן,4,11,0,FREE
301,202,פלדמן,4,13,0,FREE
905,104,חברה,4,9,0,FREE
905,104,חברה,4,10,0,FREE
507,107,מ.ישראל,0,8,1,BUSY
507,107,מ.ישראל,0,15,1,BUSY
905,61,חברה,0,14,1,BUSY
905,61,חברה,0,10,1,BUSY
1401,2,nan,0,15,1,BUSY
1401,2,nan,0,11,0,BUSY
402,63,יהדות,0,12,1,BUSY
402,63,יהדות,0,17,1,BUSY
203,221,טבע,0,8,0,FREE
203,221,טבע,0,13,1,BUSY
1002,1,רוח,0,16,1,FREE
1002,1,רוח,0,12,1,BUSY
604,63,מ.ישראל,0,17,1,BUSY
604,63,מ.ישראל,0,8,1,BUSY
604,64,מ.ישראל,0,14,1,FREE
604,64,מ.ישראל,0,18,1,BUSY
604,105,מ.ישראל,0,14,1,BUSY
604,105,מ.ישראל,0,17,1,BUSY
403,211,יהדות,0,16,0,FREE
403,211,יהדות,0,10,0,FREE
604,102,מ.ישראל,0,12,1,BUSY
604,102,מ.ישראל,0,19,1,BUSY
403,217,יהדות,0,8,1,BUSY
403,217,יהדות,0,10,1,BUSY
305,133,משפטים,0,14,0,FREE
305,133,משפטים,0,19,0,FREE
504,2,מ.ישראל,0,16,1,BUSY
504,2,מ.ישראל,0,11,1,BUSY
507,102,מ.ישראל,0,18,1,BUSY
507,102,מ.ישראל,0,14,1,BUSY
604,62,מ.ישראל,0,13,0,FREE
604,62,מ.ישראל,0,16,1,FREE
1002,405,רוח,0,17,0,BUSY
1002,405,רוח,0,11,0,FREE
902,210,חברה,0,17,1,BUSY
902,210,חברה,0,16,1,BUSY
508,7,מ.ישראל,0,15,1,FREE
508,7,מ.ישראל,0,11,0,FREE
502,8,מ.ישראל,0,17,0,FREE
502,8,מ.ישראל,0,16,0,FREE
605,104,מ.ישראל,0,14,0,FREE
605,104,מ.ישראל,0,17,1,BUSY
1002,61,רוח,0,9,0,FREE
1002,61,רוח,0,8,0,FREE
507,4,מ.ישראל,0,13,1,BUSY
507,4,מ.ישראל,0,16,1,BUSY
504,4,מ.ישראל,0,13,1,BUSY
504,4,מ.ישראל,0,14,1,BUSY
1002,202,רוח,0,17,1,BUSY
1002,202,רוח,0,14,1,BUSY
502,6,מ.ישראל,0,17,0,FREE
502,6,מ.ישראל,0,10,0,FREE
502,7,מ.ישראל,0,10,0,FREE
502,7,מ.ישראל,0,17,0,FREE
505,4,מ.ישראל,0,14,0,FREE
505,4,מ.ישראל,0,16,0,FREE
502,9,מ.ישראל,0,8,0,BUSY
502,9,מ.ישראל,0,12,0,FREE
1005,109,רוח,0,12,0,FREE
1005,109,רוח,0,8,0,FREE
902,103,חברה,0,8,0,FREE
902,103,חברה,0,10,1,BUSY
502,37,מ.ישראל,0,17,1,BUSY
502,37,מ.ישראל,0,16,1,BUSY
902,201,חברה,0,8,0,FREE
902,201,חברה,0,14,1,BUSY
604,205,מ.ישראל,0,17,1,BUSY
604,205,מ.ישראל,0,14,1,BUSY
505,63,מ.ישראל,0,13,1,BUSY
505,63,מ.ישראל,0,17,1,BUSY
504,5,מ.ישראל,0,9,1,BUSY
504,5,מ.ישראל,0,18,1,BUSY
305,5,משפטים,0,15,0,FREE
305,5,משפטים,0,12,0,FREE
605,14,מ.ישראל,0,16,1,BUSY
605,14,מ.ישראל,0,10,1,BUSY
505,105,מ.ישראל,0,13,1,BUSY
505,105,מ.ישראל,0,17,1,BUSY
502,24,מ.ישראל,0,18,0,BUSY
502,24,מ.ישראל,0,10,0,BUSY
505,5,מ.ישראל,0,12,1,BUSY
505,5,מ.ישראל,0,11,1,BUSY
404,68,יהדות,0,18,0,FREE
404,68,יהדות,0,14,1,BUSY
305,134,משפטים,0,8,0,FREE
305,134,משפטים,0,10,1,BUSY
105,103,סטודנטים,0,12,1,BUSY
105,103,סטודנטים,0,14,0,BUSY
105,104,סטודנטים,0,12,0,FREE
105,104,סטודנטים,0,18,0,FREE
105,101,סטודנטים,0,15,1,BUSY
105,101,סטודנטים,0,19,1,BUSY
105,102,סטודנטים,0,10,0,FREE
105,102,סטודנטים,0,17,0,FREE
105,1,סטודנטים,0,10,1,FREE
105,1,סטודנטים,0,16,1,BUSY
304,3,משפטים,0,13,1,BUSY
304,3,משפטים,0,12,1,BUSY
305,6,משפטים,0,13,1,BUSY
305,6,משפטים,0,18,1,BUSY
105,61,סטודנטים,0,9,0,BUSY
105,61,סטודנטים,0,19,0,FREE
105,2,סטודנטים,0,10,0,FREE
105,2,סטודנטים,0,17,0,BUSY
304,2,משפטים,0,12,1,BUSY
304,2,משפטים,0,11,1,BUSY
105,3,סטודנטים,0,17,0,FREE
105,3,סטודנטים,0,15,0,BUSY
605,101,מ.ישראל,0,15,0,FREE
605,101,מ.ישראל,0,19,1,FREE
605,102,מ.ישראל,0,19,1,BUSY
605,102,מ.ישראל,0,9,1,FREE
604,11,מ.ישראל,0,9,1,FREE
604,11,מ.ישראל,0,10,1,FREE
605,11,מ.ישראל,0,13,1,BUSY
605,11,מ.ישראל,0,16,1,BUSY
604,12,מ.ישראל,0,14,1,BUSY
604,12,מ.ישראל,0,19,1,FREE
504,6,מ.ישראל,0,18,1,FREE
504,6,מ.ישראל,0,15,0,FREE
605,202,מ.ישראל,0,13,0,FREE
605,202,מ.ישראל,0,10,0,FREE
604,14,מ.ישראל,0,17,1,FREE
604,14,מ.ישראל,0,15,0,BUSY
507,101,מ.ישראל,0,17,1,BUSY
507,101,מ.ישראל,0,16,1,BUSY
507,103,מ.ישראל,0,18,1,BUSY
507,103,מ.ישראל,0,17,1,FREE
504,7,מ.ישראל,0,9,1,BUSY
504,7,מ.ישראל,0,15,1,BUSY
604,13,מ.ישראל,0,15,1,BUSY
604,13,מ.ישראל,0,16,1,BUSY
505,1,מ.ישראל,0,12,0,FREE
505,1,מ.ישראל,0,10,0,FREE
504,3,מ.ישראל,0,16,1,BUSY
504,3,מ.ישראל,0,17,1,BUSY
604,101,מ.ישראל,0,19,1,BUSY
604,101,מ.ישראל,0,14,1,BUSY
507,201,מ.ישראל,0,11,1,BUSY
507,201,מ.ישראל,0,16,1,BUSY
403,67,יהדות,0,18,1,BUSY
403,67,יהדות,0,16,1,BUSY
507,204,מ.ישראל,0,17,1,FREE
507,204,מ.ישראל,0,13,1,BUSY
505,106,מ.ישראל,0,19,1,BUSY
505,106,מ.ישראל,0,16,1,BUSY
505,62,מ.ישראל,0,11,0,FREE
505,62,מ.ישראל,0,19,1,BUSY
505,104,מ.ישראל,0,9,0,FREE
505,104,מ.ישראל,0,14,1,BUSY
605,13,מ.ישראל,0,19,1,BUSY
605,13,מ.ישראל,0,17,1,BUSY
501,25,מ.ישראל,0,8,0,FREE
501,25,מ.ישראל,0,12,1,BUSY
505,201,מ.ישראל,0,12,1,BUSY
505,201,מ.ישראל,0,17,1,BUSY
505,3,מ.ישראל,0,11,0,FREE
505,3,מ.ישראל,0,19,0,FREE
507,207,מ.ישראל,0,15,1,BUSY
507,207,מ.ישראל,0,13,1,BUSY
604,61,מ.ישראל,0,9,0,FREE
604,61,מ.ישראל,0,8,0,FREE
507,2,מ.ישראל,0,14,1,BUSY
507,2,מ.ישראל,0,16,1,FREE
505,101,מ.ישראל,0,9,0,FREE
505,101,מ.ישראל,0,11,0,BUSY
905,417,חברה,0,17,0,BUSY
905,417,חברה,0,19,1,FREE
504,1,מ.ישראל,0,9,0,FREE
504,1,מ.ישראל,0,14,0,FREE
605,201,מ.ישראל,0,18,1,BUSY
605,201,מ.ישראל,0,11,1,BUSY
604,104,מ.ישראל,0,9,0,FREE
604,104,מ.ישראל,0,11,1,BUSY
213,4,טבע,0,12,1,BUSY
213,4,טבע,0,13,1,FREE
105,4,סטודנטים,0,15,0,FREE
105,4,סטודנטים,0,16,1,FREE
102,2,סטודנטים,0,17,0,BUSY
102,2,סטודנטים,0,11,0,FREE
105,5,סטודנטים,0,10,0,FREE
105,5,סטודנטים,0,17,0,BUSY
105,105,סטודנטים,0,18,0,FREE
105,105,סטודנטים,0,13,1,BUSY
207,1,טבע,0,15,1,BUSY
207,1,טבע,0,19,0,BUSY
105,106,סטודנטים,0,15,0,BUSY
105,106,סטודנטים,0,13,1,BUSY
404,115,יהדות,0,19,0,FREE
404,115,יהדות,0,17,0,FREE
403,101,יהדות,0,10,0,BUSY
403,101,יהדות,0,12,0,FREE
404,102,יהדות,0,17,1,BUSY
404,102,יהדות,0,13,1,FREE
105,6,סטודנטים,0,17,0,BUSY
105,6,סטודנטים,0,19,0,FREE
102,4,סטודנטים,0,14,1,FREE
102,4,סטודנטים,0,15,1,BUSY
404,114,יהדות,0,8,0,FREE
404,114,יהדות,0,13,1,BUSY
306,111,משפטים,0,17,1,BUSY
306,111,משפטים,0,11,0,BUSY
505,2,מ.ישראל,0,18,1,BUSY
505,2,מ.ישראל,0,16,1,BUSY
604,2,מ.ישראל,0,10,0,FREE
604,2,מ.ישראל,0,14,0,BUSY
605,61,מ.ישראל,0,19,0,BUSY
605,61,מ.ישראל,0,8,0,BUSY
410,125,יהדות,0,15,0,FREE
410,125,יהדות,0,16,1,BUSY
410,46,יהדות,0,15,1,BUSY
410,46,יהדות,0,17,1,BUSY
403,66,יהדות,0,18,1,FREE
403,66,יהדות,0,13,1,FREE
502,26,מ.ישראל,0,16,1,BUSY
502,26,מ.ישראל,0,17,1,BUSY
502,25,מ.ישראל,0,12,1,BUSY
502,25,מ.ישראל,0,10,0,FREE
403,218,יהדות,0,12,1,BUSY
403,218,יהדות,0,15,1,FREE
403,113,יהדות,0,9,0,FREE
403,113,יהדות,0,10,0,FREE
410,142,יהדות,0,13,0,FREE
410,142,יהדות,0,18,1,BUSY
505,61,מ.ישראל,0,12,1,BUSY
505,61,מ.ישראל,0,11,1,BUSY
505,11,מ.ישראל,0,15,0,FREE
505,11,מ.ישראל,0,9,0,FREE
605,105,מ.ישראל,0,8,0,FREE
605,105,מ.ישראל,0,14,0,BUSY
604,1,מ.ישראל,0,14,0,BUSY
604,1,מ.ישראל,0,16,0,FREE
507,14,מ.ישראל,0,9,0,BUSY
507,14,מ.ישראל,0,18,0,BUSY
605,4,מ.ישראל,0,13,0,FREE
605,4,מ.ישראל,0,11,0,FREE
502,62,מ.ישראל,0,17,0,FREE
502,62,מ.ישראל,0,19,0,FREE
605,7,מ.ישראל,0,16,0,FREE
605,7,מ.ישראל,0,13,0,FREE
507,206,מ.ישראל,0,8,0,FREE
507,206,מ.ישראל,0,10,0,FREE
504,206,מ.ישראל,0,8,0,FREE
504,206,מ.ישראל,0,12,0,BUSY
508,103,מ.ישראל,0,12,0,BUSY
508,103,מ.ישראל,0,18,0,BUSY
507,106,מ.ישראל,0,12,1,BUSY
507,106,מ.ישראל,0,16,0,FREE
605,106,מ.ישראל,0,19,0,FREE
605,106,מ.ישראל,0,17,0,BUSY
507,108,מ.ישראל,0,16,1,BUSY
507,108,מ.ישראל,0,17,1,BUSY
505,108,מ.ישראל,0,8,0,FREE
505,108,מ.ישראל,0,19,0,BUSY
505,102,מ.ישראל,0,11,1,BUSY
505,102,מ.ישראל,0,10,1,FREE
507,6,מ.ישראל,0,8,0,BUSY
507,6,מ.ישראל,0,17,1,BUSY
507,208,מ.ישראל,0,11,0,FREE
507,208,מ.ישראל,0,8,0,FREE
507,205,מ.ישראל,0,16,0,FREE
507,205,מ.ישראל,0,12,0,BUSY
507,3,מ.ישראל,0,15,1,BUSY
507,3,מ.ישראל,0,13,1,BUSY
505,103,מ.ישראל,0,16,1,BUSY
505,103,מ.ישראל,0,17,1,BUSY
507,209,מ.ישראל,0,16,1,BUSY
507,209,מ.ישראל,0,18,1,FREE
507,202,מ.ישראל,0,9,0,FREE
507,202,מ.ישראל,0,13,0,FREE
605,103,מ.ישראל,0,16,1,BUSY
605,103,מ.ישראל,0,11,0,FREE
403,2,יהדות,0,10,1,BUSY
403,2,יהדות,0,9,0,BUSY
507,104,מ.ישראל,0,11,1,BUSY
507,104,מ.ישראל,0,18,1,BUSY
507,5,מ.ישראל,0,16,1,BUSY
507,5,מ.ישראל,0,10,0,FREE
507,203,מ.ישראל,0,10,0,FREE
507,203,מ.ישראל,0,19,0,FREE
305,132,משפטים,0,11,0,FREE
305,132,משפטים,0,13,0,BUSY
902,101,חברה,0,14,1,BUSY
902,101,חברה,0,12,1,BUSY
902,104,חברה,0,16,1,BUSY
902,104,חברה,0,8,1,BUSY
1005,112,רוח,0,18,0,FREE
1005,112,רוח,0,12,0,BUSY
605,65,מ.ישראל,0,9,1,BUSY
605,65,מ.ישראל,0,18,1,BUSY
905,116,חברה,0,15,1,FREE
905,116,חברה,0,17,1,BUSY
203,226,טבע,0,14,1,FREE
203,226,טבע,0,16,1,BUSY
902,202,חברה,0,8,0,BUSY
902,202,חברה,0,19,1,BUSY
902,102,חברה,0,13,1,BUSY
902,102,חברה,0,11,1,BUSY
1002,201,רוח,0,11,0,FREE
1002,201,רוח,0,19,0,FREE
605,12,מ.ישראל,0,18,1,FREE
605,12,מ.ישראל,0,10,1,BUSY
502,30,מ.ישראל,0,10,0,BUSY
502,30,מ.ישראל,0,8,0,FREE
504,63,מ.ישראל,0,10,0,BUSY
504,63,מ.ישראל,0,11,0,FREE
507,13,מ.ישראל,0,17,0,FREE
507,13,מ.ישראל,0,12,0,BUSY
507,105,מ.ישראל,0,18,0,BUSY
507,105,מ.ישראל,0,13,0,FREE
604,103,מ.ישראל,0,13,1,FREE
604,103,מ.ישראל,0,18,1,BUSY
410,26,יהדות,0,8,0,FREE
410,26,יהדות,0,16,0,FREE
410,6,יהדות,0,12,0,FREE
410,6,יהדות,0,8,0,FREE
404,66,יהדות,0,17,0,FREE
404,66,יהדות,0,11,0,FREE
605,64,מ.ישראל,0,14,1,BUSY
605,64,מ.ישראל,0,18,0,FREE
505,64,מ.ישראל,0,17,1,BUSY
505,64,מ.ישראל,0,12,0,FREE
403,115,יהדות,0,16,0,FREE
403,115,יהדות,0,17,0,FREE
404,67,יהדות,0,13,0,FREE
404,67,יהדות,0,9,0,BUSY
1005,111,רוח,0,8,0,FREE
1005,111,רוח,0,9,0,FREE
1004,305,רוח,0,16,0,FREE
1004,305,רוח,0,15,0,FREE
404,101,יהדות,0,19,1,BUSY
404,101,יהדות,0,8,0,FREE
1002,305,רוח,0,16,1,BUSY
1002,305,רוח,0,18,0,FREE
504,208,מ.ישראל,0,19,0,FREE
504,208,מ.ישראל,0,16,0,BUSY
211,112,טבע,0,11,1,FREE
211,112,טבע,0,15,1,BUSY
305,63,משפטים,0,17,0,FREE
305,63,משפטים,0,13,0,BUSY
306,112,משפטים,0,19,0,FREE
306,112,משפטים,0,11,0,FREE
211,106,טבע,0,14,0,FREE
211,106,טבע,0,11,0,FREE
207,201,טבע,0,11,1,BUSY
207,201,טבע,0,15,0,FREE
305,101,משפטים,0,13,0,BUSY
305,101,משפטים,0,9,0,FREE
403,61,יהדות,0,9,0,FREE
403,61,יהדות,0,8,0,FREE
202,202,טבע,0,14,0,FREE
202,202,טבע,0,19,1,BUSY
203,106,טבע,0,18,0,FREE
203,106,טבע,0,14,0,FREE
203,112,טבע,0,9,0,BUSY
203,112,טבע,0,19,0,BUSY
105,112,סטודנטים,0,16,0,FREE
105,112,סטודנטים,0,9,0,BUSY
207,6,טבע,0,10,0,BUSY
207,6,טבע,0,19,0,BUSY
207,4,טבע,0,14,0,FREE
207,4,טבע,0,19,0,BUSY
207,101,טבע,0,16,0,FREE
207,101,טבע,0,18,0,FREE
604,6,מ.ישראל,0,18,0,BUSY
604,6,מ.ישראל,0,16,0,FREE
211,22,nan,0,19,0,FREE
211,22,nan,0,10,1,BUSY
211,4,טבע,0,14,0,BUSY
211,4,טבע,0,12,0,BUSY
507,7,מ.ישראל,0,9,0,FREE
507,7,מ.ישראל,0,11,1,BUSY
1401,3,nan,0,16,1,BUSY
1401,3,nan,0,15,1,BUSY
905,63,חברה,0,17,1,BUSY
905,63,חברה,0,19,1,BUSY
901,61,חברה,0,8,0,FREE
901,61,חברה,0,12,1,BUSY
403,69,מינץ,0,9,0,BUSY
403,69,מינץ,0,14,1,FREE
1401,63,nan,0,12,0,BUSY
1401,63,nan,0,19,0,FREE
1401,1,nan,0,13,1,BUSY
1401,1,nan,0,10,1,BUSY
507,1,מ.ישראל,0,10,0,FREE
507,1,מ.ישראל,0,19,1,FREE
905,62,חברה,0,9,1,FREE
905,62,חברה,0,19,0,FREE
504,10,מ.ישראל,0,17,0,FREE
504,10,מ.ישראל,0,16,0,BUSY
505,202,מ.ישראל,0,15,0,FREE
505,202,מ.ישראל,0,17,0,FREE
1002,102,רוח,0,13,0,FREE
1002,102,רוח,0,8,0,FREE
410,226,יהדות,0,14,1,BUSY
410,226,יהדות,0,19,0,FREE
410,225,יהדות,0,13,0,FREE
410,225,יהדות,0,11,0,FREE
1004,407,רוח,0,16,0,FREE
1004,407,רוח,0,17,0,FREE
1004,402,רוח,0,19,0,FREE
1004,402,רוח,0,12,1,BUSY
505,65,מ.ישראל,0,10,0,FREE
505,65,מ.ישראל,0,12,0,BUSY
505,204,מ.ישראל,0,17,0,FREE
505,204,מ.ישראל,0,16,0,FREE
304,1,משפטים,0,17,1,BUSY
304,1,משפטים,0,15,1,BUSY
605,63,מ.ישראל,0,19,1,BUSY
605,63,מ.ישראל,0,18,1,BUSY
305,10,משפטים,0,19,0,FREE
305,10,משפטים,0,12,1,BUSY
304,61,משפטים,0,11,0,FREE
304,61,משפטים,0,8,0,FREE
604,202,מ.ישראל,0,16,0,FREE
604,202,מ.ישראל,0,8,0,FREE
211,25,nan,0,9,1,BUSY
211,25,nan,0,18,1,BUSY
304,25,משפטים,0,8,0,FREE
304,25,משפטים,0,18,0,FREE
1105,53,הנדסה,0,17,1,BUSY
1105,53,הנדסה,0,13,1,BUSY
1401,53,nan,0,9,0,FREE
1401,53,nan,0,17,0,FREE
305,2,משפטים,0,17,0,FREE
305,2,משפטים,0,14,0,BUSY
305,4,משפטים,0,12,1,BUSY
305,4,משפטים,0,9,1,BUSY
502,23,מ.ישראל,0,8,0,FREE
502,23,מ.ישראל,0,19,0,BUSY
503,1,מ.ישראל,0,15,1,BUSY
503,1,מ.ישראל,0,14,1,BUSY
404,113,יהדות,0,8,0,FREE
404,113,יהדות,0,12,0,FREE
404,201,יהדות,0,13,1,BUSY
404,201,יהדות,0,19,0,FREE
505,203,מ.ישראל,0,10,0,FREE
505,203,מ.ישראל,0,9,0,BUSY
1005,19,רוח,0,8,0,FREE
1005,19,רוח,0,9,0,BUSY
1005,108,רוח,0,17,0,FREE
1005,108,רוח,0,16,0,FREE
1005,201,רוח,0,9,0,FREE
1005,201,רוח,0,16,1,BUSY
1005,209,רוח,0,12,0,FREE
1005,209,רוח,0,17,0,FREE
1005,207,רוח,0,14,1,BUSY
1005,207,רוח,0,17,0,FREE
1005,203,רוח,0,18,0,FREE
1005,203,רוח,0,8,0,BUSY
604,201,מ.ישראל,0,11,0,FREE
604,201,מ.ישראל,0,18,0,FREE
305,105,משפטים,0,15,0,FREE
305,105,משפטים,0,18,0,FREE
507,37,מ.ישראל,0,16,0,FREE
507,37,מ.ישראל,0,14,0,FREE
1104,42,הנדסה,0,9,1,BUSY
1104,42,הנדסה,0,13,1,BUSY
1105,42,הנדסה,0,19,0,FREE
1105,42,הנדסה,0,12,0,FREE
1103,22,הנדסה,0,12,1,BUSY
1103,22,הנדסה,0,15,1,BUSY
902,9,חברה,0,10,1,BUSY
902,9,חברה,0,12,0,FREE
304,9,משפטים,0,14,0,BUSY
304,9,משפטים,0,19,0,FREE
1105,271,הנדסה,0,13,1,FREE
1105,271,הנדסה,0,8,0,FREE
1104,271,הנדסה,0,10,0,BUSY
1104,271,הנדסה,0,12,0,FREE
507,61,מ.ישראל,0,12,0,FREE
507,61,מ.ישראל,0,18,0,FREE
213,304,טבע,0,9,0,FREE
213,304,טבע,0,19,1,BUSY
213,320,טבע,0,16,0,FREE
213,320,טבע,0,19,0,BUSY
1004,203,רוח,0,13,1,BUSY
1004,203,רוח,0,10,0,BUSY
1004,212,רוח,0,17,1,BUSY
1004,212,רוח,0,8,1,BUSY
410,328,יהדות,0,14,1,BUSY
410,328,יהדות,0,16,1,BUSY
410,332,יהדות,0,11,0,FREE
410,332,יהדות,0,9,0,FREE
604,204,מ.ישראל,0,14,0,FREE
604,204,מ.ישראל,0,9,0,FREE
1002,203,רוח,0,9,0,FREE
1002,203,רוח,0,12,0,FREE
202,301,טבע,0,8,1,BUSY
202,301,טבע,0,10,1,BUSY
203,4,טבע,0,18,0,FREE
203,4,טבע,0,10,0,BUSY
202,221,טבע,0,14,0,BUSY
202,221,טבע,0,19,0,FREE
202,205,טבע,0,17,0,BUSY
202,205,טבע,0,8,0,FREE
202,304,טבע,0,10,0,FREE
202,304,טבע,0,19,0,FREE
202,505,טבע,0,14,0,FREE
202,505,טבע,0,8,0,FREE
202,203,טבע,0,12,0,FREE
202,203,טבע,0,19,0,FREE
202,303,טבע,0,8,0,BUSY
202,303,טבע,0,10,1,BUSY
202,201,טבע,0,8,0,BUSY
202,201,טבע,0,10,1,BUSY
202,204,טבע,0,12,0,BUSY
202,204,טבע,0,19,0,BUSY
505,505,מ.ישראל,0,19,0,FREE
505,505,מ.ישראל,0,12,0,FREE
902,301,חברה,0,12,0,FREE
902,301,חברה,0,8,1,BUSY
902,12,חברה,0,10,1,BUSY
902,12,חברה,0,16,1,BUSY
902,107,חברה,0,19,0,FREE
902,107,חברה,0,17,0,FREE
905,217,חברה,0,14,1,BUSY
905,217,חברה,0,13,1,BUSY
902,217,חברה,0,18,0,FREE
902,217,חברה,0,16,0,FREE
902,110,חברה,0,12,0,FREE
902,110,חברה,0,18,0,FREE
902,109,חברה,0,18,0,FREE
902,109,חברה,0,19,0,BUSY
507,23,מ.ישראל,0,10,0,FREE
507,23,מ.ישראל,0,15,0,FREE
1004,406,רוח,0,11,1,BUSY
1004,406,רוח,0,13,1,BUSY
1105,368,הנדסה,0,19,0,FREE
1105,368,הנדסה,0,10,0,BUSY
1102,2,הנדסה,0,17,1,BUSY
1102,2,הנדסה,0,19,1,BUSY
1104,244,הנדסה,0,10,1,BUSY
1104,244,הנדסה,0,8,0,FREE
1104,249,הנדסה,0,10,1,BUSY
1104,249,הנדסה,0,16,1,FREE
1104,243,הנדסה,0,18,1,BUSY
1104,243,הנדסה,0,17,1,BUSY
1103,42,הנדסה,0,9,0,FREE
1103,42,הנדסה,0,18,0,BUSY
1401,4,nan,0,9,1,FREE
1401,4,nan,0,14,1,BUSY
1105,3,הנדסה,0,11,0,FREE
1105,3,הנדסה,0,16,0,FREE
1102,4,הנדסה,0,18,0,FREE
1102,4,הנדסה,0,15,0,BUSY
A1300,2,מעונות,0,15,1,BUSY
A1300,2,מעונות,0,16,1,BUSY
A1300,1,מעונות,0,15,1,BUSY
A1300,1,מעונות,0,10,1,BUSY
901,4,חברה,0,17,0,FREE
901,4,חברה,0,14,0,FREE
1103,223,הנדסה,0,12,1,FREE
1103,223,הנדסה,0,11,1,BUSY
1102,205,הנדסה,0,8,0,FREE
1102,205,הנדסה,0,9,0,FREE
1105,366,הנדסה,0,11,1,BUSY
1105,366,הנדסה,0,15,0,FREE
1104,344,הנדסה,0,14,0,FREE
1104,344,הנדסה,0,13,0,FREE
1104,347,הנדסה,0,17,1,BUSY
1104,347,הנדסה,0,10,0,FREE
1103,224,הנדסה,0,11,1,BUSY
1103,224,הנדסה,0,8,0,FREE
1002,112,רוח,0,12,0,FREE
1002,112,רוח,0,19,0,FREE
905,119,חברה,0,15,1,FREE
905,119,חברה,0,13,1,BUSY
905,118,חברה,0,9,1,BUSY
905,118,חברה,0,12,1,BUSY
905,319,חברה,0,11,0,FREE
905,319,חברה,0,8,0,BUSY
905,418,חברה,0,15,1,BUSY
905,418,חברה,0,16,1,FREE
905,416,חברה,0,9,0,FREE
905,416,חברה,0,13,0,BUSY
905,211,חברה,0,9,0,FREE
905,211,חברה,0,14,0,FREE
905,321,חברה,0,9,0,BUSY
905,321,חברה,0,8,0,FREE
905,311,חברה,0,16,0,BUSY
905,311,חברה,0,10,0,BUSY
905,2,חברה,0,16,0,BUSY
905,2,חברה,0,9,0,FREE
905,317,חברה,0,11,0,FREE
905,317,חברה,0,8,0,BUSY
502,63,מ.ישראל,0,10,0,FREE
502,63,מ.ישראל,0,8,0,BUSY
212,214,טבע,0,16,0,BUSY
212,214,טבע,0,13,0,BUSY
211,21,nan,0,15,0,FREE
211,21,nan,0,9,0,FREE
211,17,nan,0,14,1,FREE
211,17,nan,0,16,0,FREE
505,7,מ.ישראל,0,17,0,BUSY
505,7,מ.ישראל,0,14,0,BUSY
212,212,nan,0,14,0,FREE
212,212,nan,0,10,0,FREE
212,1,טבע,0,19,0,FREE
212,1,טבע,0,13,0,FREE
304,4,משפטים,0,18,0,FREE
304,4,משפטים,0,11,0,BUSY
403,3,יהדות,0,18,0,FREE
403,3,יהדות,0,16,0,FREE
905,25,חברה,0,10,0,FREE
905,25,חברה,0,8,0,FREE
212,310,טבע,0,9,0,BUSY
212,310,טבע,0,13,0,BUSY
212,1,nan,0,9,0,FREE
212,1,nan,0,14,0,FREE
212,3,טבע,0,8,0,FREE
212,3,טבע,0,9,0,BUSY
212,21,nan,0,18,0,FREE
212,21,nan,0,10,0,FREE
203,212,טבע,0,16,0,FREE
203,212,טבע,0,14,0,BUSY
304,69,משפטים,0,12,0,BUSY
304,69,משפטים,0,17,0,FREE
305,11,משפטים,0,9,0,FREE
305,11,משפטים,0,18,0,FREE
901,11,חברה,0,15,0,FREE
901,11,חברה,0,19,0,FREE
211,3,nan,0,9,0,FREE
211,3,nan,0,16,0,FREE
213,61,טבע,0,8,0,FREE
213,61,טבע,0,14,0,FREE
211,9,nan,0,15,0,FREE
211,9,nan,0,19,0,FREE
902,1,חברה,0,16,0,FREE
902,1,חברה,0,17,0,FREE
304,7,משפטים,0,11,0,BUSY
304,7,משפטים,0,12,0,FREE
403,1,מינץ,0,19,0,FREE
403,1,מינץ,0,17,0,FREE
211,7,nan,0,8,0,FREE
211,7,nan,0,16,0,FREE
501,11,מ.ישראל,0,17,0,FREE
501,11,מ.ישראל,0,9,0,FREE
507,11,מ.ישראל,0,10,0,FREE
507,11,מ.ישראל,0,11,0,FREE
1401,7,nan,0,14,0,BUSY
1401,7,nan,0,12,0,FREE
211,63,nan,0,15,0,FREE
211,63,nan,0,14,0,FREE
105,134,סטודנטים,0,19,0,FREE
105,134,סטודנטים,0,10,0,FREE
305,3,משפטים,0,12,0,FREE
305,3,משפטים,0,8,0,FREE
404,133,יהדות,0,19,0,BUSY
404,133,יהדות,0,14,0,FREE
306,1,משפטים,0,13,0,FREE
306,1,משפטים,0,9,0,BUSY
304,132,משפטים,0,10,0,FREE
304,132,משפטים,0,13,0,BUSY
105,132,סטודנטים,0,12,0,BUSY
105,132,סטודנטים,0,18,0,BUSY
404,134,יהדות,0,19,0,FREE
404,134,יהדות,0,14,0,FREE
404,65,יהדות,0,13,0,BUSY
404,65,יהדות,0,19,0,BUSY
102,133,סטודנטים,0,12,0,BUSY
102,133,סטודנטים,0,11,0,FREE
305,104,משפטים,0,18,0,FREE
305,104,משפטים,0,12,0,FREE
507,10,מ.ישראל,0,13,0,FREE
507,10,מ.ישראל,0,18,0,FREE
507,62,מ.ישראל,0,16,0,BUSY
507,62,מ.ישראל,0,8,0,BUSY
604,309,מ.ישראל,0,19,0,FREE
604,309,מ.ישראל,0,18,0,FREE
901,101,חברה,0,8,0,FREE
901,101,חברה,0,9,0,BUSY
901,102,חברה,0,17,0,FREE
901,102,חברה,0,14,0,BUSY
301,202,פלדמן,0,17,0,FREE
301,202,פלדמן,0,15,0,BUSY
905,104,חברה,0,19,0,FREE
905,104,חברה,0,18,0,FREE
507,107,מ.ישראל,1,17,1,BUSY
507,107,מ.ישראל,1,14,0,BUSY
905,61,חברה,1,12,1,BUSY
905,61,חברה,1,14,1,BUSY
1401,2,nan,1,19,1,FREE
1401,2,nan,1,8,0,FREE
402,63,יהדות,1,14,1,BUSY
402,63,יהדות,1,15,1,FREE
203,221,טבע,1,17,1,BUSY
203,221,טבע,1,19,1,BUSY
1002,1,רוח,1,13,1,BUSY
1002,1,רוח,1,10,0,FREE
604,63,מ.ישראל,1,10,1,BUSY
604,63,מ.ישראל,1,19,0,FREE
604,64,מ.ישראל,1,13,1,BUSY
604,64,מ.ישראל,1,10,0,FREE
604,105,מ.ישראל,1,10,1,BUSY
604,105,מ.ישראל,1,13,1,BUSY
403,211,יהדות,1,14,1,BUSY
403,211,יהדות,1,15,1,FREE
604,102,מ.ישראל,1,13,1,BUSY
604,102,מ.ישראל,1,17,1,BUSY
403,217,יהדות,1,15,1,BUSY
403,217,יהדות,1,19,0,FREE
305,133,משפטים,1,8,0,FREE
305,133,משפטים,1,19,1,BUSY
504,2,מ.ישראל,1,18,1,BUSY
504,2,מ.ישראל,1,14,0,FREE
507,102,מ.ישראל,1,9,1,BUSY
507,102,מ.ישראל,1,19,1,BUSY
604,62,מ.ישראל,1,12,1,BUSY
604,62,מ.ישראל,1,18,0,FREE
1002,405,רוח,1,8,0,FREE
1002,405,רוח,1,16,0,FREE
902,210,חברה,1,17,1,BUSY
902,210,חברה,1,13,1,BUSY
508,7,מ.ישראל,1,15,1,BUSY
508,7,מ.ישראל,1,13,1,FREE
502,8,מ.ישראל,1,8,1,BUSY
502,8,מ.ישראל,1,10,1,BUSY
605,104,מ.ישראל,1,18,0,FREE
605,104,מ.ישראל,1,15,0,FREE
1002,61,רוח,1,13,1,BUSY
1002,61,רוח,1,15,1,BUSY
507,4,מ.ישראל,1,18,0,FREE
507,4,מ.ישראל,1,13,1,BUSY
504,4,מ.ישראל,1,15,0,BUSY
504,4,מ.ישראל,1,18,0,FREE
1002,202,רוח,1,8,0,FREE
1002,202,רוח,1,11,1,BUSY
502,6,מ.ישראל,1,11,0,BUSY
502,6,מ.ישראל,1,18,0,FREE
502,7,מ.ישראל,1,16,1,BUSY
502,7,מ.ישראל,1,19,0,FREE
505,4,מ.ישראל,1,10,1,BUSY
505,4,מ.ישראל,1,8,0,BUSY
502,9,מ.ישראל,1,14,0,FREE
502,9,מ.ישראל,1,12,1,BUSY
1005,109,רוח,1,17,1,BUSY
1005,109,רוח,1,11,1,FREE
902,103,חברה,1,15,1,BUSY
902,103,חברה,1,14,1,BUSY
502,37,מ.ישראל,1,10,1,BUSY
502,37,מ.ישראל,1,15,1,BUSY
902,201,חברה,1,14,1,BUSY
902,201,חברה,1,17,1,BUSY
604,205,מ.ישראל,1,14,1,BUSY
604,205,מ.ישראל,1,16,1,BUSY
505,63,מ.ישראל,1,13,0,BUSY
505,63,מ.ישראל,1,10,0,BUSY
504,5,מ.ישראל,1,13,0,FREE
504,5,מ.ישראל,1,18,1,BUSY
305,5,משפטים,1,18,0,FREE
305,5,משפטים,1,9,0,FREE
605,14,מ.ישראל,1,9,1,BUSY
605,14,מ.ישראל,1,17,1,BUSY
505,105,מ.ישראל,1,16,1,BUSY
505,105,מ.ישראל,1,8,1,BUSY
502,24,מ.ישראל,1,12,1,BUSY
502,24,מ.ישראל,1,17,0,FREE
505,5,מ.ישראל,1,13,1,BUSY
505,5,מ.ישראל,1,17,1,BUSY
404,68,יהדות,1,12,1,BUSY
404,68,יהדות,1,13,1,BUSY
305,134,משפטים,1,10,1,BUSY
305,134,משפטים,1,9,1,BUSY
105,103,סטודנטים,1,12,0,FREE
105,103,סטודנטים,1,9,0,BUSY
105,104,סטודנטים,1,19,1,BUSY
105,104,סטודנטים,1,18,1,BUSY
105,101,סטודנטים,1,8,0,FREE
105,101,סטודנטים,1,11,1,BUSY
105,102,סטודנטים,1,12,1,BUSY
105,102,סטודנטים,1,10,1,BUSY
105,1,סטודנטים,1,19,1,BUSY
105,1,סטודנטים,1,17,1,BUSY
304,3,משפטים,1,12,1,FREE
304,3,משפטים,1,10,1,BUSY
305,6,משפטים,1,10,1,BUSY
305,6,משפטים,1,13,1,BUSY
105,61,סטודנטים,1,17,1,FREE
105,61,סטודנטים,1,10,1,BUSY
105,2,סטודנטים,1,16,0,BUSY
105,2,סטודנטים,1,10,1,FREE
304,2,משפטים,1,12,1,BUSY
304,2,משפטים,1,8,1,FREE
105,3,סטודנטים,1,16,1,BUSY
105,3,סטודנטים,1,19,0,FREE
605,101,מ.ישראל,1,19,1,BUSY
605,101,מ.ישראל,1,11,1,BUSY
605,102,מ.ישראל,1,19,0,BUSY
605,102,מ.ישראל,1,10,1,BUSY
604,11,מ.ישראל,1,17,1,BUSY
604,11,מ.ישראל,1,10,1,BUSY
605,11,מ.ישראל,1,15,1,FREE
605,11,מ.ישראל,1,18,0,FREE
604,12,מ.ישראל,1,15,1,BUSY
604,12,מ.ישראל,1,16,1,BUSY
504,6,מ.ישראל,1,10,1,BUSY
504,6,מ.ישראל,1,13,1,FREE
605,202,מ.ישראל,1,8,0,FREE
605,202,מ.ישראל,1,15,0,FREE
604,14,מ.ישראל,1,14,1,BUSY
604,14,מ.ישראל,1,13,1,BUSY
507,101,מ.ישראל,1,16,1,BUSY
507,101,מ.ישראל,1,18,1,BUSY
507,103,מ.ישראל,1,10,1,BUSY
507,103,מ.ישראל,1,8,0,FREE
504,7,מ.ישראל,1,13,0,FREE
504,7,מ.ישראל,1,12,0,BUSY
604,13,מ.ישראל,1,9,1,BUSY
604,13,מ.ישראל,1,14,1,BUSY
505,1,מ.ישראל,1,8,0,FREE
505,1,מ.ישראל,1,18,1,BUSY
504,3,מ.ישראל,1,17,1,FREE
504,3,מ.ישראל,1,13,1,BUSY
604,101,מ.ישראל,1,12,1,BUSY
604,101,מ.ישראל,1,10,1,BUSY
507,201,מ.ישראל,1,11,1,BUSY
507,201,מ.ישראל,1,18,1,BUSY
403,67,יהדות,1,14,1,BUSY
403,67,יהדות,1,19,1,BUSY
507,204,מ.ישראל,1,19,0,FREE
507,204,מ.ישראל,1,17,1,BUSY
505,106,מ.ישראל,1,17,1,BUSY
505,106,מ.ישראל,1,13,1,BUSY
505,62,מ.ישראל,1,19,0,FREE
505,62,מ.ישראל,1,18,0,FREE
505,104,מ.ישראל,1,9,1,BUSY
505,104,מ.ישראל,1,18,1,BUSY
605,13,מ.ישראל,1,19,1,BUSY
605,13,מ.ישראל,1,13,1,BUSY
501,25,מ.ישראל,1,11,1,BUSY
501,25,מ.ישראל,1,13,1,BUSY
505,201,מ.ישראל,1,17,0,FREE
505,201,מ.ישראל,1,10,1,BUSY
505,3,מ.ישראל,1,13,0,FREE
505,3,מ.ישראל,1,10,1,BUSY
507,207,מ.ישראל,1,19,1,BUSY
507,207,מ.ישראל,1,11,1,FREE
604,61,מ.ישראל,1,15,1,FREE
604,61,מ.ישראל,1,9,1,BUSY
507,2,מ.ישראל,1,15,1,BUSY
507,2,מ.ישראל,1,17,1,BUSY
505,101,מ.ישראל,1,17,1,BUSY
505,101,מ.ישראל,1,8,1,BUSY
905,417,חברה,1,10,1,BUSY
905,417,חברה,1,15,0,BUSY
504,1,מ.ישראל,1,14,1,BUSY
504,1,מ.ישראל,1,18,0,FREE
605,201,מ.ישראל,1,17,1,BUSY
605,201,מ.ישראל,1,8,0,FREE
604,104,מ.ישראל,1,10,1,BUSY
604,104,מ.ישראל,1,9,1,BUSY
213,4,טבע,1,17,0,FREE
213,4,טבע,1,19,1,BUSY
105,4,סטודנטים,1,19,1,FREE
105,4,סטודנטים,1,9,0,FREE
102,2,סטודנטים,1,11,0,FREE
102,2,סטודנטים,1,12,0,BUSY
105,5,סטודנטים,1,12,1,FREE
105,5,סטודנטים,1,17,0,FREE
105,105,סטודנטים,1,17,1,BUSY
105,105,סטודנטים,1,11,1,BUSY
207,1,טבע,1,12,0,BUSY
207,1,טבע,1,14,1,BUSY
105,106,סטודנטים,1,19,1,FREE
105,106,סטודנטים,1,17,1,BUSY
404,115,יהדות,1,10,1,BUSY
404,115,יהדות,1,12,1,BUSY
403,101,יהדות,1,18,0,FREE
403,101,יהדות,1,19,0,FREE
404,102,יהדות,1,11,1,BUSY
404,102,יהדות,1,14,1,BUSY
105,6,סטודנטים,1,10,0,BUSY
105,6,סטודנטים,1,15,0,FREE
102,4,סטודנטים,1,13,1,BUSY
102,4,סטודנטים,1,9,0,FREE
404,114,יהדות,1,11,1,BUSY
404,114,יהדות,1,15,1,BUSY
306,111,משפטים,1,17,1,BUSY
306,111,משפטים,1,13,0,FREE
505,2,מ.ישראל,1,15,1,FREE
505,2,מ.ישראל,1,18,0,BUSY
604,2,מ.ישראל,1,10,0,FREE
604,2,מ.ישראל,1,19,0,BUSY
605,61,מ.ישראל,1,12,0,BUSY
605,61,מ.ישראל,1,15,1,BUSY
410,125,יהדות,1,11,1,BUSY
410,125,יהדות,1,18,1,BUSY
410,46,יהדות,1,14,1,BUSY
410,46,יהדות,1,13,1,BUSY
403,66,יהדות,1,17,1,FREE
403,66,יהדות,1,11,1,BUSY
502,26,מ.ישראל,1,17,1,BUSY
502,26,מ.ישראל,1,11,1,FREE
502,25,מ.ישראל,1,14,0,FREE
502,25,מ.ישראל,1,9,0,FREE
403,218,יהדות,1,19,0,BUSY
403,218,יהדות,1,14,0,FREE
403,113,יהדות,1,12,1,FREE
403,113,יהדות,1,16,1,BUSY
410,142,יהדות,1,8,1,BUSY
410,142,יהדות,1,10,1,BUSY
505,61,מ.ישראל,1,19,0,BUSY
505,61,מ.ישראל,1,9,1,BUSY
505,11,מ.ישראל,1,14,0,FREE
505,11,מ.ישראל,1,13,0,FREE
605,105,מ.ישראל,1,15,0,BUSY
605,105,מ.ישראל,1,10,1,BUSY
604,1,מ.ישראל,1,16,0,BUSY
604,1,מ.ישראל,1,12,0,FREE
507,14,מ.ישראל,1,8,0,BUSY
507,14,מ.ישראל,1,14,0,FREE
605,4,מ.ישראל,1,12,0,FREE
605,4,מ.ישראל,1,16,0,FREE
502,62,מ.ישראל,1,16,0,FREE
502,62,מ.ישראל,1,8,0,FREE
605,7,מ.ישראל,1,11,0,FREE
605,7,מ.ישראל,1,12,0,FREE
507,206,מ.ישראל,1,16,1,BUSY
507,206,מ.ישראל,1,19,1,FREE
504,206,מ.ישראל,1,8,0,BUSY
504,206,מ.ישראל,1,15,0,FREE
508,103,מ.ישראל,1,11,0,BUSY
508,103,מ.ישראל,1,14,0,FREE
507,106,מ.ישראל,1,9,0,FREE
507,106,מ.ישראל,1,10,1,BUSY
605,106,מ.ישראל,1,18,0,BUSY
605,106,מ.ישראל,1,13,0,FREE
507,108,מ.ישראל,1,12,1,BUSY
507,108,מ.ישראל,1,8,1,BUSY
505,108,מ.ישראל,1,15,0,FREE
505,108,מ.ישראל,1,14,0,FREE
505,102,מ.ישראל,1,16,1,BUSY
505,102,מ.ישראל,1,9,1,BUSY
507,6,מ.ישראל,1,14,1,BUSY
507,6,מ.ישראל,1,16,1,BUSY
507,208,מ.ישראל,1,11,1,BUSY
507,208,מ.ישראל,1,10,1,FREE
507,205,מ.ישראל,1,15,0,BUSY
507,205,מ.ישראל,1,10,1,BUSY
507,3,מ.ישראל,1,10,1,BUSY
507,3,מ.ישראל,1,19,1,BUSY
505,103,מ.ישראל,1,8,1,BUSY
505,103,מ.ישראל,1,14,1,BUSY
507,209,מ.ישראל,1,14,1,BUSY
507,209,מ.ישראל,1,9,1,BUSY
507,202,מ.ישראל,1,18,0,BUSY
507,202,מ.ישראל,1,13,1,BUSY
605,103,מ.ישראל,1,19,0,FREE
605,103,מ.ישראל,1,9,1,BUSY
403,2,יהדות,1,9,1,BUSY
403,2,יהדות,1,13,1,BUSY
507,104,מ.ישראל,1,18,1,BUSY
507,104,מ.ישראל,1,9,1,BUSY
507,5,מ.ישראל,1,15,0,FREE
507,5,מ.ישראל,1,16,1,BUSY
507,203,מ.ישראל,1,19,1,BUSY
507,203,מ.ישראל,1,12,1,BUSY
305,132,משפטים,1,17,1,FREE
305,132,משפטים,1,16,0,FREE
902,101,חברה,1,15,1,BUSY
902,101,חברה,1,17,1,BUSY
902,104,חברה,1,9,1,BUSY
902,104,חברה,1,8,1,BUSY
1005,112,רוח,1,12,0,FREE
1005,112,רוח,1,15,1,FREE
605,65,מ.ישראל,1,8,0,FREE
605,65,מ.ישראל,1,18,1,BUSY
905,116,חברה,1,10,1,BUSY
905,116,חברה,1,12,1,BUSY
203,226,טבע,1,15,1,BUSY
203,226,טבע,1,14,1,BUSY
902,202,חברה,1,9,0,FREE
902,202,חברה,1,15,1,BUSY
902,102,חברה,1,14,1,BUSY
902,102,חברה,1,16,1,BUSY
1002,201,רוח,1,19,0,FREE
1002,201,רוח,1,9,1,BUSY
605,12,מ.ישראל,1,17,1,BUSY
605,12,מ.ישראל,1,15,1,BUSY
502,30,מ.ישראל,1,11,1,BUSY
502,30,מ.ישראל,1,17,0,FREE
504,63,מ.ישראל,1,15,0,BUSY
504,63,מ.ישראל,1,9,0,FREE
507,13,מ.ישראל,1,10,0,FREE
507,13,מ.ישראל,1,8,0,FREE
507,105,מ.ישראל,1,17,1,FREE
507,105,מ.ישראל,1,14,1,BUSY
604,103,מ.ישראל,1,17,1,BUSY
604,103,מ.ישראל,1,19,0,BUSY
410,26,יהדות,1,9,0,FREE
410,26,יהדות,1,14,1,BUSY
410,6,יהדות,1,8,0,FREE
410,6,יהדות,1,19,0,FREE
404,66,יהדות,1,11,0,FREE
404,66,יהדות,1,16,0,FREE
605,64,מ.ישראל,1,10,1,FREE
605,64,מ.ישראל,1,18,1,BUSY
505,64,מ.ישראל,1,8,0,FREE
505,64,מ.ישראל,1,18,0,BUSY
403,115,יהדות,1,15,0,FREE
403,115,יהדות,1,17,0,FREE
404,67,יהדות,1,15,0,BUSY
404,67,יהדות,1,16,0,FREE
1005,111,רוח,1,15,1,BUSY
1005,111,רוח,1,8,0,FREE
1004,305,רוח,1,17,0,FREE
1004,305,רוח,1,12,1,FREE
404,101,יהדות,1,12,1,BUSY
404,101,יהדות,1,10,1,BUSY
1002,305,רוח,1,9,1,BUSY
1002,305,רוח,1,17,1,FREE
504,208,מ.ישראל,1,12,0,BUSY
504,208,מ.ישראל,1,11,0,FREE
211,112,טבע,1,9,1,BUSY
211,112,טבע,1,14,1,BUSY
305,63,משפטים,1,15,0,FREE
305,63,משפטים,1,8,0,BUSY
306,112,משפטים,1,19,0,FREE
306,112,משפטים,1,10,0,FREE
211,106,טבע,1,12,0,BUSY
211,106,טבע,1,19,0,FREE
207,201,טבע,1,17,0,FREE
207,201,טבע,1,12,0,FREE
305,101,משפטים,1,15,0,FREE
305,101,משפטים,1,9,0,BUSY
403,61,יהדות,1,10,0,FREE
403,61,יהדות,1,9,0,FREE
202,202,טבע,1,8,0,BUSY
202,202,טבע,1,18,0,FREE
203,106,טבע,1,14,0,BUSY
203,106,טבע,1,12,0,FREE
203,112,טבע,1,14,0,BUSY
203,112,טבע,1,13,0,FREE
105,112,סטודנטים,1,13,0,BUSY
105,112,סטודנטים,1,10,0,BUSY
207,6,טבע,1,16,0,FREE
207,6,טבע,1,17,0,FREE
207,4,טבע,1,15,0,BUSY
207,4,טבע,1,17,0,BUSY
207,101,טבע,1,11,0,BUSY
207,101,טבע,1,13,0,FREE
604,6,מ.ישראל,1,18,0,FREE
604,6,מ.ישראל,1,15,0,FREE
211,22,nan,1,13,0,FREE
211,22,nan,1,12,0,FREE
211,4,טבע,1,17,0,FREE
211,4,טבע,1,11,0,FREE
507,7,מ.ישראל,1,12,1,BUSY
507,7,מ.ישראל,1,14,1,BUSY
1401,3,nan,1,16,1,FREE
1401,3,nan,1,19,0,FREE
905,63,חברה,1,15,1,BUSY
905,63,חברה,1,19,1,BUSY
901,61,חברה,1,12,1,BUSY
901,61,חברה,1,9,0,BUSY
403,69,מינץ,1,10,1,BUSY
403,69,מינץ,1,11,1,BUSY
1401,63,nan,1,10,1,BUSY
1401,63,nan,1,19,0,FREE
1401,1,nan,1,10,1,BUSY
1401,1,nan,1,13,1,BUSY
507,1,מ.ישראל,1,19,0,FREE
507,1,מ.ישראל,1,8,0,FREE
905,62,חברה,1,13,1,BUSY
905,62,חברה,1,19,1,BUSY
504,10,מ.ישראל,1,14,0,FREE
504,10,מ.ישראל,1,10,1,BUSY
505,202,מ.ישראל,1,16,1,BUSY
505,202,מ.ישראל,1,14,1,BUSY
1002,102,רוח,1,8,0,BUSY
1002,102,רוח,1,17,1,BUSY
410,226,יהדות,1,11,1,FREE
410,226,יהדות,1,13,1,BUSY
410,225,יהדות,1,19,0,FREE
410,225,יהדות,1,13,1,BUSY
1004,407,רוח,1,17,0,FREE
1004,407,רוח,1,9,0,FREE
1004,402,רוח,1,19,1,BUSY
1004,402,רוח,1,14,1,BUSY
505,65,מ.ישראל,1,18,0,FREE
505,65,מ.ישראל,1,17,0,BUSY
505,204,מ.ישראל,1,14,1,BUSY
505,204,מ.ישראל,1,18,0,FREE
304,1,משפטים,1,13,1,BUSY
304,1,משפטים,1,14,1,BUSY
605,63,מ.ישראל,1,9,1,BUSY
605,63,מ.ישראל,1,13,1,BUSY
305,10,משפטים,1,19,0,FREE
305,10,משפטים,1,8,0,FREE
304,61,משפטים,1,13,0,FREE
304,61,משפטים,1,17,0,FREE
604,202,מ.ישראל,1,13,0,FREE
604,202,מ.ישראל,1,18,0,BUSY
211,25,nan,1,11,1,BUSY
211,25,nan,1,18,0,FREE
304,25,משפטים,1,19,0,FREE
304,25,משפטים,1,8,0,FREE
1105,53,הנדסה,1,16,1,BUSY
1105,53,הנדסה,1,9,1,BUSY
1401,53,nan,1,9,1,BUSY
1401,53,nan,1,19,0,FREE
305,2,משפטים,1,9,0,FREE
305,2,משפטים,1,13,0,FREE
305,4,משפטים,1,16,1,BUSY
305,4,משפטים,1,17,1,BUSY
502,23,מ.ישראל,1,18,1,BUSY
502,23,מ.ישראל,1,16,1,BUSY
503,1,מ.ישראל,1,11,0,FREE
503,1,מ.ישראל,1,16,1,BUSY
404,113,יהדות,1,8,1,BUSY
404,113,יהדות,1,18,0,FREE
404,201,יהדות,1,16,1,BUSY
404,201,יהדות,1,13,1,FREE
505,203,מ.ישראל,1,15,0,FREE
505,203,מ.ישראל,1,17,0,BUSY
1005,19,רוח,1,17,1,BUSY
1005,19,רוח,1,10,0,FREE
1005,108,רוח,1,9,0,FREE
1005,108,רוח,1,13,0,FREE
1005,201,רוח,1,9,0,BUSY
1005,201,רוח,1,11,0,BUSY
1005,209,רוח,1,11,1,BUSY
1005,209,רוח,1,12,1,BUSY
1005,207,רוח,1,12,1,BUSY
1005,207,רוח,1,10,0,FREE
1005,203,רוח,1,13,0,FREE
1005,203,רוח,1,12,0,BUSY
604,201,מ.ישראל,1,10,0,FREE
604,201,מ.ישראל,1,16,0,FREE
305,105,משפטים,1,15,0,FREE
305,105,משפטים,1,19,0,FREE
507,37,מ.ישראל,1,12,0,FREE
507,37,מ.ישראל,1,14,0,FREE
1104,42,הנדסה,1,15,1,BUSY
1104,42,הנדסה,1,14,1,FREE
1105,42,הנדסה,1,8,0,FREE
1105,42,הנדסה,1,11,0,FREE
1103,22,הנדסה,1,14,1,BUSY
1103,22,הנדסה,1,16,1,BUSY
902,9,חברה,1,15,1,BUSY
902,9,חברה,1,16,1,BUSY
304,9,משפטים,1,16,0,FREE
304,9,משפטים,1,8,0,FREE
1105,271,הנדסה,1,14,1,BUSY
1105,271,הנדסה,1,8,0,FREE
1104,271,הנדסה,1,16,0,BUSY
1104,271,הנדסה,1,14,0,FREE
507,61,מ.ישראל,1,13,0,BUSY
507,61,מ.ישראל,1,10,0,FREE
213,304,טבע,1,10,1,BUSY
213,304,טבע,1,11,1,BUSY
213,320,טבע,1,17,0,FREE
213,320,טבע,1,19,0,FREE
1004,203,רוח,1,15,0,FREE
1004,203,רוח,1,13,1,BUSY
1004,212,רוח,1,18,1,BUSY
1004,212,רוח,1,17,0,BUSY
410,328,יהדות,1,13,1,BUSY
410,328,יהדות,1,18,0,FREE
410,332,יהדות,1,15,1,FREE
410,332,יהדות,1,13,0,BUSY
604,204,מ.ישראל,1,9,0,BUSY
604,204,מ.ישראל,1,14,0,FREE
1002,203,רוח,1,13,1,BUSY
1002,203,רוח,1,12,1,BUSY
202,301,טבע,1,19,0,FREE
202,301,טבע,1,11,1,BUSY
203,4,טבע,1,14,0,BUSY
203,4,טבע,1,16,0,FREE
202,221,טבע,1,16,0,FREE
202,221,טבע,1,17,0,BUSY
202,205,טבע,1,15,0,FREE
202,205,טבע,1,16,0,FREE
202,304,טבע,1,18,0,BUSY
202,304,טבע,1,11,1,BUSY
202,505,טבע,1,10,0,FREE
202,505,טבע,1,18,0,FREE
202,203,טבע,1,19,0,BUSY
202,203,טבע,1,10,1,BUSY
202,303,טבע,1,15,1,BUSY
202,303,טבע,1,17,1,BUSY
202,201,טבע,1,16,0,FREE
202,201,טבע,1,18,0,FREE
202,204,טבע,1,13,0,BUSY
202,204,טבע,1,14,0,BUSY
505,505,מ.ישראל,1,13,0,BUSY
505,505,מ.ישראל,1,16,0,BUSY
902,301,חברה,1,11,1,BUSY
902,301,חברה,1,18,0,BUSY
902,12,חברה,1,14,1,BUSY
902,12,חברה,1,8,1,BUSY
902,107,חברה,1,15,0,BUSY
902,107,חברה,1,8,1,BUSY
905,217,חברה,1,14,1,BUSY
905,217,חברה,1,10,1,BUSY
902,217,חברה,1,14,0,BUSY
902,217,חברה,1,8,0,FREE
902,110,חברה,1,10,0,FREE
902,110,חברה,1,15,0,FREE
902,109,חברה,1,13,1,BUSY
902,109,חברה,1,8,0,FREE
507,23,מ.ישראל,1,11,0,FREE
507,23,מ.ישראל,1,17,0,FREE
1004,406,רוח,1,10,0,FREE
1004,406,רוח,1,8,0,FREE
1105,368,הנדסה,1,19,1,BUSY
1105,368,הנדסה,1,16,0,FREE
1102,2,הנדסה,1,10,1,FREE
1102,2,הנדסה,1,9,0,FREE
1104,244,הנדסה,1,13,1,BUSY
1104,244,הנדסה,1,8,0,FREE
1104,249,הנדסה,1,12,1,BUSY
1104,249,הנדסה,1,18,1,BUSY
1104,243,הנדסה,1,16,1,FREE
1104,243,הנדסה,1,8,0,BUSY
1103,42,הנדסה,1,12,1,BUSY
1103,42,הנדסה,1,10,1,FREE
1401,4,nan,1,16,0,FREE
1401,4,nan,1,11,1,BUSY
1105,3,הנדסה,1,19,0,FREE
1105,3,הנדסה,1,16,0,FREE
1102,4,הנדסה,1,17,0,FREE
1102,4,הנדסה,1,8,0,FREE
A1300,2,מעונות,1,18,1,BUSY
A1300,2,מעונות,1,17,1,FREE
A1300,1,מעונות,1,17,1,FREE
A1300,1,מעונות,1,9,1,BUSY
901,4,חברה,1,12,0,FREE
901,4,חברה,1,10,0,FREE
1103,223,הנדסה,1,9,0,FREE
1103,223,הנדסה,1,14,1,BUSY
1102,205,הנדסה,1,10,0,FREE
1102,205,הנדסה,1,13,0,BUSY
1105,366,הנדסה,1,16,0,BUSY
1105,366,הנדסה,1,19,0,FREE
1104,344,הנדסה,1,13,0,FREE
1104,344,הנדסה,1,12,0,FREE
1104,347,הנדסה,1,16,0,FREE
1104,347,הנדסה,1,14,1,FREE
1103,224,הנדסה,1,13,0,BUSY
1103,224,הנדסה,1,9,0,FREE
1002,112,רוח,1,13,0,FREE
1002,112,רוח,1,9,0,FREE
905,119,חברה,1,8,1,BUSY
905,119,חברה,1,10,1,BUSY
905,118,חברה,1,11,1,BUSY
905,118,חברה,1,13,1,BUSY
905,319,חברה,1,14,1,BUSY
905,319,חברה,1,10,1,BUSY
905,418,חברה,1,8,1,BUSY
905,418,חברה,1,18,0,FREE
905,416,חברה,1,16,0,BUSY
905,416,חברה,1,8,1,BUSY
905,211,חברה,1,16,0,FREE
905,211,חברה,1,8,0,FREE
905,321,חברה,1,13,1,BUSY
905,321,חברה,1,16,1,BUSY
905,311,חברה,1,8,0,BUSY
905,311,חברה,1,12,0,FREE
905,2,חברה,1,16,0,FREE
905,2,חברה,1,18,0,FREE
905,317,חברה,1,16,0,BUSY
905,317,חברה,1,18,1,BUSY
502,63,מ.ישראל,1,16,0,FREE
502,63,מ.ישראל,1,8,0,BUSY
212,214,טבע,1,10,0,FREE
212,214,טבע,1,9,0,BUSY
211,21,nan,1,9,0,FREE
211,21,nan,1,19,0,FREE
211,17,nan,1,11,0,BUSY
211,17,nan,1,13,1,BUSY
505,7,מ.ישראל,1,8,0,FREE
505,7,מ.ישראל,1,15,0,FREE
212,212,nan,1,18,0,FREE
212,212,nan,1,13,0,FREE
212,1,טבע,1,11,1,BUSY
212,1,טבע,1,8,0,FREE
304,4,משפטים,1,19,0,FREE
304,4,משפטים,1,9,0,FREE
403,3,יהדות,1,10,0,FREE
403,3,יהדות,1,14,0,BUSY
905,25,חברה,1,13,0,FREE
905,25,חברה,1,16,0,FREE
212,310,טבע,1,17,1,BUSY
212,310,טבע,1,8,0,BUSY
212,1,nan,1,9,1,BUSY
212,1,nan,1,19,0,FREE
212,3,טבע,1,11,0,FREE
212,3,טבע,1,8,0,FREE
212,21,nan,1,16,0,FREE
212,21,nan,1,15,0,BUSY
203,212,טבע,1,10,0,BUSY
203,212,טבע,1,19,0,BUSY
304,69,משפטים,1,19,0,FREE
304,69,משפטים,1,14,0,FREE
305,11,משפטים,1,9,1,BUSY
305,11,משפטים,1,15,0,FREE
901,11,חברה,1,16,0,FREE
901,11,חברה,1,10,0,FREE
211,3,nan,1,14,0,FREE
211,3,nan,1,16,0,FREE
213,61,טבע,1,13,1,BUSY
213,61,טבע,1,9,0,BUSY
211,9,nan,1,19,0,FREE
211,9,nan,1,10,1,BUSY
902,1,חברה,1,18,0,BUSY
902,1,חברה,1,13,0,FREE
304,7,משפטים,1,12,0,FREE
304,7,משפטים,1,19,0,FREE
403,1,מינץ,1,13,0,FREE
403,1,מינץ,1,19,0,FREE
211,7,nan,1,15,0,FREE
211,7,nan,1,17,0,FREE
501,11,מ.ישראל,1,17,0,FREE
501,11,מ.ישראל,1,19,0,FREE
507,11,מ.ישראל,1,10,0,FREE
507,11,מ.ישראל,1,17,0,FREE
1401,7,nan,1,9,0,FREE
1401,7,nan,1,10,0,FREE
211,63,nan,1,10,0,FREE
211,63,nan,1,17,0,BUSY
105,134,סטודנטים,1,18,0,FREE
105,134,סטודנטים,1,11,0,FREE
305,3,משפטים,1,17,0,BUSY
305,3,משפטים,1,14,0,FREE
404,133,יהדות,1,12,0,BUSY
404,133,יהדות,1,19,0,FREE
306,1,משפטים,1,19,0,FREE
306,1,משפטים,1,10,0,FREE
304,132,משפטים,1,13,0,FREE
304,132,משפטים,1,15,0,FREE
105,132,סטודנטים,1,9,0,FREE
105,132,סטודנטים,1,12,0,FREE
404,134,יהדות,1,11,0,FREE
404,134,יהדות,1,19,0,FREE
404,65,יהדות,1,10,0,FREE
404,65,יהדות,1,15,0,FREE
102,133,סטודנטים,1,9,0,FREE
102,133,סטודנטים,1,13,0,FREE
305,104,משפטים,1,15,0,BUSY
305,104,משפטים,1,13,0,BUSY
507,10,מ.ישראל,1,17,0,FREE
507,10,מ.ישראל,1,19,0,BUSY
507,62,מ.ישראל,1,12,0,BUSY
507,62,מ.ישראל,1,17,0,FREE
604,309,מ.ישראל,1,17,0,BUSY
604,309,מ.ישראל,1,18,0,FREE
901,101,חברה,1,18,0,FREE
901,101,חברה,1,11,1,BUSY
901,102,חברה,1,10,1,BUSY
901,102,חברה,1,12,1,BUSY
301,202,פלדמן,1,14,0,FREE
301,202,פלדמן,1,18,0,FREE
905,104,חברה,1,11,0,FREE
905,104,חברה,1,13,0,FREE
507,107,מ.ישראל,2,16,1,BUSY
507,107,מ.ישראל,2,10,0,BUSY
905,61,חברה,2,16,1,BUSY
905,61,חברה,2,9,1,BUSY
1401,2,nan,2,8,0,FREE
1401,2,nan,2,11,0,FREE
402,63,יהדות,2,12,1,BUSY
402,63,יהדות,2,17,1,BUSY
203,221,טבע,2,15,1,BUSY
203,221,טבע,2,14,1,FREE
1002,1,רוח,2,17,0,FREE
1002,1,רוח,2,13,1,FREE
604,63,מ.ישראל,2,10,1,BUSY
604,63,מ.ישראל,2,18,1,FREE
604,64,מ.ישראל,2,10,1,BUSY
604,64,מ.ישראל,2,9,1,BUSY
604,105,מ.ישראל,2,10,1,BUSY
604,105,מ.ישראל,2,12,0,BUSY
403,211,יהדות,2,18,0,BUSY
403,211,יהדות,2,19,0,FREE
604,102,מ.ישראל,2,17,1,BUSY
604,102,מ.ישראל,2,14,1,FREE
403,217,יהדות,2,9,0,FREE
403,217,יהדות,2,18,0,FREE
305,133,משפטים,2,19,1,BUSY
305,133,משפטים,2,10,1,BUSY
504,2,מ.ישראל,2,10,1,FREE
504,2,מ.ישראל,2,13,1,BUSY
507,102,מ.ישראל,2,10,1,FREE
507,102,מ.ישראל,2,18,1,BUSY
604,62,מ.ישראל,2,13,1,BUSY
604,62,מ.ישראל,2,12,1,BUSY
1002,405,רוח,2,16,0,FREE
1002,405,רוח,2,14,0,FREE
902,210,חברה,2,8,0,FREE
902,210,חברה,2,10,1,BUSY
508,7,מ.ישראל,2,16,1,BUSY
508,7,מ.ישראל,2,10,1,BUSY
502,8,מ.ישראל,2,13,1,BUSY
502,8,מ.ישראל,2,17,1,BUSY
605,104,מ.ישראל,2,17,1,BUSY
605,104,מ.ישראל,2,12,1,BUSY
1002,61,רוח,2,14,0,BUSY
1002,61,רוח,2,9,1,BUSY
507,4,מ.ישראל,2,8,0,FREE
507,4,מ.ישראל,2,18,1,FREE
504,4,מ.ישראל,2,14,1,BUSY
504,4,מ.ישראל,2,9,1,FREE
1002,202,רוח,2,14,1,BUSY
1002,202,רוח,2,19,0,BUSY
502,6,מ.ישראל,2,15,0,FREE
502,6,מ.ישראל,2,14,0,FREE
502,7,מ.ישראל,2,10,1,BUSY
502,7,מ.ישראל,2,11,1,BUSY
505,4,מ.ישראל,2,17,1,BUSY
505,4,מ.ישראל,2,15,1,BUSY
502,9,מ.ישראל,2,19,1,BUSY
502,9,מ.ישראל,2,12,1,BUSY
1005,109,רוח,2,18,0,FREE
1005,109,רוח,2,19,0,FREE
902,103,חברה,2,12,1,BUSY
902,103,חברה,2,11,1,BUSY
502,37,מ.ישראל,2,14,0,FREE
502,37,מ.ישראל,2,12,0,BUSY
902,201,חברה,2,17,1,BUSY
902,201,חברה,2,10,1,FREE
604,205,מ.ישראל,2,11,1,BUSY
604,205,מ.ישראל,2,10,1,BUSY
505,63,מ.ישראל,2,16,1,BUSY
505,63,מ.ישראל,2,12,1,BUSY
504,5,מ.ישראל,2,12,0,BUSY
504,5,מ.ישראל,2,9,0,FREE
305,5,משפטים,2,8,0,BUSY
305,5,משפטים,2,11,0,FREE
605,14,מ.ישראל,2,8,0,FREE
605,14,מ.ישראל,2,19,1,BUSY
505,105,מ.ישראל,2,9,1,FREE
505,105,מ.ישראל,2,12,1,BUSY
502,24,מ.ישראל,2,8,0,FREE
502,24,מ.ישראל,2,14,1,BUSY
505,5,מ.ישראל,2,14,1,BUSY
505,5,מ.ישראל,2,13,1,BUSY
404,68,יהדות,2,19,1,BUSY
404,68,יהדות,2,15,1,FREE
305,134,משפטים,2,8,1,BUSY
305,134,משפטים,2,10,1,BUSY
105,103,סטודנטים,2,10,0,BUSY
105,103,סטודנטים,2,19,0,FREE
105,104,סטודנטים,2,9,0,BUSY
105,104,סטודנטים,2,12,1,BUSY
105,101,סטודנטים,2,17,0,BUSY
105,101,סטודנטים,2,9,1,BUSY
105,102,סטודנטים,2,13,1,BUSY
105,102,סטודנטים,2,19,1,FREE
105,1,סטודנטים,2,11,1,FREE
105,1,סטודנטים,2,14,1,BUSY
304,3,משפטים,2,17,1,BUSY
304,3,משפטים,2,9,1,FREE
305,6,משפטים,2,10,0,FREE
305,6,משפטים,2,9,0,FREE
105,61,סטודנטים,2,9,1,BUSY
105,61,סטודנטים,2,16,1,BUSY
105,2,סטודנטים,2,12,1,BUSY
105,2,סטודנטים,2,14,0,BUSY
304,2,משפטים,2,12,1,BUSY
304,2,משפטים,2,9,0,FREE
105,3,סטודנטים,2,10,1,BUSY
105,3,סטודנטים,2,18,1,BUSY
605,101,מ.ישראל,2,13,1,FREE
605,101,מ.ישראל,2,18,1,FREE
605,102,מ.ישראל,2,18,1,FREE
605,102,מ.ישראל,2,17,1,BUSY
604,11,מ.ישראל,2,9,0,FREE
604,11,מ.ישראל,2,15,1,BUSY
605,11,מ.ישראל,2,13,1,BUSY
605,11,מ.ישראל,2,10,0,FREE
604,12,מ.ישראל,2,18,1,BUSY
604,12,מ.ישראל,2,11,0,FREE
504,6,מ.ישראל,2,14,1,BUSY
504,6,מ.ישראל,2,16,1,BUSY
605,202,מ.ישראל,2,14,0,BUSY
605,202,מ.ישראל,2,9,0,FREE
604,14,מ.ישראל,2,8,0,BUSY
604,14,מ.ישראל,2,18,1,BUSY
507,101,מ.ישראל,2,8,0,FREE
507,101,מ.ישראל,2,12,1,BUSY
507,103,מ.ישראל,2,12,1,BUSY
507,103,מ.ישראל,2,15,1,FREE
504,7,מ.ישראל,2,12,1,BUSY
504,7,מ.ישראל,2,14,1,BUSY
604,13,מ.ישראל,2,13,1,BUSY
604,13,מ.ישראל,2,16,1,BUSY
505,1,מ.ישראל,2,8,1,BUSY
505,1,מ.ישראל,2,10,1,BUSY
504,3,מ.ישראל,2,18,1,BUSY
504,3,מ.ישראל,2,14,1,BUSY
604,101,מ.ישראל,2,13,1,BUSY
604,101,מ.ישראל,2,10,1,BUSY
507,201,מ.ישראל,2,11,1,FREE
507,201,מ.ישראל,2,17,1,BUSY
403,67,יהדות,2,16,1,BUSY
403,67,יהדות,2,11,1,BUSY
507,204,מ.ישראל,2,16,1,BUSY
507,204,מ.ישראל,2,17,1,BUSY
505,106,מ.ישראל,2,11,1,BUSY
505,106,מ.ישראל,2,10,1,BUSY
505,62,מ.ישראל,2,18,1,FREE
505,62,מ.ישראל,2,12,1,BUSY
505,104,מ.ישראל,2,12,1,BUSY
505,104,מ.ישראל,2,8,1,BUSY
605,13,מ.ישראל,2,14,1,BUSY
605,13,מ.ישראל,2,16,1,BUSY
501,25,מ.ישראל,2,8,1,BUSY
501,25,מ.ישראל,2,14,1,FREE
505,201,מ.ישראל,2,9,0,FREE
505,201,מ.ישראל,2,13,1,BUSY
505,3,מ.ישראל,2,17,1,BUSY
505,3,מ.ישראל,2,8,1,BUSY
507,207,מ.ישראל,2,17,1,FREE
507,207,מ.ישראל,2,8,0,FREE
604,61,מ.ישראל,2,17,1,BUSY
604,61,מ.ישראל,2,14,1,BUSY
507,2,מ.ישראל,2,18,1,BUSY
507,2,מ.ישראל,2,9,0,BUSY
505,101,מ.ישראל,2,19,1,BUSY
505,101,מ.ישראל,2,16,1,BUSY
905,417,חברה,2,9,0,BUSY
905,417,חברה,2,8,0,FREE
504,1,מ.ישראל,2,9,0,FREE
504,1,מ.ישראל,2,15,1,BUSY
605,201,מ.ישראל,2,12,1,BUSY
605,201,מ.ישראל,2,8,0,FREE
604,104,מ.ישראל,2,15,1,FREE
604,104,מ.ישראל,2,19,1,BUSY
213,4,טבע,2,13,1,BUSY
213,4,טבע,2,19,0,FREE
105,4,סטודנטים,2,19,0,BUSY
105,4,סטודנטים,2,15,1,BUSY
102,2,סטודנטים,2,11,1,BUSY
102,2,סטודנטים,2,17,1,FREE
105,5,סטודנטים,2,10,1,BUSY
105,5,סטודנטים,2,11,1,BUSY
105,105,סטודנטים,2,18,1,BUSY
105,105,סטודנטים,2,8,1,BUSY
207,1,טבע,2,8,0,FREE
207,1,טבע,2,13,1,BUSY
105,106,סטודנטים,2,13,0,BUSY
105,106,סטודנטים,2,14,0,BUSY
404,115,יהדות,2,17,1,BUSY
404,115,יהדות,2,15,1,BUSY
403,101,יהדות,2,13,1,BUSY
403,101,יהדות,2,16,1,BUSY
404,102,יהדות,2,14,1,FREE
404,102,יהדות,2,10,1,BUSY
105,6,סטודנטים,2,11,1,BUSY
105,6,סטודנטים,2,16,0,BUSY
102,4,סטודנטים,2,10,0,FREE
102,4,סטודנטים,2,8,0,FREE
404,114,יהדות,2,9,1,BUSY
404,114,יהדות,2,8,1,BUSY
306,111,משפטים,2,17,1,FREE
306,111,משפטים,2,10,1,BUSY
505,2,מ.ישראל,2,11,1,BUSY
505,2,מ.ישראל,2,14,1,FREE
604,2,מ.ישראל,2,14,0,BUSY
604,2,מ.ישראל,2,11,0,FREE
605,61,מ.ישראל,2,18,1,BUSY
605,61,מ.ישראל,2,10,1,BUSY
410,125,יהדות,2,19,1,BUSY
410,125,יהדות,2,10,1,BUSY
410,46,יהדות,2,11,1,BUSY
410,46,יהדות,2,18,1,BUSY
403,66,יהדות,2,16,0,FREE
403,66,יהדות,2,9,0,FREE
502,26,מ.ישראל,2,18,0,FREE
502,26,מ.ישראל,2,17,1,BUSY
502,25,מ.ישראל,2,14,1,BUSY
502,25,מ.ישראל,2,12,1,BUSY
403,218,יהדות,2,14,0,BUSY
403,218,יהדות,2,15,0,FREE
403,113,יהדות,2,11,1,BUSY
403,113,יהדות,2,12,0,FREE
410,142,יהדות,2,17,1,BUSY
410,142,יהדות,2,16,1,BUSY
505,61,מ.ישראל,2,15,1,BUSY
505,61,מ.ישראל,2,17,0,FREE
505,11,מ.ישראל,2,19,0,BUSY
505,11,מ.ישראל,2,10,0,FREE
605,105,מ.ישראל,2,10,1,BUSY
605,105,מ.ישראל,2,18,1,BUSY
604,1,מ.ישראל,2,18,0,FREE
604,1,מ.ישראל,2,13,0,BUSY
507,14,מ.ישראל,2,12,0,BUSY
507,14,מ.ישראל,2,19,0,BUSY
605,4,מ.ישראל,2,13,0,BUSY
605,4,מ.ישראל,2,11,0,FREE
502,62,מ.ישראל,2,19,0,FREE
502,62,מ.ישראל,2,9,0,FREE
605,7,מ.ישראל,2,16,0,FREE
605,7,מ.ישראל,2,15,0,FREE
507,206,מ.ישראל,2,12,1,FREE
507,206,מ.ישראל,2,18,1,BUSY
504,206,מ.ישראל,2,19,0,FREE
504,206,מ.ישראל,2,17,0,FREE
508,103,מ.ישראל,2,13,0,BUSY
508,103,מ.ישראל,2,16,1,BUSY
507,106,מ.ישראל,2,15,1,BUSY
507,106,מ.ישראל,2,11,1,BUSY
605,106,מ.ישראל,2,14,0,BUSY
605,106,מ.ישראל,2,10,0,BUSY
507,108,מ.ישראל,2,14,1,BUSY
507,108,מ.ישראל,2,11,1,BUSY
505,108,מ.ישראל,2,13,0,BUSY
505,108,מ.ישראל,2,12,0,FREE
505,102,מ.ישראל,2,10,1,BUSY
505,102,מ.ישראל,2,15,1,BUSY
507,6,מ.ישראל,2,10,1,BUSY
507,6,מ.ישראל,2,18,1,BUSY
507,208,מ.ישראל,2,14,0,FREE
507,208,מ.ישראל,2,9,1,BUSY
507,205,מ.ישראל,2,9,1,BUSY
507,205,מ.ישראל,2,16,1,FREE
507,3,מ.ישראל,2,15,1,BUSY
507,3,מ.ישראל,2,12,1,BUSY
505,103,מ.ישראל,2,10,1,BUSY
505,103,מ.ישראל,2,13,1,BUSY
507,209,מ.ישראל,2,12,1,BUSY
507,209,מ.ישראל,2,17,1,FREE
507,202,מ.ישראל,2,11,1,BUSY
507,202,מ.ישראל,2,15,1,BUSY
605,103,מ.ישראל,2,8,1,BUSY
605,103,מ.ישראל,2,17,1,BUSY
403,2,יהדות,2,17,0,FREE
403,2,יהדות,2,8,1,BUSY
507,104,מ.ישראל,2,17,1,BUSY
507,104,מ.ישראל,2,16,1,BUSY
507,5,מ.ישראל,2,11,1,BUSY
507,5,מ.ישראל,2,18,1,BUSY
507,203,מ.ישראל,2,10,1,BUSY
507,203,מ.ישראל,2,17,1,BUSY
305,132,משפטים,2,16,1,BUSY
305,132,משפטים,2,10,1,BUSY
902,101,חברה,2,13,1,BUSY
902,101,חברה,2,19,1,BUSY
902,104,חברה,2,15,1,FREE
902,104,חברה,2,12,1,BUSY
1005,112,רוח,2,9,0,FREE
1005,112,רוח,2,15,0,BUSY
605,65,מ.ישראל,2,16,1,BUSY
605,65,מ.ישראל,2,13,1,BUSY
905,116,חברה,2,11,1,BUSY
905,116,חברה,2,16,1,BUSY
203,226,טבע,2,11,0,FREE
203,226,טבע,2,10,0,FREE
902,202,חברה,2,13,1,BUSY
902,202,חברה,2,15,1,BUSY
902,102,חברה,2,19,0,FREE
902,102,חברה,2,14,1,BUSY
1002,201,רוח,2,8,0,FREE
1002,201,רוח,2,15,1,BUSY
605,12,מ.ישראל,2,13,1,BUSY
605,12,מ.ישראל,2,12,1,BUSY
502,30,מ.ישראל,2,11,0,FREE
502,30,מ.ישראל,2,14,1,FREE
504,63,מ.ישראל,2,10,0,BUSY
504,63,מ.ישראל,2,17,0,FREE
507,13,מ.ישראל,2,15,0,FREE
507,13,מ.ישראל,2,10,0,FREE
507,105,מ.ישראל,2,15,1,BUSY
507,105,מ.ישראל,2,8,0,FREE
604,103,מ.ישראל,2,16,1,FREE
604,103,מ.ישראל,2,10,1,BUSY
410,26,יהדות,2,9,0,FREE
410,26,יהדות,2,11,0,FREE
410,6,יהדות,2,17,1,BUSY
410,6,יהדות,2,13,1,BUSY
404,66,יהדות,2,18,0,FREE
404,66,יהדות,2,14,0,FREE
605,64,מ.ישראל,2,13,1,BUSY
605,64,מ.ישראל,2,9,1,BUSY
505,64,מ.ישראל,2,10,0,FREE
505,64,מ.ישראל,2,9,0,FREE
403,115,יהדות,2,11,0,FREE
403,115,יהדות,2,14,0,FREE
404,67,יהדות,2,17,0,FREE
404,67,יהדות,2,13,0,BUSY
1005,111,רוח,2,13,1,BUSY
1005,111,רוח,2,10,0,FREE
1004,305,רוח,2,12,1,BUSY
1004,305,רוח,2,9,0,FREE
404,101,יהדות,2,10,1,BUSY
404,101,יהדות,2,15,0,BUSY
1002,305,רוח,2,10,1,BUSY
1002,305,רוח,2,19,0,FREE
504,208,מ.ישראל,2,16,0,FREE
504,208,מ.ישראל,2,17,0,FREE
211,112,טבע,2,8,0,BUSY
211,112,טבע,2,17,1,BUSY
305,63,משפטים,2,17,0,BUSY
305,63,משפטים,2,14,0,FREE
306,112,משפטים,2,12,0,BUSY
306,112,משפטים,2,11,0,FREE
211,106,טבע,2,11,0,FREE
211,106,טבע,2,13,1,BUSY
207,201,טבע,2,18,0,FREE
207,201,טבע,2,19,0,BUSY
305,101,משפטים,2,16,0,FREE
305,101,משפטים,2,9,0,FREE
403,61,יהדות,2,13,0,BUSY
403,61,יהדות,2,19,0,BUSY
202,202,טבע,2,9,0,FREE
202,202,טבע,2,18,1,BUSY
203,106,טבע,2,11,0,FREE
203,106,טבע,2,19,0,FREE
203,112,טבע,2,17,0,FREE
203,112,טבע,2,10,1,BUSY
105,112,סטודנטים,2,9,0,FREE
105,112,סטודנטים,2,19,0,BUSY
207,6,טבע,2,8,0,FREE
207,6,טבע,2,9,0,FREE
207,4,טבע,2,9,0,FREE
207,4,טבע,2,8,0,BUSY
207,101,טבע,2,8,0,FREE
207,101,טבע,2,19,0,BUSY
604,6,מ.ישראל,2,14,0,BUSY
604,6,מ.ישראל,2,13,1,BUSY
211,22,nan,2,16,1,BUSY
211,22,nan,2,15,1,BUSY
211,4,טבע,2,15,0,FREE
211,4,טבע,2,18,0,FREE
507,7,מ.ישראל,2,13,0,BUSY
507,7,מ.ישראל,2,14,1,BUSY
1401,3,nan,2,15,1,BUSY
1401,3,nan,2,17,1,BUSY
905,63,חברה,2,9,1,BUSY
905,63,חברה,2,14,1,BUSY
901,61,חברה,2,17,1,BUSY
901,61,חברה,2,15,1,BUSY
403,69,מינץ,2,10,0,FREE
403,69,מינץ,2,9,0,FREE
1401,63,nan,2,14,0,BUSY
1401,63,nan,2,11,0,FREE
1401,1,nan,2,13,0,FREE
1401,1,nan,2,10,0,FREE
507,1,מ.ישראל,2,19,0,FREE
507,1,מ.ישראל,2,13,1,BUSY
905,62,חברה,2,15,1,BUSY
905,62,חברה,2,10,1,BUSY
504,10,מ.ישראל,2,19,0,FREE
504,10,מ.ישראל,2,12,0,FREE
505,202,מ.ישראל,2,8,0,FREE
505,202,מ.ישראל,2,13,1,BUSY
1002,102,רוח,2,10,1,BUSY
1002,102,רוח,2,13,0,BUSY
410,226,יהדות,2,9,1,FREE
410,226,יהדות,2,16,1,BUSY
410,225,יהדות,2,8,1,BUSY
410,225,יהדות,2,9,1,BUSY
1004,407,רוח,2,16,0,FREE
1004,407,רוח,2,10,0,FREE
1004,402,רוח,2,19,1,BUSY
1004,402,רוח,2,18,1,BUSY
505,65,מ.ישראל,2,8,0,FREE
505,65,מ.ישראל,2,13,0,BUSY
505,204,מ.ישראל,2,8,0,BUSY
505,204,מ.ישראל,2,18,0,FREE
304,1,משפטים,2,15,1,FREE
304,1,משפטים,2,10,1,BUSY
605,63,מ.ישראל,2,10,1,BUSY
605,63,מ.ישראל,2,14,1,BUSY
305,10,משפטים,2,11,1,BUSY
305,10,משפטים,2,19,1,BUSY
304,61,משפטים,2,9,0,BUSY
304,61,משפטים,2,15,0,FREE
604,202,מ.ישראל,2,10,0,BUSY
604,202,מ.ישראל,2,13,0,FREE
211,25,nan,2,10,1,BUSY
211,25,nan,2,14,1,BUSY
304,25,משפטים,2,19,0,FREE
304,25,משפטים,2,8,1,BUSY
1105,53,הנדסה,2,14,1,FREE
1105,53,הנדסה,2,15,1,BUSY
1401,53,nan,2,14,0,BUSY
1401,53,nan,2,19,0,FREE
305,2,משפטים,2,17,0,FREE
305,2,משפטים,2,19,0,FREE
305,4,משפטים,2,17,1,BUSY
305,4,משפטים,2,13,1,BUSY
502,23,מ.ישראל,2,18,0,FREE
502,23,מ.ישראל,2,8,0,BUSY
503,1,מ.ישראל,2,17,0,FREE
503,1,מ.ישראל,2,16,0,FREE
404,113,יהדות,2,18,1,BUSY
404,113,יהדות,2,11,1,BUSY
404,201,יהדות,2,10,1,BUSY
404,201,יהדות,2,15,1,BUSY
505,203,מ.ישראל,2,18,0,FREE
505,203,מ.ישראל,2,12,1,BUSY
1005,19,רוח,2,15,1,BUSY
1005,19,רוח,2,19,0,FREE
1005,108,רוח,2,12,1,BUSY
1005,108,רוח,2,19,0,FREE
1005,201,רוח,2,14,1,BUSY
1005,201,רוח,2,10,1,BUSY
1005,209,רוח,2,8,0,FREE
1005,209,רוח,2,14,0,BUSY
1005,207,רוח,2,12,0,FREE
1005,207,רוח,2,13,0,BUSY
1005,203,רוח,2,18,0,FREE
1005,203,רוח,2,15,0,FREE
604,201,מ.ישראל,2,12,0,BUSY
604,201,מ.ישראל,2,8,0,FREE
305,105,משפטים,2,15,0,FREE
305,105,משפטים,2,8,0,FREE
507,37,מ.ישראל,2,12,0,FREE
507,37,מ.ישראל,2,9,0,FREE
1104,42,הנדסה,2,13,1,BUSY
1104,42,הנדסה,2,12,1,FREE
1105,42,הנדסה,2,10,0,FREE
1105,42,הנדסה,2,15,0,FREE
1103,22,הנדסה,2,18,1,BUSY
1103,22,הנדסה,2,10,1,FREE
902,9,חברה,2,19,1,BUSY
902,9,חברה,2,16,1,FREE
304,9,משפטים,2,17,0,FREE
304,9,משפטים,2,16,0,FREE
1105,271,הנדסה,2,8,0,BUSY
1105,271,הנדסה,2,16,1,BUSY
1104,271,הנדסה,2,17,0,BUSY
1104,271,הנדסה,2,14,0,BUSY
507,61,מ.ישראל,2,13,0,BUSY
507,61,מ.ישראל,2,18,0,FREE
213,304,טבע,2,19,0,FREE
213,304,טבע,2,14,1,BUSY
213,320,טבע,2,13,0,FREE
213,320,טבע,2,14,0,BUSY
1004,203,רוח,2,19,1,BUSY
1004,203,רוח,2,18,1,BUSY
1004,212,רוח,2,18,1,BUSY
1004,212,רוח,2,16,1,BUSY
410,328,יהדות,2,15,1,FREE
410,328,יהדות,2,9,0,FREE
410,332,יהדות,2,8,0,FREE
410,332,יהדות,2,18,0,FREE
604,204,מ.ישראל,2,9,0,FREE
604,204,מ.ישראל,2,14,0,BUSY
1002,203,רוח,2,8,1,BUSY
1002,203,רוח,2,11,1,BUSY
202,301,טבע,2,19,1,BUSY
202,301,טבע,2,16,1,BUSY
203,4,טבע,2,13,0,BUSY
203,4,טבע,2,8,0,BUSY
202,221,טבע,2,14,0,FREE
202,221,טבע,2,17,0,FREE
202,205,טבע,2,11,0,FREE
202,205,טבע,2,18,0,FREE
202,304,טבע,2,18,0,BUSY
202,304,טבע,2,19,0,BUSY
202,505,טבע,2,9,1,BUSY
202,505,טבע,2,14,0,FREE
202,203,טבע,2,18,0,FREE
202,203,טבע,2,17,0,FREE
202,303,טבע,2,9,0,FREE
202,303,טבע,2,16,1,BUSY
202,201,טבע,2,12,0,BUSY
202,201,טבע,2,16,0,BUSY
202,204,טבע,2,10,1,BUSY
202,204,טבע,2,18,0,BUSY
505,505,מ.ישראל,2,17,0,FREE
505,505,מ.ישראל,2,14,0,FREE
902,301,חברה,2,17,1,FREE
902,301,חברה,2,15,0,FREE
902,12,חברה,2,11,1,BUSY
902,12,חברה,2,12,0,FREE
902,107,חברה,2,19,1,BUSY
902,107,חברה,2,17,1,BUSY
905,217,חברה,2,14,0,FREE
905,217,חברה,2,10,1,BUSY
902,217,חברה,2,13,0,FREE
902,217,חברה,2,17,0,FREE
902,110,חברה,2,9,0,BUSY
902,110,חברה,2,17,0,FREE
902,109,חברה,2,19,0,FREE
902,109,חברה,2,16,0,FREE
507,23,מ.ישראל,2,12,0,BUSY
507,23,מ.ישראל,2,11,0,FREE
1004,406,רוח,2,16,0,FREE
1004,406,רוח,2,19,0,FREE
1105,368,הנדסה,2,12,1,BUSY
1105,368,הנדסה,2,8,0,BUSY
1102,2,הנדסה,2,14,1,BUSY
1102,2,הנדסה,2,18,0,FREE
1104,244,הנדסה,2,10,1,BUSY
1104,244,הנדסה,2,18,1,BUSY
1104,249,הנדסה,2,18,1,BUSY
1104,249,הנדסה,2,19,0,FREE
1104,243,הנדסה,2,8,0,FREE
1104,243,הנדסה,2,9,1,BUSY
1103,42,הנדסה,2,12,0,FREE
1103,42,הנדסה,2,13,0,BUSY
1401,4,nan,2,18,0,FREE
1401,4,nan,2,16,1,FREE
1105,3,הנדסה,2,16,0,FREE
1105,3,הנדסה,2,12,0,FREE
1102,4,הנדסה,2,14,0,FREE
1102,4,הנדסה,2,11,0,BUSY
A1300,2,מעונות,2,18,1,FREE
A1300,2,מעונות,2,11,1,BUSY
A1300,1,מעונות,2,8,0,FREE
A1300,1,מעונות,2,13,1,FREE
901,4,חברה,2,13,0,FREE
901,4,חברה,2,14,0,FREE
1103,223,הנדסה,2,10,0,FREE
1103,223,הנדסה,2,8,0,BUSY
1102,205,הנדסה,2,18,0,BUSY
1102,205,הנדסה,2,10,0,FREE
1105,366,הנדסה,2,18,0,BUSY
1105,366,הנדסה,2,12,1,BUSY
1104,344,הנדסה,2,13,0,FREE
1104,344,הנדסה,2,8,0,FREE
1104,347,הנדסה,2,18,0,FREE
1104,347,הנדסה,2,15,0,BUSY
1103,224,הנדסה,2,15,1,BUSY
1103,224,הנדסה,2,19,0,FREE
1002,112,רוח,2,14,0,FREE
1002,112,רוח,2,12,0,FREE
905,119,חברה,2,13,1,BUSY
905,119,חברה,2,14,1,BUSY
905,118,חברה,2,16,0,BUSY
905,118,חברה,2,15,0,FREE
905,319,חברה,2,11,0,BUSY
905,319,חברה,2,9,0,FREE
905,418,חברה,2,11,0,FREE
905,418,חברה,2,18,0,BUSY
905,416,חברה,2,17,0,FREE
905,416,חברה,2,15,0,FREE
905,211,חברה,2,9,0,FREE
905,211,חברה,2,12,0,FREE
905,321,חברה,2,9,0,FREE
905,321,חברה,2,17,0,FREE
905,311,חברה,2,18,0,FREE
905,311,חברה,2,17,0,FREE
905,2,חברה,2,18,0,FREE
905,2,חברה,2,19,0,FREE
905,317,חברה,2,12,0,FREE
905,317,חברה,2,17,0,FREE
502,63,מ.ישראל,2,16,0,FREE
502,63,מ.ישראל,2,17,0,FREE
212,214,טבע,2,13,0,FREE
212,214,טבע,2,14,0,FREE
211,21,nan,2,15,0,FREE
211,21,nan,2,11,1,BUSY
211,17,nan,2,14,0,FREE
211,17,nan,2,8,0,FREE
505,7,מ.ישראל,2,19,0,FREE
505,7,מ.ישראל,2,10,0,FREE
212,212,nan,2,11,0,BUSY
212,212,nan,2,16,1,BUSY
212,1,טבע,2,15,1,BUSY
212,1,טבע,2,9,0,FREE
304,4,משפטים,2,16,0,FREE
304,4,משפטים,2,10,0,BUSY
403,3,יהדות,2,13,0,FREE
403,3,יהדות,2,15,0,FREE
905,25,חברה,2,9,0,FREE
905,25,חברה,2,10,0,FREE
212,310,טבע,2,18,1,BUSY
212,310,טבע,2,12,0,BUSY
212,1,nan,2,14,0,FREE
212,1,nan,2,17,1,BUSY
212,3,טבע,2,11,0,FREE
212,3,טבע,2,16,0,FREE
212,21,nan,2,8,0,FREE
212,21,nan,2,9,0,FREE
203,212,טבע,2,12,0,BUSY
203,212,טבע,2,13,0,FREE
304,69,משפטים,2,18,0,FREE
304,69,משפטים,2,15,0,BUSY
305,11,משפטים,2,11,1,BUSY
305,11,משפטים,2,8,0,FREE
901,11,חברה,2,19,0,BUSY
901,11,חברה,2,17,0,FREE
211,3,nan,2,15,0,FREE
211,3,nan,2,16,0,FREE
213,61,טבע,2,9,0,BUSY
213,61,טבע,2,18,0,FREE
211,9,nan,2,19,0,BUSY
211,9,nan,2,17,0,FREE
902,1,חברה,2,15,0,FREE
902,1,חברה,2,10,0,FREE
304,7,משפטים,2,16,0,FREE
304,7,משפטים,2,10,0,BUSY
403,1,מינץ,2,18,0,FREE
403,1,מינץ,2,17,0,FREE
211,7,nan,2,10,0,FREE
211,7,nan,2,12,0,FREE
501,11,מ.ישראל,2,9,0,FREE
501,11,מ.ישראל,2,19,0,BUSY
507,11,מ.ישראל,2,17,0,FREE
507,11,מ.ישראל,2,12,0,FREE
1401,7,nan,2,19,0,FREE
1401,7,nan,2,10,0,FREE
211,63,nan,2,15,0,FREE
211,63,nan,2,18,0,FREE
105,134,סטודנטים,2,10,0,FREE
105,134,סטודנטים,2,18,0,FREE
305,3,משפטים,2,13,0,BUSY
305,3,משפטים,2,9,0,FREE
404,133,יהדות,2,9,0,FREE
404,133,יהדות,2,10,0,FREE
306,1,משפטים,2,19,0,FREE
306,1,משפטים,2,10,1,BUSY
304,132,משפטים,2,10,0,FREE
304,132,משפטים,2,11,0,FREE
105,132,סטודנטים,2,11,0,FREE
105,132,סטודנטים,2,14,0,BUSY
404,134,יהדות,2,19,0,FREE
404,134,יהדות,2,16,0,FREE
404,65,יהדות,2,19,0,FREE
404,65,יהדות,2,10,0,FREE
102,133,סטודנטים,2,8,0,FREE
102,133,סטודנטים,2,16,0,BUSY
305,104,משפטים,2,10,0,FREE
305,104,משפטים,2,17,0,BUSY
507,10,מ.ישראל,2,8,0,FREE
507,10,מ.ישראל,2,19,0,FREE
507,62,מ.ישראל,2,18,0,BUSY
507,62,מ.ישראל,2,16,0,FREE
604,309,מ.ישראל,2,10,1,BUSY
604,309,מ.ישראל,2,11,1,BUSY
901,101,חברה,2,16,1,BUSY
901,101,חברה,2,13,1,BUSY
901,102,חברה,2,13,1,BUSY
901,102,חברה,2,10,0,FREE
301,202,פלדמן,2,14,0,FREE
301,202,פלדמן,2,12,0,FREE
905,104,חברה,2,19,0,BUSY
905,104,חברה,2,8,0,BUSY
507,107,מ.ישראל,3,8,0,FREE
507,107,מ.ישראל,3,12,1,BUSY
905,61,חברה,3,9,1,BUSY
905,61,חברה,3,14,1,BUSY
1401,2,nan,3,11,0,FREE
1401,2,nan,3,9,0,BUSY
402,63,יהדות,3,17,1,BUSY
402,63,יהדות,3,8,1,BUSY
203,221,טבע,3,10,1,BUSY
203,221,טבע,3,16,1,BUSY
1002,1,רוח,3,9,0,FREE
1002,1,רוח,3,19,1,BUSY
604,63,מ.ישראל,3,9,1,BUSY
604,63,מ.ישראל,3,16,1,BUSY
604,64,מ.ישראל,3,8,1,BUSY
604,64,מ.ישראל,3,10,1,BUSY
604,105,מ.ישראל,3,10,1,BUSY
604,105,מ.ישראל,3,11,1,BUSY
403,211,יהדות,3,19,0,FREE
403,211,יהדות,3,8,0,FREE
604,102,מ.ישראל,3,19,1,FREE
604,102,מ.ישראל,3,15,1,BUSY
403,217,יהדות,3,16,0,FREE
403,217,יהדות,3,18,0,FREE
305,133,משפטים,3,9,0,FREE
305,133,משפטים,3,11,0,BUSY
504,2,מ.ישראל,3,16,0,BUSY
504,2,מ.ישראל,3,17,0,FREE
507,102,מ.ישראל,3,15,1,BUSY
507,102,מ.ישראל,3,8,1,BUSY
604,62,מ.ישראל,3,15,1,BUSY
604,62,מ.ישראל,3,11,1,BUSY
1002,405,רוח,3,12,0,FREE
1002,405,רוח,3,9,0,FREE
902,210,חברה,3,17,1,BUSY
902,210,חברה,3,16,1,BUSY
508,7,מ.ישראל,3,15,0,FREE
508,7,מ.ישראל,3,16,1,BUSY
502,8,מ.ישראל,3,16,0,FREE
502,8,מ.ישראל,3,17,0,FREE
605,104,מ.ישראל,3,9,0,BUSY
605,104,מ.ישראל,3,15,1,BUSY
1002,61,רוח,3,17,1,BUSY
1002,61,רוח,3,15,1,BUSY
507,4,מ.ישראל,3,19,0,FREE
507,4,מ.ישראל,3,11,1,BUSY
504,4,מ.ישראל,3,14,1,FREE
504,4,מ.ישראל,3,19,0,BUSY
1002,202,רוח,3,12,1,BUSY
1002,202,רוח,3,11,0,FREE
502,6,מ.ישראל,3,18,1,FREE
502,6,מ.ישראל,3,15,1,FREE
502,7,מ.ישראל,3,12,0,BUSY
502,7,מ.ישראל,3,19,0,FREE
505,4,מ.ישראל,3,19,1,FREE
505,4,מ.ישראל,3,15,1,FREE
502,9,מ.ישראל,3,19,0,FREE
502,9,מ.ישראל,3,9,1,BUSY
1005,109,רוח,3,10,1,FREE
1005,109,רוח,3,8,1,BUSY
902,103,חברה,3,16,1,BUSY
902,103,חברה,3,8,0,FREE
502,37,מ.ישראל,3,19,0,FREE
502,37,מ.ישראל,3,18,0,BUSY
902,201,חברה,3,8,0,FREE
902,201,חברה,3,11,1,BUSY
604,205,מ.ישראל,3,14,1,BUSY
604,205,מ.ישראל,3,15,1,BUSY
505,63,מ.ישראל,3,18,1,BUSY
505,63,מ.ישראל,3,14,1,BUSY
504,5,מ.ישראל,3,16,1,BUSY
504,5,מ.ישראל,3,13,1,BUSY
305,5,משפטים,3,19,0,FREE
305,5,משפטים,3,8,0,FREE
605,14,מ.ישראל,3,19,0,FREE
605,14,מ.ישראל,3,10,1,BUSY
505,105,מ.ישראל,3,8,1,BUSY
505,105,מ.ישראל,3,12,1,BUSY
502,24,מ.ישראל,3,17,1,FREE
502,24,מ.ישראל,3,13,1,BUSY
505,5,מ.ישראל,3,19,1,BUSY
505,5,מ.ישראל,3,11,1,BUSY
404,68,יהדות,3,8,0,FREE
404,68,יהדות,3,17,1,BUSY
305,134,משפטים,3,15,1,BUSY
305,134,משפטים,3,8,1,BUSY
105,103,סטודנטים,3,8,0,FREE
105,103,סטודנטים,3,10,1,FREE
105,104,סטודנטים,3,15,0,FREE
105,104,סטודנטים,3,10,0,FREE
105,101,סטודנטים,3,18,0,FREE
105,101,סטודנטים,3,11,1,BUSY
105,102,סטודנטים,3,16,0,FREE
105,102,סטודנטים,3,9,1,BUSY
105,1,סטודנטים,3,11,0,FREE
105,1,סטודנטים,3,16,1,BUSY
304,3,משפטים,3,10,1,BUSY
304,3,משפטים,3,17,1,BUSY
305,6,משפטים,3,9,0,FREE
305,6,משפטים,3,13,1,BUSY
105,61,סטודנטים,3,18,0,FREE
105,61,סטודנטים,3,8,0,FREE
105,2,סטודנטים,3,18,0,FREE
105,2,סטודנטים,3,12,1,BUSY
304,2,משפטים,3,15,1,FREE
304,2,משפטים,3,11,1,FREE
105,3,סטודנטים,3,8,0,BUSY
105,3,סטודנטים,3,12,0,FREE
605,101,מ.ישראל,3,18,1,BUSY
605,101,מ.ישראל,3,8,1,FREE
605,102,מ.ישראל,3,15,1,BUSY
605,102,מ.ישראל,3,10,1,BUSY
604,11,מ.ישראל,3,10,1,BUSY
604,11,מ.ישראל,3,17,1,BUSY
605,11,מ.ישראל,3,19,0,FREE
605,11,מ.ישראל,3,15,1,BUSY
604,12,מ.ישראל,3,8,0,FREE
604,12,מ.ישראל,3,10,0,FREE
504,6,מ.ישראל,3,15,0,FREE
504,6,מ.ישראל,3,10,0,FREE
605,202,מ.ישראל,3,16,0,BUSY
605,202,מ.ישראל,3,10,0,BUSY
604,14,מ.ישראל,3,18,0,FREE
604,14,מ.ישראל,3,15,1,BUSY
507,101,מ.ישראל,3,15,0,FREE
507,101,מ.ישראל,3,9,1,BUSY
507,103,מ.ישראל,3,13,1,BUSY
507,103,מ.ישראל,3,16,1,BUSY
504,7,מ.ישראל,3,9,0,FREE
504,7,מ.ישראל,3,19,0,FREE
604,13,מ.ישראל,3,19,0,BUSY
604,13,מ.ישראל,3,17,1,BUSY
505,1,מ.ישראל,3,13,1,BUSY
505,1,מ.ישראל,3,8,0,FREE
504,3,מ.ישראל,3,14,1,BUSY
504,3,מ.ישראל,3,11,0,FREE
604,101,מ.ישראל,3,10,1,BUSY
604,101,מ.ישראל,3,17,1,BUSY
507,201,מ.ישראל,3,17,0,FREE
507,201,מ.ישראל,3,12,0,FREE
403,67,יהדות,3,10,1,BUSY
403,67,יהדות,3,17,1,BUSY
507,204,מ.ישראל,3,16,1,BUSY
507,204,מ.ישראל,3,19,1,BUSY
505,106,מ.ישראל,3,16,1,BUSY
505,106,מ.ישראל,3,9,0,BUSY
505,62,מ.ישראל,3,13,0,BUSY
505,62,מ.ישראל,3,8,0,FREE
505,104,מ.ישראל,3,18,1,BUSY
505,104,מ.ישראל,3,10,1,BUSY
605,13,מ.ישראל,3,15,1,BUSY
605,13,מ.ישראל,3,14,1,BUSY
501,25,מ.ישראל,3,8,0,FREE
501,25,מ.ישראל,3,16,1,BUSY
505,201,מ.ישראל,3,14,0,FREE
505,201,מ.ישראל,3,8,0,FREE
505,3,מ.ישראל,3,11,1,BUSY
505,3,מ.ישראל,3,16,0,FREE
507,207,מ.ישראל,3,13,1,BUSY
507,207,מ.ישראל,3,14,1,BUSY
604,61,מ.ישראל,3,8,0,BUSY
604,61,מ.ישראל,3,9,0,BUSY
507,2,מ.ישראל,3,18,0,FREE
507,2,מ.ישראל,3,13,0,BUSY
505,101,מ.ישראל,3,17,1,FREE
505,101,מ.ישראל,3,9,0,FREE
905,417,חברה,3,12,0,BUSY
905,417,חברה,3,17,0,FREE
504,1,מ.ישראל,3,12,0,FREE
504,1,מ.ישראל,3,19,0,BUSY
605,201,מ.ישראל,3,18,0,BUSY
605,201,מ.ישראל,3,17,1,FREE
604,104,מ.ישראל,3,12,1,BUSY
604,104,מ.ישראל,3,14,1,FREE
213,4,טבע,3,19,0,FREE
213,4,טבע,3,14,1,FREE
105,4,סטודנטים,3,15,1,FREE
105,4,סטודנטים,3,9,0,BUSY
102,2,סטודנטים,3,14,1,BUSY
102,2,סטודנטים,3,15,1,BUSY
105,5,סטודנטים,3,18,0,FREE
105,5,סטודנטים,3,10,0,FREE
105,105,סטודנטים,3,13,0,FREE
105,105,סטודנטים,3,11,1,BUSY
207,1,טבע,3,10,0,FREE
207,1,טבע,3,18,0,FREE
105,106,סטודנטים,3,17,1,BUSY
105,106,סטודנטים,3,19,0,BUSY
404,115,יהדות,3,9,1,BUSY
404,115,יהדות,3,18,1,BUSY
403,101,יהדות,3,18,0,FREE
403,101,יהדות,3,15,0,FREE
404,102,יהדות,3,13,1,BUSY
404,102,יהדות,3,12,1,FREE
105,6,סטודנטים,3,13,0,FREE
105,6,סטודנטים,3,11,0,FREE
102,4,סטודנטים,3,15,1,BUSY
102,4,סטודנטים,3,18,1,BUSY
404,114,יהדות,3,18,1,BUSY
404,114,יהדות,3,16,1,BUSY
306,111,משפטים,3,19,1,BUSY
306,111,משפטים,3,13,1,BUSY
505,2,מ.ישראל,3,8,1,BUSY
505,2,מ.ישראל,3,17,1,BUSY
604,2,מ.ישראל,3,19,0,BUSY
604,2,מ.ישראל,3,13,0,FREE
605,61,מ.ישראל,3,11,1,BUSY
605,61,מ.ישראל,3,17,1,BUSY
410,125,יהדות,3,11,1,BUSY
410,125,יהדות,3,8,0,FREE
410,46,יהדות,3,19,1,BUSY
410,46,יהדות,3,11,1,BUSY
403,66,יהדות,3,17,1,BUSY
403,66,יהדות,3,16,1,BUSY
502,26,מ.ישראל,3,9,0,FREE
502,26,מ.ישראל,3,10,1,BUSY
502,25,מ.ישראל,3,19,1,BUSY
502,25,מ.ישראל,3,13,1,FREE
403,218,יהדות,3,14,0,FREE
403,218,יהדות,3,17,0,FREE
403,113,יהדות,3,16,1,BUSY
403,113,יהדות,3,11,1,BUSY
410,142,יהדות,3,16,1,BUSY
410,142,יהדות,3,13,1,FREE
505,61,מ.ישראל,3,18,0,BUSY
505,61,מ.ישראל,3,10,0,BUSY
505,11,מ.ישראל,3,15,0,FREE
505,11,מ.ישראל,3,14,0,BUSY
605,105,מ.ישראל,3,13,0,FREE
605,105,מ.ישראל,3,10,1,FREE
604,1,מ.ישראל,3,19,0,FREE
604,1,מ.ישראל,3,11,0,BUSY
507,14,מ.ישראל,3,19,0,BUSY
507,14,מ.ישראל,3,17,0,FREE
605,4,מ.ישראל,3,16,0,BUSY
605,4,מ.ישראל,3,12,0,BUSY
502,62,מ.ישראל,3,11,1,BUSY
502,62,מ.ישראל,3,8,1,BUSY
605,7,מ.ישראל,3,16,1,BUSY
605,7,מ.ישראל,3,8,0,BUSY
507,206,מ.ישראל,3,13,1,BUSY
507,206,מ.ישראל,3,11,1,BUSY
504,206,מ.ישראל,3,17,1,BUSY
504,206,מ.ישראל,3,18,1,BUSY
508,103,מ.ישראל,3,8,0,FREE
508,103,מ.ישראל,3,16,0,FREE
507,106,מ.ישראל,3,10,1,BUSY
507,106,מ.ישראל,3,15,1,BUSY
605,106,מ.ישראל,3,9,1,BUSY
605,106,מ.ישראל,3,8,1,BUSY
507,108,מ.ישראל,3,17,0,FREE
507,108,מ.ישראל,3,16,0,FREE
505,108,מ.ישראל,3,12,0,FREE
505,108,מ.ישראל,3,13,0,FREE
505,102,מ.ישראל,3,14,1,FREE
505,102,מ.ישראל,3,16,1,BUSY
507,6,מ.ישראל,3,9,1,FREE
507,6,מ.ישראל,3,19,1,BUSY
507,208,מ.ישראל,3,13,1,BUSY
507,208,מ.ישראל,3,17,1,FREE
507,205,מ.ישראל,3,8,1,BUSY
507,205,מ.ישראל,3,11,1,BUSY
507,3,מ.ישראל,3,19,1,BUSY
507,3,מ.ישראל,3,15,1,BUSY
505,103,מ.ישראל,3,8,1,BUSY
505,103,מ.ישראל,3,13,1,BUSY
507,209,מ.ישראל,3,13,0,BUSY
507,209,מ.ישראל,3,15,1,BUSY
507,202,מ.ישראל,3,12,1,FREE
507,202,מ.ישראל,3,17,1,BUSY
605,103,מ.ישראל,3,16,1,BUSY
605,103,מ.ישראל,3,8,1,FREE
403,2,יהדות,3,10,0,FREE
403,2,יהדות,3,11,0,BUSY
507,104,מ.ישראל,3,10,1,BUSY
507,104,מ.ישראל,3,9,1,FREE
507,5,מ.ישראל,3,12,0,FREE
507,5,מ.ישראל,3,13,0,FREE
507,203,מ.ישראל,3,14,1,BUSY
507,203,מ.ישראל,3,19,1,BUSY
305,132,משפטים,3,10,0,FREE
305,132,משפטים,3,17,1,BUSY
902,101,חברה,3,9,1,BUSY
902,101,חברה,3,11,1,BUSY
902,104,חברה,3,10,1,BUSY
902,104,חברה,3,14,0,BUSY
1005,112,רוח,3,9,0,FREE
1005,112,רוח,3,18,1,BUSY
605,65,מ.ישראל,3,16,1,FREE
605,65,מ.ישראל,3,8,0,FREE
905,116,חברה,3,10,1,BUSY
905,116,חברה,3,12,1,BUSY
203,226,טבע,3,8,0,BUSY
203,226,טבע,3,19,1,BUSY
902,202,חברה,3,8,0,BUSY
902,202,חברה,3,11,1,FREE
902,102,חברה,3,14,1,BUSY
902,102,חברה,3,19,1,BUSY
1002,201,רוח,3,17,1,BUSY
1002,201,רוח,3,12,1,BUSY
605,12,מ.ישראל,3,15,1,BUSY
605,12,מ.ישראל,3,17,1,FREE
502,30,מ.ישראל,3,10,0,FREE
502,30,מ.ישראל,3,14,0,FREE
504,63,מ.ישראל,3,14,0,BUSY
504,63,מ.ישראל,3,10,0,FREE
507,13,מ.ישראל,3,10,0,BUSY
507,13,מ.ישראל,3,13,0,FREE
507,105,מ.ישראל,3,14,1,BUSY
507,105,מ.ישראל,3,8,0,FREE
604,103,מ.ישראל,3,17,1,BUSY
604,103,מ.ישראל,3,11,1,FREE
410,26,יהדות,3,16,0,FREE
410,26,יהדות,3,12,0,BUSY
410,6,יהדות,3,9,1,BUSY
410,6,יהדות,3,14,1,BUSY
404,66,יהדות,3,15,0,FREE
404,66,יהדות,3,12,0,FREE
605,64,מ.ישראל,3,15,1,BUSY
605,64,מ.ישראל,3,16,1,BUSY
505,64,מ.ישראל,3,9,0,FREE
505,64,מ.ישראל,3,11,0,FREE
403,115,יהדות,3,17,0,FREE
403,115,יהדות,3,16,0,FREE
404,67,יהדות,3,16,0,FREE
404,67,יהדות,3,11,0,FREE
1005,111,רוח,3,17,1,BUSY
1005,111,רוח,3,11,1,BUSY
1004,305,רוח,3,17,1,BUSY
1004,305,רוח,3,12,0,FREE
404,101,יהדות,3,13,1,BUSY
404,101,יהדות,3,8,1,BUSY
1002,305,רוח,3,8,0,FREE
1002,305,רוח,3,12,1,BUSY
504,208,מ.ישראל,3,9,0,FREE
504,208,מ.ישראל,3,12,0,BUSY
211,112,טבע,3,10,1,BUSY
211,112,טבע,3,19,0,FREE
305,63,משפטים,3,14,0,FREE
305,63,משפטים,3,15,0,FREE
306,112,משפטים,3,9,0,FREE
306,112,משפטים,3,12,0,FREE
211,106,טבע,3,17,0,BUSY
211,106,טבע,3,9,0,FREE
207,201,טבע,3,11,0,FREE
207,201,טבע,3,12,0,BUSY
305,101,משפטים,3,8,0,FREE
305,101,משפטים,3,17,0,FREE
403,61,יהדות,3,18,0,BUSY
403,61,יהדות,3,8,0,FREE
202,202,טבע,3,14,0,BUSY
202,202,טבע,3,15,0,FREE
203,106,טבע,3,11,0,FREE
203,106,טבע,3,19,0,FREE
203,112,טבע,3,14,0,FREE
203,112,טבע,3,17,0,BUSY
105,112,סטודנטים,3,10,0,FREE
105,112,סטודנטים,3,17,0,FREE
207,6,טבע,3,9,1,BUSY
207,6,טבע,3,14,1,BUSY
207,4,טבע,3,18,0,BUSY
207,4,טבע,3,17,0,FREE
207,101,טבע,3,19,0,BUSY
207,101,טבע,3,8,1,BUSY
604,6,מ.ישראל,3,9,0,FREE
604,6,מ.ישראל,3,19,0,FREE
211,22,nan,3,17,0,FREE
211,22,nan,3,12,0,FREE
211,4,טבע,3,9,0,BUSY
211,4,טבע,3,10,0,FREE
507,7,מ.ישראל,3,18,1,BUSY
507,7,מ.ישראל,3,12,1,FREE
1401,3,nan,3,11,0,FREE
1401,3,nan,3,12,0,FREE
905,63,חברה,3,19,1,FREE
905,63,חברה,3,18,1,BUSY
901,61,חברה,3,14,1,BUSY
901,61,חברה,3,13,1,BUSY
403,69,מינץ,3,12,1,BUSY
403,69,מינץ,3,13,1,BUSY
1401,63,nan,3,19,0,FREE
1401,63,nan,3,11,0,FREE
1401,1,nan,3,14,0,BUSY
1401,1,nan,3,15,0,FREE
507,1,מ.ישראל,3,8,1,BUSY
507,1,מ.ישראל,3,11,1,BUSY
905,62,חברה,3,12,1,BUSY
905,62,חברה,3,15,1,FREE
504,10,מ.ישראל,3,18,1,FREE
504,10,מ.ישראל,3,16,1,BUSY
505,202,מ.ישראל,3,12,0,FREE
505,202,מ.ישראל,3,9,0,FREE
1002,102,רוח,3,14,1,BUSY
1002,102,רוח,3,10,0,FREE
410,226,יהדות,3,13,1,BUSY
410,226,יהדות,3,10,1,FREE
410,225,יהדות,3,19,1,BUSY
410,225,יהדות,3,11,1,BUSY
1004,407,רוח,3,11,0,BUSY
1004,407,רוח,3,19,1,BUSY
1004,402,רוח,3,18,1,BUSY
1004,402,רוח,3,13,1,FREE
505,65,מ.ישראל,3,19,0,BUSY
505,65,מ.ישראל,3,11,0,BUSY
505,204,מ.ישראל,3,9,0,FREE
505,204,מ.ישראל,3,14,1,BUSY
304,1,משפטים,3,15,1,BUSY
304,1,משפטים,3,18,0,FREE
605,63,מ.ישראל,3,12,1,FREE
605,63,מ.ישראל,3,17,1,BUSY
305,10,משפטים,3,9,0,FREE
305,10,משפטים,3,11,1,BUSY
304,61,משפטים,3,14,1,BUSY
304,61,משפטים,3,10,1,BUSY
604,202,מ.ישראל,3,11,0,BUSY
604,202,מ.ישראל,3,18,0,FREE
211,25,nan,3,14,0,FREE
211,25,nan,3,17,0,FREE
304,25,משפטים,3,12,0,BUSY
304,25,משפטים,3,9,1,BUSY
1105,53,הנדסה,3,9,1,BUSY
1105,53,הנדסה,3,15,1,BUSY
1401,53,nan,3,15,0,BUSY
1401,53,nan,3,11,0,FREE
305,2,משפטים,3,16,0,FREE
305,2,משפטים,3,19,0,FREE
305,4,משפטים,3,8,1,BUSY
305,4,משפטים,3,13,1,BUSY
502,23,מ.ישראל,3,14,1,BUSY
502,23,מ.ישראל,3,16,1,BUSY
503,1,מ.ישראל,3,15,0,FREE
503,1,מ.ישראל,3,9,0,BUSY
404,113,יהדות,3,12,1,BUSY
404,113,יהדות,3,11,1,BUSY
404,201,יהדות,3,11,1,BUSY
404,201,יהדות,3,10,1,FREE
505,203,מ.ישראל,3,10,0,FREE
505,203,מ.ישראל,3,15,0,BUSY
1005,19,רוח,3,10,0,FREE
1005,19,רוח,3,11,0,FREE
1005,108,רוח,3,10,0,FREE
1005,108,רוח,3,14,0,BUSY
1005,201,רוח,3,16,1,BUSY
1005,201,רוח,3,14,0,FREE
1005,209,רוח,3,9,0,FREE
1005,209,רוח,3,12,0,BUSY
1005,207,רוח,3,8,0,FREE
1005,207,רוח,3,10,0,FREE
1005,203,רוח,3,8,0,FREE
1005,203,רוח,3,11,0,FREE
604,201,מ.ישראל,3,15,0,FREE
604,201,מ.ישראל,3,13,0,BUSY
305,105,משפטים,3,8,0,FREE
305,105,משפטים,3,14,0,BUSY
507,37,מ.ישראל,3,8,0,FREE
507,37,מ.ישראל,3,14,0,FREE
1104,42,הנדסה,3,14,1,BUSY
1104,42,הנדסה,3,16,1,FREE
1105,42,הנדסה,3,17,1,BUSY
1105,42,הנדסה,3,18,1,BUSY
1103,22,הנדסה,3,12,1,BUSY
1103,22,הנדסה,3,19,0,FREE
902,9,חברה,3,15,1,BUSY
902,9,חברה,3,8,0,FREE
304,9,משפטים,3,11,0,FREE
304,9,משפטים,3,12,0,FREE
1105,271,הנדסה,3,8,0,FREE
1105,271,הנדסה,3,9,1,BUSY
1104,271,הנדסה,3,12,0,BUSY
1104,271,הנדסה,3,17,1,BUSY
507,61,מ.ישראל,3,16,1,BUSY
507,61,מ.ישראל,3,13,0,FREE
213,304,טבע,3,11,0,FREE
213,304,טבע,3,15,1,BUSY
213,320,טבע,3,8,0,FREE
213,320,טבע,3,15,0,FREE
1004,203,רוח,3,8,0,FREE
1004,203,רוח,3,19,0,BUSY
1004,212,רוח,3,18,1,BUSY
1004,212,רוח,3,8,0,FREE
410,328,יהדות,3,17,0,BUSY
410,328,יהדות,3,15,1,BUSY
410,332,יהדות,3,10,1,BUSY
410,332,יהדות,3,11,1,BUSY
604,204,מ.ישראל,3,16,0,FREE
604,204,מ.ישראל,3,14,0,FREE
1002,203,רוח,3,11,0,FREE
1002,203,רוח,3,18,0,BUSY
202,301,טבע,3,10,1,BUSY
202,301,טבע,3,11,1,BUSY
203,4,טבע,3,11,0,FREE
203,4,טבע,3,16,0,BUSY
202,221,טבע,3,10,0,BUSY
202,221,טבע,3,9,0,BUSY
202,205,טבע,3,19,1,FREE
202,205,טבע,3,9,0,BUSY
202,304,טבע,3,18,0,BUSY
202,304,טבע,3,14,0,BUSY
202,505,טבע,3,19,1,BUSY
202,505,טבע,3,11,1,BUSY
202,203,טבע,3,13,1,BUSY
202,203,טבע,3,14,0,BUSY
202,303,טבע,3,17,1,BUSY
202,303,טבע,3,15,1,FREE
202,201,טבע,3,13,0,FREE
202,201,טבע,3,10,0,BUSY
202,204,טבע,3,17,0,BUSY
202,204,טבע,3,14,0,BUSY
505,505,מ.ישראל,3,16,0,FREE
505,505,מ.ישראל,3,18,0,FREE
902,301,חברה,3,11,0,FREE
902,301,חברה,3,8,0,FREE
902,12,חברה,3,13,1,BUSY
902,12,חברה,3,17,1,BUSY
902,107,חברה,3,9,1,BUSY
902,107,חברה,3,13,1,FREE
905,217,חברה,3,17,0,FREE
905,217,חברה,3,9,1,BUSY
902,217,חברה,3,14,0,BUSY
902,217,חברה,3,12,0,FREE
902,110,חברה,3,12,0,FREE
902,110,חברה,3,10,0,FREE
902,109,חברה,3,16,0,FREE
902,109,חברה,3,8,0,BUSY
507,23,מ.ישראל,3,12,1,BUSY
507,23,מ.ישראל,3,13,1,BUSY
1004,406,רוח,3,18,0,FREE
1004,406,רוח,3,17,0,FREE
1105,368,הנדסה,3,19,1,BUSY
1105,368,הנדסה,3,15,1,BUSY
1102,2,הנדסה,3,14,1,BUSY
1102,2,הנדסה,3,16,1,BUSY
1104,244,הנדסה,3,16,1,BUSY
1104,244,הנדסה,3,13,1,BUSY
1104,249,הנדסה,3,19,1,BUSY
1104,249,הנדסה,3,9,1,BUSY
1104,243,הנדסה,3,9,1,BUSY
1104,243,הנדסה,3,16,1,BUSY
1103,42,הנדסה,3,15,0,FREE
1103,42,הנדסה,3,13,0,FREE
1401,4,nan,3,9,0,FREE
1401,4,nan,3,15,0,FREE
1105,3,הנדסה,3,9,0,FREE
1105,3,הנדסה,3,8,0,BUSY
1102,4,הנדסה,3,18,0,BUSY
1102,4,הנדסה,3,12,0,BUSY
A1300,2,מעונות,3,10,1,BUSY
A1300,2,מעונות,3,9,0,FREE
A1300,1,מעונות,3,18,0,BUSY
A1300,1,מעונות,3,13,1,BUSY
901,4,חברה,3,9,0,FREE
901,4,חברה,3,10,0,FREE
1103,223,הנדסה,3,14,1,BUSY
1103,223,הנדסה,3,19,0,BUSY
1102,205,הנדסה,3,10,0,FREE
1102,205,הנדסה,3,8,0,BUSY
1105,366,הנדסה,3,13,1,FREE
1105,366,הנדסה,3,8,0,BUSY
1104,344,הנדסה,3,16,0,FREE
1104,344,הנדסה,3,10,1,BUSY
1104,347,הנדסה,3,16,0,BUSY
1104,347,הנדסה,3,17,0,FREE
1103,224,הנדסה,3,16,0,FREE
1103,224,הנדסה,3,14,0,BUSY
1002,112,רוח,3,12,0,BUSY
1002,112,רוח,3,15,0,FREE
905,119,חברה,3,19,0,FREE
905,119,חברה,3,17,1,BUSY
905,118,חברה,3,9,0,FREE
905,118,חברה,3,12,0,BUSY
905,319,חברה,3,8,0,BUSY
905,319,חברה,3,9,0,BUSY
905,418,חברה,3,14,0,BUSY
905,418,חברה,3,8,0,FREE
905,416,חברה,3,8,0,FREE
905,416,חברה,3,17,0,BUSY
905,211,חברה,3,13,0,FREE
905,211,חברה,3,15,0,BUSY
905,321,חברה,3,8,0,BUSY
905,321,חברה,3,15,0,BUSY
905,311,חברה,3,17,0,BUSY
905,311,חברה,3,10,0,FREE
905,2,חברה,3,14,0,FREE
905,2,חברה,3,11,0,FREE
905,317,חברה,3,13,0,FREE
905,317,חברה,3,8,0,BUSY
502,63,מ.ישראל,3,8,0,FREE
502,63,מ.ישראל,3,10,0,BUSY
212,214,טבע,3,18,0,FREE
212,214,טבע,3,13,0,FREE
211,21,nan,3,16,1,BUSY
211,21,nan,3,14,1,BUSY
211,17,nan,3,15,0,FREE
211,17,nan,3,8,1,BUSY
505,7,מ.ישראל,3,8,0,FREE
505,7,מ.ישראל,3,19,0,FREE
212,212,nan,3,15,0,FREE
212,212,nan,3,19,0,BUSY
212,1,טבע,3,9,0,FREE
212,1,טבע,3,18,0,FREE
304,4,משפטים,3,11,0,FREE
304,4,משפטים,3,13,0,FREE
403,3,יהדות,3,14,0,FREE
403,3,יהדות,3,11,0,BUSY
905,25,חברה,3,16,0,FREE
905,25,חברה,3,10,0,FREE
212,310,טבע,3,9,1,BUSY
212,310,טבע,3,13,1,BUSY
212,1,nan,3,13,1,BUSY
212,1,nan,3,17,0,FREE
212,3,טבע,3,12,0,FREE
212,3,טבע,3,13,0,BUSY
212,21,nan,3,14,0,FREE
212,21,nan,3,16,0,FREE
203,212,טבע,3,12,0,BUSY
203,212,טבע,3,18,0,BUSY
304,69,משפטים,3,19,0,FREE
304,69,משפטים,3,14,0,FREE
305,11,משפטים,3,15,0,FREE
305,11,משפטים,3,19,0,BUSY
901,11,חברה,3,12,0,FREE
901,11,חברה,3,14,0,BUSY
211,3,nan,3,11,0,FREE
211,3,nan,3,8,0,FREE
213,61,טבע,3,8,0,BUSY
213,61,טבע,3,12,0,BUSY
211,9,nan,3,12,0,FREE
211,9,nan,3,9,0,FREE
902,1,חברה,3,12,0,BUSY
902,1,חברה,3,17,0,FREE
304,7,משפטים,3,12,0,FREE
304,7,משפטים,3,11,0,FREE
403,1,מינץ,3,10,0,FREE
403,1,מינץ,3,18,0,FREE
211,7,nan,3,11,0,FREE
211,7,nan,3,10,0,FREE
501,11,מ.ישראל,3,14,0,BUSY
501,11,מ.ישראל,3,17,0,FREE
507,11,מ.ישראל,3,18,0,FREE
507,11,מ.ישראל,3,13,0,BUSY
1401,7,nan,3,11,0,BUSY
1401,7,nan,3,18,0,FREE
211,63,nan,3,19,0,FREE
211,63,nan,3,14,0,BUSY
105,134,סטודנטים,3,8,0,BUSY
105,134,סטודנטים,3,18,0,FREE
305,3,משפטים,3,9,0,FREE
305,3,משפטים,3,16,0,FREE
404,133,יהדות,3,15,0,FREE
404,133,יהדות,3,11,0,FREE
306,1,משפטים,3,15,0,FREE
306,1,משפטים,3,14,0,BUSY
304,132,משפטים,3,17,0,FREE
304,132,משפטים,3,12,0,FREE
105,132,סטודנטים,3,14,0,FREE
105,132,סטודנטים,3,15,0,FREE
404,134,יהדות,3,15,0,FREE
404,134,יהדות,3,16,0,FREE
404,65,יהדות,3,19,0,FREE
404,65,יהדות,3,10,0,FREE
102,133,סטודנטים,3,18,1,BUSY
102,133,סטודנטים,3,11,0,BUSY
305,104,משפטים,3,16,0,FREE
305,104,משפטים,3,17,0,BUSY
507,10,מ.ישראל,3,15,0,FREE
507,10,מ.ישראל,3,12,0,FREE
507,62,מ.ישראל,3,9,0,FREE
507,62,מ.ישראל,3,16,0,FREE
604,309,מ.ישראל,3,8,1,BUSY
604,309,מ.ישראל,3,12,1,BUSY
901,101,חברה,3,8,1,BUSY
901,101,חברה,3,16,1,BUSY
901,102,חברה,3,10,0,FREE
901,102,חברה,3,16,1,BUSY
301,202,פלדמן,3,8,0,FREE
301,202,פלדמן,3,9,0,FREE
905,104,חברה,3,11,0,FREE
905,104,חברה,3,19,0,FREE
507,107,מ.ישראל,4,13,1,BUSY
507,107,מ.ישראל,4,8,0,FREE
905,61,חברה,4,9,1,BUSY
905,61,חברה,4,17,1,BUSY
1401,2,nan,4,9,0,FREE
1401,2,nan,4,11,0,FREE
402,63,יהדות,4,12,0,FREE
402,63,יהדות,4,17,0,FREE
203,221,טבע,4,9,0,BUSY
203,221,טבע,4,16,1,BUSY
1002,1,רוח,4,19,0,FREE
1002,1,רוח,4,12,1,BUSY
604,63,מ.ישראל,4,8,0,FREE
604,63,מ.ישראל,4,18,1,FREE
604,64,מ.ישראל,4,17,1,FREE
604,64,מ.ישראל,4,11,1,BUSY
604,105,מ.ישראל,4,13,1,BUSY
604,105,מ.ישראל,4,11,1,FREE
403,211,יהדות,4,16,1,FREE
403,211,יהדות,4,18,0,FREE
604,102,מ.ישראל,4,13,1,FREE
604,102,מ.ישראל,4,15,1,FREE
403,217,יהדות,4,13,0,FREE
403,217,יהדות,4,15,0,FREE
305,133,משפטים,4,15,1,BUSY
305,133,משפטים,4,19,0,FREE
504,2,מ.ישראל,4,8,0,FREE
504,2,מ.ישראל,4,18,0,BUSY
507,102,מ.ישראל,4,18,1,FREE
507,102,מ.ישראל,4,16,1,BUSY
604,62,מ.ישראל,4,18,1,BUSY
604,62,מ.ישראל,4,12,0,FREE
1002,405,רוח,4,19,0,FREE
1002,405,רוח,4,15,0,FREE
902,210,חברה,4,17,0,FREE
902,210,חברה,4,9,1,BUSY
508,7,מ.ישראל,4,8,0,FREE
508,7,מ.ישראל,4,19,0,FREE
502,8,מ.ישראל,4,15,0,FREE
502,8,מ.ישראל,4,17,0,FREE
605,104,מ.ישראל,4,9,1,BUSY
605,104,מ.ישראל,4,16,1,BUSY
1002,61,רוח,4,19,0,FREE
1002,61,רוח,4,14,1,BUSY
507,4,מ.ישראל,4,14,1,FREE
507,4,מ.ישראל,4,13,1,BUSY
504,4,מ.ישראל,4,11,0,FREE
504,4,מ.ישראל,4,10,0,FREE
1002,202,רוח,4,8,0,FREE
1002,202,רוח,4,18,1,FREE
502,6,מ.ישראל,4,12,0,FREE
502,6,מ.ישראל,4,10,0,FREE
502,7,מ.ישראל,4,10,0,FREE
502,7,מ.ישראל,4,18,0,FREE
505,4,מ.ישראל,4,17,0,FREE
505,4,מ.ישראל,4,10,0,FREE
502,9,מ.ישראל,4,18,0,FREE
502,9,מ.ישראל,4,19,0,BUSY
1005,109,רוח,4,18,0,FREE
1005,109,רוח,4,8,0,FREE
902,103,חברה,4,15,1,FREE
902,103,חברה,4,13,1,BUSY
502,37,מ.ישראל,4,19,1,BUSY
502,37,מ.ישראל,4,13,0,FREE
902,201,חברה,4,11,1,BUSY
902,201,חברה,4,15,1,BUSY
604,205,מ.ישראל,4,12,1,BUSY
604,205,מ.ישראל,4,19,1,BUSY
505,63,מ.ישראל,4,14,0,FREE
505,63,מ.ישראל,4,10,1,FREE
504,5,מ.ישראל,4,13,0,BUSY
504,5,מ.ישראל,4,18,1,FREE
305,5,משפטים,4,9,0,FREE
305,5,משפטים,4,8,0,FREE
605,14,מ.ישראל,4,15,1,BUSY
605,14,מ.ישראל,4,9,0,FREE
505,105,מ.ישראל,4,15,0,FREE
505,105,מ.ישראל,4,9,0,FREE
502,24,מ.ישראל,4,15,0,FREE
502,24,מ.ישראל,4,8,0,FREE
505,5,מ.ישראל,4,18,0,FREE
505,5,מ.ישראל,4,16,1,BUSY
404,68,יהדות,4,14,0,FREE
404,68,יהדות,4,8,0,FREE
305,134,משפטים,4,8,1,FREE
305,134,משפטים,4,9,1,BUSY
105,103,סטודנטים,4,17,1,BUSY
105,103,סטודנטים,4,14,1,BUSY
105,104,סטודנטים,4,10,1,BUSY
105,104,סטודנטים,4,12,0,BUSY
105,101,סטודנטים,4,15,1,FREE
105,101,סטודנטים,4,18,0,FREE
105,102,סטודנטים,4,16,1,BUSY
105,102,סטודנטים,4,14,0,BUSY
105,1,סטודנטים,4,17,1,BUSY
105,1,סטודנטים,4,11,1,BUSY
304,3,משפטים,4,13,1,BUSY
304,3,משפטים,4,16,1,BUSY
305,6,משפטים,4,19,0,FREE
305,6,משפטים,4,18,0,FREE
105,61,סטודנטים,4,14,1,BUSY
105,61,סטודנטים,4,15,1,BUSY
105,2,סטודנטים,4,17,0,FREE
105,2,סטודנטים,4,16,0,BUSY
304,2,משפטים,4,16,1,BUSY
304,2,משפטים,4,9,0,FREE
105,3,סטודנטים,4,17,0,FREE
105,3,סטודנטים,4,19,0,BUSY
605,101,מ.ישראל,4,9,1,BUSY
605,101,מ.ישראל,4,11,1,BUSY
605,102,מ.ישראל,4,8,1,FREE
605,102,מ.ישראל,4,16,0,FREE
604,11,מ.ישראל,4,10,0,BUSY
604,11,מ.ישראל,4,12,0,FREE
605,11,מ.ישראל,4,9,0,FREE
605,11,מ.ישראל,4,8,0,BUSY
604,12,מ.ישראל,4,10,0,FREE
604,12,מ.ישראל,4,12,0,BUSY
504,6,מ.ישראל,4,15,1,BUSY
504,6,מ.ישראל,4,8,0,FREE
605,202,מ.ישראל,4,13,0,BUSY
605,202,מ.ישראל,4,17,0,FREE
604,14,מ.ישראל,4,19,1,FREE
604,14,מ.ישראל,4,17,1,BUSY
507,101,מ.ישראל,4,11,1,BUSY
507,101,מ.ישראל,4,12,0,BUSY
507,103,מ.ישראל,4,15,1,BUSY
507,103,מ.ישראל,4,11,1,BUSY
504,7,מ.ישראל,4,8,0,FREE
504,7,מ.ישראל,4,13,0,FREE
604,13,מ.ישראל,4,9,1,BUSY
604,13,מ.ישראל,4,18,0,FREE
505,1,מ.ישראל,4,11,0,FREE
505,1,מ.ישראל,4,14,0,BUSY
504,3,מ.ישראל,4,16,1,BUSY
504,3,מ.ישראל,4,18,1,BUSY
604,101,מ.ישראל,4,17,1,FREE
604,101,מ.ישראל,4,14,1,BUSY
507,201,מ.ישראל,4,16,0,FREE
507,201,מ.ישראל,4,8,0,FREE
403,67,יהדות,4,17,1,BUSY
403,67,יהדות,4,13,0,FREE
507,204,מ.ישראל,4,16,1,BUSY
507,204,מ.ישראל,4,18,1,BUSY
505,106,מ.ישראל,4,13,1,BUSY
505,106,מ.ישראל,4,12,1,FREE
505,62,מ.ישראל,4,12,1,FREE
505,62,מ.ישראל,4,10,0,FREE
505,104,מ.ישראל,4,14,1,BUSY
505,104,מ.ישראל,4,12,1,BUSY
605,13,מ.ישראל,4,19,0,FREE
605,13,מ.ישראל,4,8,1,BUSY
501,25,מ.ישראל,4,10,1,FREE
501,25,מ.ישראל,4,11,1,BUSY
505,201,מ.ישראל,4,17,0,FREE
505,201,מ.ישראל,4,10,0,FREE
505,3,מ.ישראל,4,8,0,FREE
505,3,מ.ישראל,4,16,1,BUSY
507,207,מ.ישראל,4,19,1,BUSY
507,207,מ.ישראל,4,14,1,BUSY
604,61,מ.ישראל,4,19,0,FREE
604,61,מ.ישראל,4,8,0,BUSY
507,2,מ.ישראל,4,13,1,BUSY
507,2,מ.ישראל,4,12,1,BUSY
505,101,מ.ישראל,4,16,1,BUSY
505,101,מ.ישראל,4,11,0,BUSY
905,417,חברה,4,12,1,BUSY
905,417,חברה,4,17,1,BUSY
504,1,מ.ישראל,4,15,1,BUSY
504,1,מ.ישראל,4,8,0,BUSY
605,201,מ.ישראל,4,14,0,FREE
605,201,מ.ישראל,4,13,0,FREE
604,104,מ.ישראל,4,16,1,FREE
604,104,מ.ישראל,4,10,1,BUSY
213,4,טבע,4,9,0,FREE
213,4,טבע,4,14,1,BUSY
105,4,סטודנטים,4,18,1,BUSY
105,4,סטודנטים,4,16,1,FREE
102,2,סטודנטים,4,18,0,FREE
102,2,סטודנטים,4,14,0,BUSY
105,5,סטודנטים,4,11,0,BUSY
105,5,סטודנטים,4,13,0,FREE
105,105,סטודנטים,4,8,0,FREE
105,105,סטודנטים,4,19,0,FREE
207,1,טבע,4,11,1,BUSY
207,1,טבע,4,16,1,BUSY
105,106,סטודנטים,4,17,1,BUSY
105,106,סטודנטים,4,12,0,FREE
404,115,יהדות,4,16,1,BUSY
404,115,יהדות,4,11,1,BUSY
403,101,יהדות,4,13,0,FREE
403,101,יהדות,4,15,0,FREE
404,102,יהדות,4,11,0,BUSY
404,102,יהדות,4,16,1,FREE
105,6,סטודנטים,4,9,0,BUSY
105,6,סטודנטים,4,17,0,FREE
102,4,סטודנטים,4,12,1,BUSY
102,4,סטודנטים,4,18,0,FREE
404,114,יהדות,4,16,1,FREE
404,114,יהדות,4,9,0,FREE
306,111,משפטים,4,9,1,BUSY
306,111,משפטים,4,19,0,FREE
505,2,מ.ישראל,4,15,1,BUSY
505,2,מ.ישראל,4,16,1,FREE
604,2,מ.ישראל,4,9,0,FREE
604,2,מ.ישראל,4,8,0,FREE
605,61,מ.ישראל,4,12,0,FREE
605,61,מ.ישראל,4,11,0,BUSY
410,125,יהדות,4,13,1,BUSY
410,125,יהדות,4,11,1,BUSY
410,46,יהדות,4,16,1,BUSY
410,46,יהדות,4,18,0,FREE
403,66,יהדות,4,15,1,BUSY
403,66,יהדות,4,9,0,FREE
502,26,מ.ישראל,4,15,0,FREE
502,26,מ.ישראל,4,10,1,BUSY
502,25,מ.ישראל,4,12,1,BUSY
502,25,מ.ישראל,4,19,0,FREE
403,218,יהדות,4,9,1,BUSY
403,218,יהדות,4,18,0,FREE
403,113,יהדות,4,15,0,FREE
403,113,יהדות,4,12,0,BUSY
410,142,יהדות,4,19,0,FREE
410,142,יהדות,4,9,0,FREE
505,61,מ.ישראל,4,14,1,FREE
505,61,מ.ישראל,4,8,0,BUSY
505,11,מ.ישראל,4,10,0,FREE
505,11,מ.ישראל,4,15,0,BUSY
605,105,מ.ישראל,4,9,0,FREE
605,105,מ.ישראל,4,13,0,FREE
604,1,מ.ישראל,4,13,0,FREE
604,1,מ.ישראל,4,15,0,BUSY
507,14,מ.ישראל,4,18,0,FREE
507,14,מ.ישראל,4,14,0,FREE
605,4,מ.ישראל,4,12,0,BUSY
605,4,מ.ישראל,4,14,0,FREE
502,62,מ.ישראל,4,9,0,FREE
502,62,מ.ישראל,4,12,0,FREE
605,7,מ.ישראל,4,15,0,FREE
605,7,מ.ישראל,4,11,0,FREE
507,206,מ.ישראל,4,12,1,BUSY
507,206,מ.ישראל,4,9,1,BUSY
504,206,מ.ישראל,4,10,0,BUSY
504,206,מ.ישראל,4,19,0,FREE
508,103,מ.ישראל,4,14,0,FREE
508,103,מ.ישראל,4,9,0,FREE
507,106,מ.ישראל,4,14,1,BUSY
507,106,מ.ישראל,4,19,1,BUSY
605,106,מ.ישראל,4,11,0,FREE
605,106,מ.ישראל,4,17,0,FREE
507,108,מ.ישראל,4,9,1,BUSY
507,108,מ.ישראל,4,12,0,FREE
505,108,מ.ישראל,4,8,0,FREE
505,108,מ.ישראל,4,18,0,BUSY
505,102,מ.ישראל,4,16,0,BUSY
505,102,מ.ישראל,4,8,0,FREE
507,6,מ.ישראל,4,12,0,FREE
507,6,מ.ישראל,4,9,0,BUSY
507,208,מ.ישראל,4,8,1,BUSY
507,208,מ.ישראל,4,10,1,BUSY
507,205,מ.ישראל,4,18,0,FREE
507,205,מ.ישראל,4,13,1,BUSY
507,3,מ.ישראל,4,15,0,FREE
507,3,מ.ישראל,4,11,0,FREE
505,103,מ.ישראל,4,13,1,BUSY
505,103,מ.ישראל,4,16,0,FREE
507,209,מ.ישראל,4,15,1,BUSY
507,209,מ.ישראל,4,12,1,BUSY
507,202,מ.ישראל,4,12,0,FREE
507,202,מ.ישראל,4,13,0,FREE
605,103,מ.ישראל,4,8,1,FREE
605,103,מ.ישראל,4,10,1,BUSY
403,2,יהדות,4,14,1,BUSY
403,2,יהדות,4,17,1,BUSY
507,104,מ.ישראל,4,12,1,BUSY
507,104,מ.ישראל,4,15,1,BUSY
507,5,מ.ישראל,4,19,1,BUSY
507,5,מ.ישראל,4,8,0,BUSY
507,203,מ.ישראל,4,17,1,BUSY
507,203,מ.ישראל,4,13,1,FREE
305,132,משפטים,4,11,0,FREE
305,132,משפטים,4,19,0,FREE
902,101,חברה,4,15,1,BUSY
902,101,חברה,4,8,1,BUSY
902,104,חברה,4,15,0,FREE
902,104,חברה,4,11,1,BUSY
1005,112,רוח,4,16,0,FREE
1005,112,רוח,4,18,0,FREE
605,65,מ.ישראל,4,11,0,FREE
605,65,מ.ישראל,4,10,0,FREE
905,116,חברה,4,10,1,BUSY
905,116,חברה,4,9,1,BUSY
203,226,טבע,4,8,0,FREE
203,226,טבע,4,9,0,FREE
902,202,חברה,4,12,1,FREE
902,202,חברה,4,18,0,FREE
902,102,חברה,4,17,0,FREE
902,102,חברה,4,12,1,BUSY
1002,201,רוח,4,17,1,FREE
1002,201,רוח,4,12,1,FREE
605,12,מ.ישראל,4,9,0,FREE
605,12,מ.ישראל,4,18,0,FREE
502,30,מ.ישראל,4,16,1,BUSY
502,30,מ.ישראל,4,15,0,FREE
504,63,מ.ישראל,4,12,0,FREE
504,63,מ.ישראל,4,9,0,FREE
507,13,מ.ישראל,4,13,0,FREE
507,13,מ.ישראל,4,14,0,BUSY
507,105,מ.ישראל,4,8,0,FREE
507,105,מ.ישראל,4,16,0,FREE
604,103,מ.ישראל,4,12,1,FREE
604,103,מ.ישראל,4,15,1,BUSY
410,26,יהדות,4,15,0,BUSY
410,26,יהדות,4,14,0,FREE
410,6,יהדות,4,14,0,FREE
410,6,יהדות,4,9,0,FREE
404,66,יהדות,4,14,0,FREE
404,66,יהדות,4,9,0,FREE
605,64,מ.ישראל,4,14,1,BUSY
605,64,מ.ישראל,4,13,1,BUSY
505,64,מ.ישראל,4,13,1,FREE
505,64,מ.ישראל,4,11,0,BUSY
403,115,יהדות,4,10,0,FREE
403,115,יהדות,4,14,0,FREE
404,67,יהדות,4,14,0,FREE
404,67,יהדות,4,16,1,BUSY
1005,111,רוח,4,8,0,FREE
1005,111,רוח,4,13,1,BUSY
1004,305,רוח,4,16,0,FREE
1004,305,רוח,4,10,0,FREE
404,101,יהדות,4,15,0,FREE
404,101,יהדות,4,11,1,BUSY
1002,305,רוח,4,19,0,FREE
1002,305,רוח,4,18,0,FREE
504,208,מ.ישראל,4,16,0,FREE
504,208,מ.ישראל,4,17,0,FREE
211,112,טבע,4,19,1,FREE
211,112,טבע,4,13,1,BUSY
305,63,משפטים,4,12,0,FREE
305,63,משפטים,4,17,1,BUSY
306,112,משפטים,4,17,0,FREE
306,112,משפטים,4,12,0,FREE
211,106,טבע,4,18,0,FREE
211,106,טבע,4,9,0,BUSY
207,201,טבע,4,15,0,BUSY
207,201,טבע,4,18,1,FREE
305,101,משפטים,4,12,1,BUSY
305,101,משפטים,4,8,0,FREE
403,61,יהדות,4,8,0,FREE
403,61,יהדות,4,9,0,FREE
202,202,טבע,4,11,0,FREE
202,202,טבע,4,15,0,FREE
203,106,טבע,4,11,0,BUSY
203,106,טבע,4,19,0,BUSY
203,112,טבע,4,9,0,FREE
203,112,טבע,4,16,0,FREE
105,112,סטודנטים,4,17,0,FREE
105,112,סטודנטים,4,18,0,FREE
207,6,טבע,4,11,1,BUSY
207,6,טבע,4,18,0,BUSY
207,4,טבע,4,17,0,FREE
207,4,טבע,4,13,0,FREE
207,101,טבע,4,13,0,BUSY
207,101,טבע,4,11,1,FREE
604,6,מ.ישראל,4,10,0,BUSY
604,6,מ.ישראל,4,13,0,BUSY
211,22,nan,4,14,0,FREE
211,22,nan,4,16,0,FREE
211,4,טבע,4,14,0,FREE
211,4,טבע,4,11,0,BUSY
507,7,מ.ישראל,4,13,1,BUSY
507,7,מ.ישראל,4,15,0,FREE
1401,3,nan,4,16,0,FREE
1401,3,nan,4,13,0,BUSY
905,63,חברה,4,13,1,BUSY
905,63,חברה,4,14,0,BUSY
901,61,חברה,4,18,0,FREE
901,61,חברה,4,19,0,FREE
403,69,מינץ,4,14,0,FREE
403,69,מינץ,4,11,0,FREE
1401,63,nan,4,11,0,FREE
1401,63,nan,4,15,0,FREE
1401,1,nan,4,13,0,FREE
1401,1,nan,4,14,0,FREE
507,1,מ.ישראל,4,8,0,BUSY
507,1,מ.ישראל,4,13,0,FREE
905,62,חברה,4,17,1,BUSY
905,62,חברה,4,19,1,BUSY
504,10,מ.ישראל,4,8,0,FREE
504,10,מ.ישראל,4,16,1,BUSY
505,202,מ.ישראל,4,17,0,FREE
505,202,מ.ישראל,4,10,0,FREE
1002,102,רוח,4,13,0,FREE
1002,102,רוח,4,14,0,FREE
410,226,יהדות,4,14,1,BUSY
410,226,יהדות,4,17,1,FREE
410,225,יהדות,4,9,0,FREE
410,225,יהדות,4,13,0,FREE
1004,407,רוח,4,14,0,FREE
1004,407,רוח,4,12,0,BUSY
1004,402,רוח,4,18,0,FREE
1004,402,רוח,4,17,1,FREE
505,65,מ.ישראל,4,17,1,BUSY
505,65,מ.ישראל,4,15,0,FREE
505,204,מ.ישראל,4,9,0,BUSY
505,204,מ.ישראל,4,13,0,BUSY
304,1,משפטים,4,11,1,FREE
304,1,משפטים,4,19,0,FREE
605,63,מ.ישראל,4,10,1,BUSY
605,63,מ.ישראל,4,18,0,FREE
305,10,משפטים,4,17,0,FREE
305,10,משפטים,4,12,1,FREE
304,61,משפטים,4,8,0,FREE
304,61,משפטים,4,19,0,FREE
604,202,מ.ישראל,4,10,0,FREE
604,202,מ.ישראל,4,15,1,BUSY
211,25,nan,4,8,1,FREE
211,25,nan,4,10,1,BUSY
304,25,משפטים,4,10,0,FREE
304,25,משפטים,4,19,0,FREE
1105,53,הנדסה,4,15,0,BUSY
1105,53,הנדסה,4,16,1,BUSY
1401,53,nan,4,9,0,FREE
1401,53,nan,4,14,0,FREE
305,2,משפטים,4,10,0,FREE
305,2,משפטים,4,12,0,FREE
305,4,משפטים,4,16,1,BUSY
305,4,משפטים,4,11,1,BUSY
502,23,מ.ישראל,4,12,0,BUSY
502,23,מ.ישראל,4,18,0,FREE
503,1,מ.ישראל,4,13,1,BUSY
503,1,מ.ישראל,4,12,1,BUSY
404,113,יהדות,4,13,0,BUSY
404,113,יהדות,4,19,0,FREE
404,201,יהדות,4,9,0,FREE
404,201,יהדות,4,14,0,FREE
505,203,מ.ישראל,4,8,1,BUSY
505,203,מ.ישראל,4,9,1,BUSY
1005,19,רוח,4,17,1,BUSY
1005,19,רוח,4,9,0,FREE
1005,108,רוח,4,15,0,FREE
1005,108,רוח,4,11,1,BUSY
1005,201,רוח,4,10,0,BUSY
1005,201,רוח,4,19,0,FREE
1005,209,רוח,4,18,0,BUSY
1005,209,רוח,4,11,0,BUSY
1005,207,רוח,4,11,0,FREE
1005,207,רוח,4,18,0,FREE
1005,203,רוח,4,13,0,FREE
1005,203,רוח,4,12,0,FREE
604,201,מ.ישראל,4,15,1,BUSY
604,201,מ.ישראל,4,8,0,BUSY
305,105,משפטים,4,13,0,FREE
305,105,משפטים,4,19,0,FREE
507,37,מ.ישראל,4,13,0,FREE
507,37,מ.ישראל,4,17,0,FREE
1104,42,הנדסה,4,17,1,BUSY
1104,42,הנדסה,4,15,1,BUSY
1105,42,הנדסה,4,18,0,FREE
1105,42,הנדסה,4,19,0,FREE
1103,22,הנדסה,4,8,0,BUSY
1103,22,הנדסה,4,17,1,BUSY
902,9,חברה,4,19,0,FREE
902,9,חברה,4,18,0,FREE
304,9,משפטים,4,14,0,FREE
304,9,משפטים,4,11,0,FREE
1105,271,הנדסה,4,11,1,FREE
1105,271,הנדסה,4,10,1,BUSY
1104,271,הנדסה,4,10,0,FREE
1104,271,הנדסה,4,9,0,FREE
507,61,מ.ישראל,4,13,0,FREE
507,61,מ.ישראל,4,10,1,BUSY
213,304,טבע,4,18,0,FREE
213,304,טבע,4,14,0,BUSY
213,320,טבע,4,9,0,BUSY
213,320,טבע,4,14,0,BUSY
1004,203,רוח,4,16,0,FREE
1004,203,רוח,4,13,0,FREE
1004,212,רוח,4,8,0,FREE
1004,212,רוח,4,13,0,FREE
410,328,יהדות,4,10,0,FREE
410,328,יהדות,4,9,0,FREE
410,332,יהדות,4,10,0,FREE
410,332,יהדות,4,15,0,FREE
604,204,מ.ישראל,4,19,0,FREE
604,204,מ.ישראל,4,13,1,BUSY
1002,203,רוח,4,9,0,BUSY
1002,203,רוח,4,12,0,FREE
202,301,טבע,4,15,1,BUSY
202,301,טבע,4,8,0,FREE
203,4,טבע,4,8,0,FREE
203,4,טבע,4,14,0,BUSY
202,221,טבע,4,16,1,FREE
202,221,טבע,4,9,0,FREE
202,205,טבע,4,15,0,FREE
202,205,טבע,4,16,0,FREE
202,304,טבע,4,14,0,BUSY
202,304,טבע,4,8,0,FREE
202,505,טבע,4,10,1,BUSY
202,505,טבע,4,14,1,BUSY
202,203,טבע,4,16,0,FREE
202,203,טבע,4,11,0,FREE
202,303,טבע,4,19,0,FREE
202,303,טבע,4,8,0,BUSY
202,201,טבע,4,14,0,BUSY
202,201,טבע,4,11,1,BUSY
202,204,טבע,4,10,0,FREE
202,204,טבע,4,15,0,BUSY
505,505,מ.ישראל,4,13,0,BUSY
505,505,מ.ישראל,4,15,0,FREE
902,301,חברה,4,14,1,BUSY
902,301,חברה,4,17,1,FREE
902,12,חברה,4,10,1,BUSY
902,12,חברה,4,16,1,BUSY
902,107,חברה,4,10,1,BUSY
902,107,חברה,4,16,1,FREE
905,217,חברה,4,13,1,BUSY
905,217,חברה,4,16,1,BUSY
902,217,חברה,4,13,0,FREE
902,217,חברה,4,12,0,FREE
902,110,חברה,4,10,0,FREE
902,110,חברה,4,19,0,FREE
902,109,חברה,4,19,0,FREE
902,109,חברה,4,16,0,FREE
507,23,מ.ישראל,4,13,0,BUSY
507,23,מ.ישראל,4,18,0,FREE
1004,406,רוח,4,11,0,FREE
1004,406,רוח,4,17,0,FREE
1105,368,הנדסה,4,9,0,BUSY
1105,368,הנדסה,4,10,0,FREE
1102,2,הנדסה,4,16,1,BUSY
1102,2,הנדסה,4,12,1,BUSY
1104,244,הנדסה,4,8,0,BUSY
1104,244,הנדסה,4,15,1,BUSY
1104,249,הנדסה,4,17,1,BUSY
1104,249,הנדסה,4,16,1,BUSY
1104,243,הנדסה,4,11,1,BUSY
1104,243,הנדסה,4,13,1,BUSY
1103,42,הנדסה,4,12,0,BUSY
1103,42,הנדסה,4,19,0,BUSY
1401,4,nan,4,13,0,FREE
1401,4,nan,4,17,0,BUSY
1105,3,הנדסה,4,14,1,BUSY
1105,3,הנדסה,4,18,0,FREE
1102,4,הנדסה,4,9,0,BUSY
1102,4,הנדסה,4,17,0,FREE
A1300,2,מעונות,4,17,1,BUSY
A1300,2,מעונות,4,8,0,FREE
A1300,1,מעונות,4,19,0,FREE
A1300,1,מעונות,4,17,0,FREE
901,4,חברה,4,13,1,BUSY
901,4,חברה,4,19,0,FREE
1103,223,הנדסה,4,9,0,FREE
1103,223,הנדסה,4,18,0,BUSY
1102,205,הנדסה,4,9,0,FREE
1102,205,הנדסה,4,19,0,FREE
1105,366,הנדסה,4,9,0,FREE
1105,366,הנדסה,4,17,0,FREE
1104,344,הנדסה,4,16,0,BUSY
1104,344,הנדסה,4,9,0,FREE
1104,347,הנדסה,4,9,0,FREE
1104,347,הנדסה,4,10,0,FREE
1103,224,הנדסה,4,8,0,BUSY
1103,224,הנדסה,4,13,1,BUSY
1002,112,רוח,4,19,0,FREE
1002,112,רוח,4,14,0,FREE
905,119,חברה,4,12,1,BUSY
905,119,חברה,4,9,1,BUSY
905,118,חברה,4,12,1,BUSY
905,118,חברה,4,19,0,FREE
905,319,חברה,4,13,1,BUSY
905,319,חברה,4,17,0,FREE
905,418,חברה,4,12,1,BUSY
905,418,חברה,4,13,1,FREE
905,416,חברה,4,10,0,FREE
905,416,חברה,4,15,0,FREE
905,211,חברה,4,8,0,BUSY
905,211,חברה,4,18,0,FREE
905,321,חברה,4,12,0,FREE
905,321,חברה,4,15,0,BUSY
905,311,חברה,4,18,0,FREE
905,311,חברה,4,12,0,BUSY
905,2,חברה,4,18,0,FREE
905,2,חברה,4,8,0,FREE
905,317,חברה,4,19,0,FREE
905,317,חברה,4,17,0,FREE
502,63,מ.ישראל,4,19,0,FREE
502,63,מ.ישראל,4,8,0,FREE
212,214,טבע,4,12,0,FREE
212,214,טבע,4,17,0,FREE
211,21,nan,4,8,0,FREE
211,21,nan,4,18,0,FREE
211,17,nan,4,11,1,FREE
211,17,nan,4,12,1,BUSY
505,7,מ.ישראל,4,16,0,FREE
505,7,מ.ישראל,4,9,0,FREE
212,212,nan,4,16,0,FREE
212,212,nan,4,8,0,FREE
212,1,טבע,4,9,1,BUSY
212,1,טבע,4,19,0,FREE
304,4,משפטים,4,19,0,FREE
304,4,משפטים,4,17,0,FREE
403,3,יהדות,4,19,0,FREE
403,3,יהדות,4,16,0,FREE
905,25,חברה,4,13,1,FREE
905,25,חברה,4,9,0,FREE
212,310,טבע,4,19,0,FREE
212,310,טבע,4,18,0,FREE
212,1,nan,4,12,1,FREE
212,1,nan,4,9,1,BUSY
212,3,טבע,4,14,1,BUSY
212,3,טבע,4,8,0,FREE
212,21,nan,4,12,0,FREE
212,21,nan,4,15,0,FREE
203,212,טבע,4,11,0,FREE
203,212,טבע,4,9,0,BUSY
304,69,משפטים,4,18,0,FREE
304,69,משפטים,4,16,0,FREE
305,11,משפטים,4,9,0,FREE
305,11,משפטים,4,10,0,FREE
901,11,חברה,4,19,0,FREE
901,11,חברה,4,8,0,FREE
211,3,nan,4,8,0,FREE
211,3,nan,4,18,0,FREE
213,61,טבע,4,13,0,BUSY
213,61,טבע,4,12,0,BUSY
211,9,nan,4,9,0,FREE
211,9,nan,4,16,0,FREE
902,1,חברה,4,16,1,BUSY
902,1,חברה,4,19,0,FREE
304,7,משפטים,4,8,0,FREE
304,7,משפטים,4,14,1,BUSY
403,1,מינץ,4,11,0,FREE
403,1,מינץ,4,12,1,BUSY
211,7,nan,4,9,0,FREE
211,7,nan,4,8,0,FREE
501,11,מ.ישראל,4,12,0,FREE
501,11,מ.ישראל,4,8,0,FREE
507,11,מ.ישראל,4,17,0,FREE
507,11,מ.ישראל,4,9,1,BUSY
1401,7,nan,4,9,0,FREE
1401,7,nan,4,18,0,FREE
211,63,nan,4,12,0,FREE
211,63,nan,4,9,0,FREE
105,134,סטודנטים,4,19,0,FREE
105,134,סטודנטים,4,12,0,FREE
305,3,משפטים,4,9,0,FREE
305,3,משפטים,4,13,0,BUSY
404,133,יהדות,4,17,0,FREE
404,133,יהדות,4,10,0,FREE
306,1,משפטים,4,13,0,FREE
306,1,משפטים,4,10,0,FREE
304,132,משפטים,4,11,0,FREE
304,132,משפטים,4,13,0,BUSY
105,132,סטודנטים,4,9,0,BUSY
105,132,סטודנטים,4,14,0,FREE
404,134,יהדות,4,16,0,FREE
404,134,יהדות,4,11,0,FREE
404,65,יהדות,4,9,0,FREE
404,65,יהדות,4,13,0,BUSY
102,133,סטודנטים,4,17,0,FREE
102,133,סטודנטים,4,18,0,FREE
305,104,משפטים,4,14,0,BUSY
305,104,משפטים,4,9,0,FREE
507,10,מ.ישראל,4,17,1,BUSY
507,10,מ.ישראל,4,9,0,BUSY
507,62,מ.ישראל,4,15,0,FREE
507,62,מ.ישראל,4,14,0,BUSY
604,309,מ.ישראל,4,13,0,FREE
604,309,מ.ישראל,4,8,0,FREE
901,101,חברה,4,13,1,BUSY
901,101,חברה,4,14,1,BUSY
901,102,חברה,4,19,0,FREE
901,102,חברה,4,16,0,FREE
301,202,פלדמן,4,11,0,FREE
301,202,פלדמן,4,14,0,FREE
905,104,חברה,4,8,0,FREE
905,104,חברה,4,16,0,FREE
507,107,מ.ישראל,0,19,1,BUSY
507,107,מ.ישראל,0,15,1,BUSY
905,61,חברה,0,17,1,BUSY
905,61,חברה,0,14,1,FREE
1401,2,nan,0,19,0,FREE
1401,2,nan,0,14,1,BUSY
402,63,יהדות,0,18,1,BUSY
402,63,יהדות,0,8,1,BUSY
203,221,טבע,0,14,1,BUSY
203,221,טבע,0,18,0,BUSY
1002,1,רוח,0,16,1,BUSY
1002,1,רוח,0,12,1,BUSY
604,63,מ.ישראל,0,10,1,FREE
604,63,מ.ישראל,0,11,0,FREE
604,64,מ.ישראל,0,11,0,FREE
604,64,מ.ישראל,0,15,1,BUSY
604,105,מ.ישראל,0,18,0,FREE
604,105,מ.ישראל,0,17,1,BUSY
403,211,יהדות,0,17,0,FREE
403,211,יהדות,0,15,0,FREE
604,102,מ.ישראל,0,13,1,BUSY
604,102,מ.ישראל,0,18,1,BUSY
403,217,יהדות,0,18,0,FREE
403,217,יהדות,0,17,0,FREE
305,133,משפטים,0,18,0,FREE
305,133,משפטים,0,15,0,FREE
504,2,מ.ישראל,0,12,1,BUSY
504,2,מ.ישראל,0,19,0,FREE
507,102,מ.ישראל,0,15,1,BUSY
507,102,מ.ישראל,0,18,1,BUSY
604,62,מ.ישראל,0,8,0,FREE
604,62,מ.ישראל,0,14,0,BUSY
1002,405,רוח,0,8,0,FREE
1002,405,רוח,0,11,0,FREE
902,210,חברה,0,12,0,BUSY
902,210,חברה,0,8,0,FREE
508,7,מ.ישראל,0,13,1,BUSY
508,7,מ.ישראל,0,14,1,BUSY
502,8,מ.ישראל,0,12,1,BUSY
502,8,מ.ישראל,0,16,0,FREE
605,104,מ.ישראל,0,9,0,FREE
605,104,מ.ישראל,0,10,0,FREE
1002,61,רוח,0,18,0,FREE
1002,61,רוח,0,19,0,FREE
507,4,מ.ישראל,0,9,0,FREE
507,4,מ.ישראל,0,8,0,FREE
504,4,מ.ישראל,0,13,1,FREE
504,4,מ.ישראל,0,12,1,BUSY
1002,202,רוח,0,8,0,FREE
1002,202,רוח,0,19,1,BUSY
502,6,מ.ישראל,0,9,0,FREE
502,6,מ.ישראל,0,8,0,FREE
502,7,מ.ישראל,0,10,0,FREE
502,7,מ.ישראל,0,9,0,BUSY
505,4,מ.ישראל,0,17,0,FREE
505,4,מ.ישראל,0,14,0,BUSY
502,9,מ.ישראל,0,16,0,FREE
502,9,מ.ישראל,0,18,0,FREE
1005,109,רוח,0,15,0,FREE
1005,109,רוח,0,18,0,FREE
902,103,חברה,0,18,0,FREE
902,103,חברה,0,19,0,FREE
502,37,מ.ישראל,0,19,1,FREE
502,37,מ.ישראל,0,17,1,BUSY
902,201,חברה,0,16,1,FREE
902,201,חברה,0,19,1,FREE
604,205,מ.ישראל,0,19,1,BUSY
604,205,מ.ישראל,0,18,1,BUSY
505,63,מ.ישראל,0,16,1,BUSY
505,63,מ.ישראל,0,9,0,BUSY
504,5,מ.ישראל,0,14,1,BUSY
504,5,מ.ישראל,0,10,1,BUSY
305,5,משפטים,0,16,0,FREE
305,5,משפטים,0,15,0,FREE
605,14,מ.ישראל,0,12,1,BUSY
605,14,מ.ישראל,0,8,1,BUSY
505,105,מ.ישראל,0,16,1,BUSY
505,105,מ.ישראל,0,8,0,FREE
502,24,מ.ישראל,0,8,0,BUSY
502,24,מ.ישראל,0,11,0,BUSY
505,5,מ.ישראל,0,14,1,BUSY
505,5,מ.ישראל,0,17,0,FREE
404,68,יהדות,0,9,1,BUSY
404,68,יהדות,0,16,1,FREE
305,134,משפטים,0,14,1,FREE
305,134,משפטים,0,8,0,FREE
105,103,סטודנטים,0,19,0,BUSY
105,103,סטודנטים,0,10,1,FREE
105,104,סטודנטים,0,18,0,BUSY
105,104,סטודנטים,0,10,1,BUSY
105,101,סטודנטים,0,13,1,BUSY
105,101,סטודנטים,0,19,1,BUSY
105,102,סטודנטים,0,12,0,BUSY
105,102,סטודנטים,0,15,1,FREE
105,1,סטודנטים,0,12,1,BUSY
105,1,סטודנטים,0,19,0,FREE
304,3,משפטים,0,10,1,BUSY
304,3,משפטים,0,13,1,BUSY
305,6,משפטים,0,15,0,FREE
305,6,משפטים,0,10,1,BUSY
105,61,סטודנטים,0,9,0,FREE
105,61,סטודנטים,0,15,0,FREE
105,2,סטודנטים,0,15,1,BUSY
105,2,סטודנטים,0,10,0,BUSY
304,2,משפטים,0,17,1,BUSY
304,2,משפטים,0,9,1,BUSY
105,3,סטודנטים,0,19,0,FREE
105,3,סטודנטים,0,17,0,FREE
605,101,מ.ישראל,0,9,1,BUSY
605,101,מ.ישראל,0,19,1,BUSY
605,102,מ.ישראל,0,18,1,BUSY
605,102,מ.ישראל,0,16,1,BUSY
604,11,מ.ישראל,0,16,1,BUSY
604,11,מ.ישראל,0,8,1,BUSY
605,11,מ.ישראל,0,13,1,FREE
605,11,מ.ישראל,0,15,1,BUSY
604,12,מ.ישראל,0,10,1,FREE
604,12,מ.ישראל,0,14,1,BUSY
504,6,מ.ישראל,0,10,0,BUSY
504,6,מ.ישראל,0,16,0,BUSY
605,202,מ.ישראל,0,14,0,FREE
605,202,מ.ישראל,0,11,0,FREE
604,14,מ.ישראל,0,16,1,BUSY
604,14,מ.ישראל,0,11,0,FREE
507,101,מ.ישראל,0,14,1,BUSY
507,101,מ.ישראל,0,16,1,BUSY
507,103,מ.ישראל,0,8,1,FREE
507,103,מ.ישראל,0,12,1,BUSY
504,7,מ.ישראל,0,19,1,BUSY
504,7,מ.ישראל,0,18,1,BUSY
604,13,מ.ישראל,0,16,1,BUSY
604,13,מ.ישראל,0,19,1,BUSY
505,1,מ.ישראל,0,15,0,FREE
505,1,מ.ישראל,0,16,0,FREE
504,3,מ.ישראל,0,9,0,BUSY
504,3,מ.ישראל,0,18,1,BUSY
604,101,מ.ישראל,0,9,0,FREE
604,101,מ.ישראל,0,12,1,BUSY
507,201,מ.ישראל,0,10,1,BUSY
507,201,מ.ישראל,0,13,1,BUSY
403,67,יהדות,0,13,1,BUSY
403,67,יהדות,0,12,1,BUSY
507,204,מ.ישראל,0,12,1,BUSY
507,204,מ.ישראל,0,9,0,FREE
505,106,מ.ישראל,0,17,1,BUSY
505,106,מ.ישראל,0,12,1,BUSY
505,62,מ.ישראל,0,11,0,FREE
505,62,מ.ישראל,0,14,1,FREE
505,104,מ.ישראל,0,13,1,BUSY
505,104,מ.ישראל,0,12,1,BUSY
605,13,מ.ישראל,0,19,1,BUSY
605,13,מ.ישראל,0,13,1,BUSY
501,25,מ.ישראל,0,15,1,BUSY
501,25,מ.ישראל,0,19,1,BUSY
505,201,מ.ישראל,0,18,1,BUSY
505,201,מ.ישראל,0,12,1,BUSY
505,3,מ.ישראל,0,8,0,FREE
505,3,מ.ישראל,0,13,1,FREE
507,207,מ.ישראל,0,9,1,BUSY
507,207,מ.ישראל,0,18,1,BUSY
604,61,מ.ישראל,0,9,0,FREE
604,61,מ.ישראל,0,19,0,FREE
507,2,מ.ישראל,0,8,0,BUSY
507,2,מ.ישראל,0,12,1,FREE
505,101,מ.ישראל,0,11,0,BUSY
505,101,מ.ישראל,0,14,0,FREE
905,417,חברה,0,14,1,BUSY
905,417,חברה,0,8,1,BUSY
504,1,מ.ישראל,0,19,1,BUSY
504,1,מ.ישראל,0,11,1,BUSY
605,201,מ.ישראל,0,19,0,FREE
605,201,מ.ישראל,0,10,0,BUSY
604,104,מ.ישראל,0,12,1,BUSY
604,104,מ.ישראל,0,15,1,BUSY
213,4,טבע,0,19,1,BUSY
213,4,טבע,0,9,0,FREE
105,4,סטודנטים,0,17,1,BUSY
105,4,סטודנטים,0,14,0,FREE
102,2,סטודנטים,0,16,0,FREE
102,2,סטודנטים,0,8,0,FREE
105,5,סטודנטים,0,11,0,BUSY
105,5,סטודנטים,0,12,0,FREE
105,105,סטודנטים,0,18,0,BUSY
105,105,סטודנטים,0,19,0,FREE
207,1,טבע,0,14,1,BUSY
207,1,טבע,0,15,1,BUSY
105,106,סטודנטים,0,16,0,BUSY
105,106,סטודנטים,0,13,1,BUSY
404,115,יהדות,0,14,1,BUSY
404,115,יהדות,0,17,0,FREE
403,101,יהדות,0,8,0,FREE
403,101,יהדות,0,12,0,FREE
404,102,יהדות,0,17,1,BUSY
404,102,יהדות,0,9,0,FREE
105,6,סטודנטים,0,19,0,BUSY
105,6,סטודנטים,0,12,0,BUSY
102,4,סטודנטים,0,17,1,FREE
102,4,סטודנטים,0,14,1,BUSY
404,114,יהדות,0,19,1,BUSY
404,114,יהדות,0,15,0,FREE
306,111,משפטים,0,14,0,FREE
306,111,משפטים,0,11,0,FREE
505,2,מ.ישראל,0,15,1,FREE
505,2,מ.ישראל,0,19,0,FREE
604,2,מ.ישראל,0,9,0,BUSY
604,2,מ.ישראל,0,19,0,FREE
605,61,מ.ישראל,0,18,0,FREE
605,61,מ.ישראל,0,14,0,FREE
410,125,יהדות,0,10,1,BUSY
410,125,יהדות,0,13,1,BUSY
410,46,יהדות,0,19,1,BUSY
410,46,יהדות,0,18,1,BUSY
403,66,יהדות,0,11,1,BUSY
403,66,יהדות,0,14,1,BUSY
502,26,מ.ישראל,0,8,0,FREE
502,26,מ.ישראל,0,10,0,FREE
502,25,מ.ישראל,0,17,1,FREE
502,25,מ.ישראל,0,16,1,BUSY
403,218,יהדות,0,11,0,FREE
403,218,יהדות,0,17,0,FREE
403,113,יהדות,0,17,1,BUSY
403,113,יהדות,0,18,0,FREE
410,142,יהדות,0,12,0,FREE
410,142,יהדות,0,10,1,FREE
505,61,מ.ישראל,0,9,1,BUSY
505,61,מ.ישראל,0,17,1,BUSY
505,11,מ.ישראל,0,10,0,FREE
505,11,מ.ישראל,0,15,0,FREE
605,105,מ.ישראל,0,19,0,FREE
605,105,מ.ישראל,0,12,0,FREE
604,1,מ.ישראל,0,16,0,FREE
604,1,מ.ישראל,0,19,0,FREE
507,14,מ.ישראל,0,19,0,FREE
507,14,מ.ישראל,0,10,0,FREE
605,4,מ.ישראל,0,16,0,BUSY
605,4,מ.ישראל,0,19,0,FREE
502,62,מ.ישראל,0,14,0,FREE
502,62,מ.ישראל,0,9,0,BUSY
605,7,מ.ישראל,0,15,0,BUSY
605,7,מ.ישראל,0,19,0,FREE
507,206,מ.ישראל,0,19,1,BUSY
507,206,מ.ישראל,0,17,1,BUSY
504,206,מ.ישראל,0,10,0,FREE
504,206,מ.ישראל,0,8,0,FREE
508,103,מ.ישראל,0,12,0,BUSY
508,103,מ.ישראל,0,11,0,FREE
507,106,מ.ישראל,0,18,0,FREE
507,106,מ.ישראל,0,10,1,BUSY
605,106,מ.ישראל,0,19,0,FREE
605,106,מ.ישראל,0,12,0,BUSY
507,108,מ.ישראל,0,10,1,BUSY
507,108,מ.ישראל,0,17,1,FREE
505,108,מ.ישראל,0,12,0,FREE
505,108,מ.ישראל,0,17,0,FREE
505,102,מ.ישראל,0,11,1,BUSY
505,102,מ.ישראל,0,19,1,BUSY
507,6,מ.ישראל,0,11,1,BUSY
507,6,מ.ישראל,0,17,1,BUSY
507,208,מ.ישראל,0,14,1,BUSY
507,208,מ.ישראל,0,11,0,FREE
507,205,מ.ישראל,0,15,0,FREE
507,205,מ.ישראל,0,10,0,BUSY
507,3,מ.ישראל,0,15,1,BUSY
507,3,מ.ישראל,0,13,1,BUSY
505,103,מ.ישראל,0,9,1,BUSY
505,103,מ.ישראל,0,15,1,BUSY
507,209,מ.ישראל,0,17,1,BUSY
507,209,מ.ישראל,0,15,0,BUSY
507,202,מ.ישראל,0,15,0,FREE
507,202,מ.ישראל,0,10,0,BUSY
605,103,מ.ישראל,0,18,1,BUSY
605,103,מ.ישראל,0,16,1,BUSY
403,2,יהדות,0,18,1,BUSY
403,2,יהדות,0,10,1,BUSY
507,104,מ.ישראל,0,16,1,BUSY
507,104,מ.ישראל,0,19,0,FREE
507,5,מ.ישראל,0,15,0,FREE
507,5,מ.ישראל,0,11,0,FREE
507,203,מ.ישראל,0,10,0,BUSY
507,203,מ.ישראל,0,14,0,FREE
305,132,משפטים,0,18,0,FREE
305,132,משפטים,0,9,0,FREE
902,101,חברה,0,9,0,FREE
902,101,חברה,0,18,0,BUSY
902,104,חברה,0,10,1,BUSY
902,104,חברה,0,19,0,FREE
1005,112,רוח,0,17,0,FREE
1005,112,רוח,0,19,0,FREE
605,65,מ.ישראל,0,19,1,FREE
605,65,מ.ישראל,0,9,1,BUSY
905,116,חברה,0,15,1,BUSY
905,116,חברה,0,9,1,BUSY
203,226,טבע,0,11,1,BUSY
203,226,טבע,0,10,1,BUSY
902,202,חברה,0,15,1,BUSY
902,202,חברה,0,14,1,BUSY
902,102,חברה,0,18,0,BUSY
902,102,חברה,0,11,1,BUSY
1002,201,רוח,0,18,0,FREE
1002,201,רוח,0,16,1,BUSY
605,12,מ.ישראל,0,8,1,BUSY
605,12,מ.ישראל,0,16,1,BUSY
502,30,מ.ישראל,0,17,0,FREE
502,30,מ.ישראל,0,12,0,FREE
504,63,מ.ישראל,0,15,0,BUSY
504,63,מ.ישראל,0,9,0,FREE
507,13,מ.ישראל,0,15,0,FREE
507,13,מ.ישראל,0,17,0,FREE
507,105,מ.ישראל,0,13,0,FREE
507,105,מ.ישראל,0,9,0,BUSY
604,103,מ.ישראל,0,16,1,FREE
604,103,מ.ישראל,0,8,1,BUSY
410,26,יהדות,0,8,0,FREE
410,26,יהדות,0,10,0,FREE
410,6,יהדות,0,11,0,FREE
410,6,יהדות,0,9,0,FREE
404,66,יהדות,0,12,0,BUSY
404,66,יהדות,0,15,0,FREE
605,64,מ.ישראל,0,12,1,BUSY
605,64,מ.ישראל,0,15,1,BUSY
505,64,מ.ישראל,0,18,0,BUSY
505,64,מ.ישראל,0,17,1,BUSY
403,115,יהדות,0,19,0,FREE
403,115,יהדות,0,17,0,FREE
404,67,יהדות,0,15,0,FREE
404,67,יהדות,0,14,0,BUSY
1005,111,רוח,0,13,0,FREE
1005,111,רוח,0,8,0,FREE
1004,305,רוח,0,16,0,FREE
1004,305,רוח,0,18,1,BUSY
404,101,יהדות,0,15,0,FREE
404,101,יהדות,0,18,1,BUSY
1002,305,רוח,0,16,1,BUSY
1002,305,רוח,0,15,1,BUSY
504,208,מ.ישראל,0,12,0,BUSY
504,208,מ.ישראל,0,11,0,BUSY
211,112,טבע,0,9,1,BUSY
211,112,טבע,0,13,1,BUSY
305,63,משפטים,0,17,0,FREE
305,63,משפטים,0,15,0,BUSY
306,112,משפטים,0,9,0,FREE
306,112,משפטים,0,14,0,FREE
211,106,טבע,0,16,0,FREE
211,106,טבע,0,13,0,FREE
207,201,טבע,0,8,0,BUSY
207,201,טבע,0,14,0,BUSY
305,101,משפטים,0,15,0,FREE
305,101,משפטים,0,8,0,FREE
403,61,יהדות,0,19,0,FREE
403,61,יהדות,0,18,0,FREE
202,202,טבע,0,14,0,BUSY
202,202,טבע,0,19,1,BUSY
203,106,טבע,0,11,0,FREE
203,106,טבע,0,17,0,FREE
203,112,טבע,0,13,0,FREE
203,112,טבע,0,14,0,FREE
105,112,סטודנטים,0,16,0,BUSY
105,112,סטודנטים,0,8,0,FREE
207,6,טבע,0,19,0,BUSY
207,6,טבע,0,16,0,FREE
207,4,טבע,0,13,0,BUSY
207,4,טבע,0,12,0,FREE
207,101,טבע,0,13,0,FREE
207,101,טבע,0,10,0,BUSY
604,6,מ.ישראל,0,19,0,FREE
604,6,מ.ישראל,0,18,0,FREE
211,22,nan,0,19,0,FREE
211,22,nan,0,9,1,BUSY
211,4,טבע,0,13,0,BUSY
211,4,טבע,0,11,0,FREE
507,7,מ.ישראל,0,13,1,BUSY
507,7,מ.ישראל,0,9,0,FREE
1401,3,nan,0,11,1,BUSY
1401,3,nan,0,8,0,FREE
905,63,חברה,0,11,1,BUSY
905,63,חברה,0,18,1,BUSY
901,61,חברה,0,15,1,BUSY
901,61,חברה,0,13,1,BUSY
403,69,מינץ,0,8,0,FREE
403,69,מינץ,0,16,1,FREE
1401,63,nan,0,9,0,FREE
1401,63,nan,0,18,0,BUSY
1401,1,nan,0,18,0,FREE
1401,1,nan,0,16,1,BUSY
507,1,מ.ישראל,0,13,1,BUSY
507,1,מ.ישראל,0,16,1,BUSY
905,62,חברה,0,14,1,BUSY
905,62,חברה,0,13,1,BUSY
504,10,מ.ישראל,0,14,0,BUSY
504,10,מ.ישראל,0,18,0,FREE
505,202,מ.ישראל,0,14,0,FREE
505,202,מ.ישראל,0,11,0,BUSY
1002,102,רוח,0,12,0,FREE
1002,102,רוח,0,15,1,BUSY
410,226,יהדות,0,17,1,BUSY
410,226,יהדות,0,8,1,FREE
410,225,יהדות,0,18,0,FREE
410,225,יהדות,0,15,0,FREE
1004,407,רוח,0,12,1,BUSY
1004,407,רוח,0,9,0,FREE
1004,402,רוח,0,10,1,FREE
1004,402,רוח,0,9,0,FREE
505,65,מ.ישראל,0,16,0,BUSY
505,65,מ.ישראל,0,8,0,BUSY
505,204,מ.ישראל,0,9,0,BUSY
505,204,מ.ישראל,0,10,0,FREE
304,1,משפטים,0,18,1,FREE
304,1,משפטים,0,8,1,FREE
605,63,מ.ישראל,0,18,1,BUSY
605,63,מ.ישראל,0,17,1,BUSY
305,10,משפטים,0,14,1,BUSY
305,10,משפטים,0,19,0,FREE
304,61,משפטים,0,14,0,BUSY
304,61,משפטים,0,12,0,FREE
604,202,מ.ישראל,0,16,0,BUSY
604,202,מ.ישראל,0,11,0,BUSY
211,25,nan,0,12,1,FREE
211,25,nan,0,14,1,FREE
304,25,משפטים,0,18,0,FREE
304,25,משפטים,0,16,0,FREE
1105,53,הנדסה,0,18,1,FREE
1105,53,הנדסה,0,17,1,BUSY
1401,53,nan,0,10,0,FREE
1401,53,nan,0,17,0,FREE
305,2,משפטים,0,17,0,BUSY
305,2,משפטים,0,14,0,BUSY
305,4,משפטים,0,15,1,BUSY
305,4,משפטים,0,14,1,BUSY
502,23,מ.ישראל,0,13,0,BUSY
502,23,מ.ישראל,0,16,1,BUSY
503,1,מ.ישראל,0,11,0,FREE
503,1,מ.ישראל,0,13,1,BUSY
404,113,יהדות,0,16,1,BUSY
404,113,יהדות,0,9,0,FREE
404,201,יהדות,0,10,1,FREE
404,201,יהדות,0,17,0,FREE
505,203,מ.ישראל,0,15,0,BUSY
505,203,מ.ישראל,0,16,0,BUSY
1005,19,רוח,0,9,0,BUSY
1005,19,רוח,0,17,1,BUSY
1005,108,רוח,0,16,0,FREE
1005,108,רוח,0,9,0,FREE
1005,201,רוח,0,11,0,FREE
1005,201,רוח,0,10,0,FREE
1005,209,רוח,0,12,0,BUSY
1005,209,רוח,0,13,0,FREE
1005,207,רוח,0,11,0,FREE
1005,207,רוח,0,17,0,FREE
1005,203,רוח,0,16,0,BUSY
1005,203,רוח,0,10,0,FREE
604,201,מ.ישראל,0,11,0,FREE
604,201,מ.ישראל,0,9,0,FREE
305,105,משפטים,0,15,0,FREE
305,105,משפטים,0,12,0,FREE
507,37,מ.ישראל,0,11,0,FREE
507,37,מ.ישראל,0,18,0,BUSY
1104,42,הנדסה,0,9,1,BUSY
1104,42,הנדסה,0,18,1,BUSY
1105,42,הנדסה,0,11,0,FREE
1105,42,הנדסה,0,19,0,BUSY
1103,22,הנדסה,0,19,1,BUSY
1103,22,הנדסה,0,10,1,BUSY
902,9,חברה,0,10,1,BUSY
902,9,חברה,0,14,1,BUSY
304,9,משפטים,0,11,0,FREE
304,9,משפטים,0,8,0,FREE
1105,271,הנדסה,0,18,1,BUSY
1105,271,הנדסה,0,10,1,FREE
1104,271,הנדסה,0,19,0,FREE
1104,271,הנדסה,0,10,0,BUSY
507,61,מ.ישראל,0,14,0,BUSY
507,61,מ.ישראל,0,13,0,BUSY
213,304,טבע,0,17,1,BUSY
213,304,טבע,0,8,0,FREE
213,320,טבע,0,8,0,BUSY
213,320,טבע,0,14,0,BUSY
1004,203,רוח,0,18,0,FREE
1004,203,רוח,0,10,0,FREE
1004,212,רוח,0,16,1,BUSY
1004,212,רוח,0,18,1,BUSY
410,328,יהדות,0,17,1,FREE
410,328,יהדות,0,15,1,BUSY
410,332,יהדות,0,14,0,FREE
410,332,יהדות,0,17,0,FREE
604,204,מ.ישראל,0,14,0,BUSY
604,204,מ.ישראל,0,12,0,BUSY
1002,203,רוח,0,17,0,FREE
1002,203,רוח,0,13,0,FREE
202,301,טבע,0,15,1,BUSY
202,301,טבע,0,17,1,BUSY
203,4,טבע,0,16,0,FREE
203,4,טבע,0,14,0,BUSY
202,221,טבע,0,14,0,BUSY
202,221,טבע,0,16,0,FREE
202,205,טבע,0,17,0,BUSY
202,205,טבע,0,10,0,FREE
202,304,טבע,0,8,0,FREE
202,304,טבע,0,18,0,FREE
202,505,טבע,0,18,0,FREE
202,505,טבע,0,9,0,FREE
202,203,טבע,0,17,0,FREE
202,203,טבע,0,14,0,BUSY
202,303,טבע,0,8,0,FREE
202,303,טבע,0,16,0,BUSY
202,201,טבע,0,11,1,FREE
202,201,טבע,0,14,0,FREE
202,204,טבע,0,19,0,FREE
202,204,טבע,0,11,0,FREE
505,505,מ.ישראל,0,12,0,BUSY
505,505,מ.ישראל,0,9,0,FREE
902,301,חברה,0,8,1,BUSY
902,301,חברה,0,15,1,BUSY
902,12,חברה,0,13,1,BUSY
902,12,חברה,0,16,1,FREE
902,107,חברה,0,19,0,FREE
902,107,חברה,0,18,0,FREE
905,217,חברה,0,19,1,BUSY
905,217,חברה,0,18,1,BUSY
902,217,חברה,0,12,0,BUSY
902,217,חברה,0,16,0,FREE
902,110,חברה,0,10,0,FREE
902,110,חברה,0,16,0,FREE
902,109,חברה,0,16,0,FREE
902,109,חברה,0,8,0,BUSY
507,23,מ.ישראל,0,16,0,FREE
507,23,מ.ישראל,0,19,0,FREE
1004,406,רוח,0,16,0,FREE
1004,406,רוח,0,18,0,BUSY
1105,368,הנדסה,0,11,0,FREE
1105,368,הנדסה,0,12,0,BUSY
1102,2,הנדסה,0,14,1,BUSY
1102,2,הנדסה,0,9,0,FREE
1104,244,הנדסה,0,18,1,BUSY
1104,244,הנדסה,0,12,1,BUSY
1104,249,הנדסה,0,11,1,BUSY
1104,249,הנדסה,0,13,1,BUSY
1104,243,הנדסה,0,18,1,BUSY
1104,243,הנדסה,0,15,1,BUSY
1103,42,הנדסה,0,10,0,BUSY
1103,42,הנדסה,0,13,0,BUSY
1401,4,nan,0,9,1,BUSY
1401,4,nan,0,18,0,FREE
1105,3,הנדסה,0,12,0,BUSY
1105,3,הנדסה,0,14,0,BUSY
1102,4,הנדסה,0,13,0,FREE
1102,4,הנדסה,0,14,0,FREE
A1300,2,מעונות,0,11,1,BUSY
A1300,2,מעונות,0,14,1,BUSY
A1300,1,מעונות,0,15,1,BUSY
A1300,1,מעונות,0,11,1,BUSY
901,4,חברה,0,8,0,FREE
901,4,חברה,0,18,0,FREE
1103,223,הנדסה,0,11,1,BUSY
1103,223,הנדסה,0,16,0,FREE
1102,205,הנדסה,0,12,0,BUSY
1102,205,הנדסה,0,15,0,FREE
1105,366,הנדסה,0,19,0,FREE
1105,366,הנדסה,0,13,1,BUSY
1104,344,הנדסה,0,15,0,BUSY
1104,344,הנדסה,0,11,1,BUSY
1104,347,הנדסה,0,9,0,FREE
1104,347,הנדסה,0,10,0,FREE
1103,224,הנדסה,0,16,0,FREE
1103,224,הנדסה,0,19,0,FREE
1002,112,רוח,0,8,0,FREE
1002,112,רוח,0,17,0,FREE
905,119,חברה,0,11,1,BUSY
905,119,חברה,0,14,1,BUSY
905,118,חברה,0,13,1,BUSY
905,118,חברה,0,17,0,FREE
905,319,חברה,0,12,0,FREE
905,319,חברה,0,15,0,FREE
905,418,חברה,0,12,1,BUSY
905,418,חברה,0,14,1,BUSY
905,416,חברה,0,12,0,FREE
905,416,חברה,0,8,0,BUSY
905,211,חברה,0,16,1,BUSY
905,211,חברה,0,15,0,BUSY
905,321,חברה,0,16,0,FREE
905,321,חברה,0,11,0,FREE
905,311,חברה,0,13,0,FREE
905,311,חברה,0,8,0,FREE
905,2,חברה,0,10,0,FREE
905,2,חברה,0,12,0,BUSY
905,317,חברה,0,14,0,FREE
905,317,חברה,0,8,0,BUSY
502,63,מ.ישראל,0,14,0,FREE
502,63,מ.ישראל,0,15,0,FREE
212,214,טבע,0,18,0,FREE
212,214,טבע,0,14,0,FREE
211,21,nan,0,15,0,FREE
211,21,nan,0,13,0,FREE
211,17,nan,0,13,0,BUSY
211,17,nan,0,19,0,FREE
505,7,מ.ישראל,0,18,0,FREE
505,7,מ.ישראל,0,16,0,FREE
212,212,nan,0,9,0,FREE
212,212,nan,0,16,0,FREE
212,1,טבע,0,8,0,FREE
212,1,טבע,0,17,0,FREE
304,4,משפטים,0,19,0,FREE
304,4,משפטים,0,10,0,FREE
403,3,יהדות,0,14,0,FREE
403,3,יהדות,0,16,0,FREE
905,25,חברה,0,19,0,FREE
905,25,חברה,0,9,0,FREE
212,310,טבע,0,8,0,FREE
212,310,טבע,0,11,1,BUSY
212,1,nan,0,11,0,FREE
212,1,nan,0,18,0,FREE
212,3,טבע,0,16,0,FREE
212,3,טבע,0,14,0,BUSY
212,21,nan,0,16,0,FREE
212,21,nan,0,15,0,FREE
203,212,טבע,0,13,0,FREE
203,212,טבע,0,9,0,FREE
304,69,משפטים,0,19,0,FREE
304,69,משפטים,0,11,0,FREE
305,11,משפטים,0,14,1,FREE
305,11,משפטים,0,11,0,FREE
901,11,חברה,0,13,0,BUSY
901,11,חברה,0,19,0,FREE
211,3,nan,0,11,0,FREE
211,3,nan,0,13,0,FREE
213,61,טבע,0,15,0,FREE
213,61,טבע,0,16,0,BUSY
211,9,nan,0,8,0,FREE
211,9,nan,0,15,0,FREE
902,1,חברה,0,17,0,FREE
902,1,חברה,0,8,0,FREE
304,7,משפטים,0,12,0,FREE
304,7,משפטים,0,16,0,FREE
403,1,מינץ,0,14,0,FREE
403,1,מינץ,0,13,0,BUSY
211,7,nan,0,12,0,BUSY
211,7,nan,0,19,0,BUSY
501,11,מ.ישראל,0,11,0,FREE
501,11,מ.ישראל,0,15,0,FREE
507,11,מ.ישראל,0,10,0,FREE
507,11,מ.ישראל,0,15,0,FREE
1401,7,nan,0,11,0,FREE
1401,7,nan,0,19,0,FREE
211,63,nan,0,11,0,FREE
211,63,nan,0,8,0,FREE
105,134,סטודנטים,0,14,0,FREE
105,134,סטודנטים,0,15,0,FREE
305,3,משפטים,0,9,0,BUSY
305,3,משפטים,0,13,0,FREE
404,133,יהדות,0,10,0,FREE
404,133,יהדות,0,11,0,FREE
306,1,משפטים,0,10,0,BUSY
306,1,משפטים,0,15,0,FREE
304,132,משפטים,0,15,0,FREE
304,132,משפטים,0,9,0,FREE
105,132,סטודנטים,0,8,0,BUSY
105,132,סטודנטים,0,16,0,FREE
404,134,יהדות,0,9,0,FREE
404,134,יהדות,0,8,0,BUSY
404,65,יהדות,0,19,0,FREE
404,65,יהדות,0,13,0,FREE
102,133,סטודנטים,0,19,0,BUSY
102,133,סטודנטים,0,10,0,FREE
305,104,משפטים,0,9,0,FREE
305,104,משפטים,0,8,0,BUSY
507,10,מ.ישראל,0,12,0,FREE
507,10,מ.ישראל,0,18,0,FREE
507,62,מ.ישראל,0,8,0,FREE
507,62,מ.ישראל,0,17,0,FREE
604,309,מ.ישראל,0,18,0,FREE
604,309,מ.ישראל,0,11,1,BUSY
901,101,חברה,0,12,1,BUSY
901,101,חברה,0,19,0,FREE
901,102,חברה,0,13,1,BUSY
901,102,חברה,0,10,0,FREE
301,202,פלדמן,0,12,1,FREE
301,202,פלדמן,0,15,0,FREE
905,104,חברה,0,19,0,BUSY
905,104,חברה,0,11,0,FREE
507,107,מ.ישראל,1,8,1,BUSY
507,107,מ.ישראל,1,13,1,BUSY
905,61,חברה,1,14,1,BUSY
905,61,חברה,1,17,1,BUSY
1401,2,nan,1,16,1,BUSY
1401,2,nan,1,18,1,FREE
402,63,יהדות,1,12,1,BUSY
402,63,יהדות,1,11,1,BUSY
203,221,טבע,1,8,0,BUSY
203,221,טבע,1,11,0,BUSY
1002,1,רוח,1,10,0,BUSY
1002,1,רוח,1,18,0,FREE
604,63,מ.ישראל,1,17,1,BUSY
604,63,מ.ישראל,1,13,1,BUSY
604,64,מ.ישראל,1,8,0,BUSY
604,64,מ.ישראל,1,13,1,BUSY
604,105,מ.ישראל,1,15,1,BUSY
604,105,מ.ישראל,1,19,1,BUSY
403,211,יהדות,1,18,0,FREE
403,211,יהדות,1,12,1,BUSY
604,102,מ.ישראל,1,15,1,FREE
604,102,מ.ישראל,1,17,1,BUSY
403,217,יהדות,1,14,1,BUSY
403,217,יהדות,1,10,1,BUSY
305,133,משפטים,1,15,0,FREE
305,133,משפטים,1,11,1,BUSY
504,2,מ.ישראל,1,17,1,BUSY
504,2,מ.ישראל,1,12,1,BUSY
507,102,מ.ישראל,1,15,1,BUSY
507,102,מ.ישראל,1,12,1,BUSY
604,62,מ.ישראל,1,13,1,BUSY
604,62,מ.ישראל,1,14,0,FREE
1002,405,רוח,1,10,0,FREE
1002,405,רוח,1,19,0,FREE
902,210,חברה,1,12,1,BUSY
902,210,חברה,1,9,0,BUSY
508,7,מ.ישראל,1,13,1,BUSY
508,7,מ.ישראל,1,8,0,FREE
502,8,מ.ישראל,1,15,1,BUSY
502,8,מ.ישראל,1,13,0,FREE
605,104,מ.ישראל,1,14,0,FREE
605,104,מ.ישראל,1,11,0,FREE
1002,61,רוח,1,9,0,FREE
1002,61,רוח,1,13,1,BUSY
507,4,מ.ישראל,1,19,0,FREE
507,4,מ.ישראל,1,15,1,BUSY
504,4,מ.ישראל,1,11,0,FREE
504,4,מ.ישראל,1,15,0,FREE
1002,202,רוח,1,15,1,BUSY
1002,202,רוח,1,14,1,BUSY
502,6,מ.ישראל,1,11,0,FREE
502,6,מ.ישראל,1,17,0,FREE
502,7,מ.ישראל,1,14,1,BUSY
502,7,מ.ישראל,1,18,0,FREE
505,4,מ.ישראל,1,19,0,FREE
505,4,מ.ישראל,1,13,1,FREE
502,9,מ.ישראל,1,19,0,BUSY
502,9,מ.ישראל,1,12,1,BUSY
1005,109,רוח,1,19,0,BUSY
1005,109,רוח,1,8,1,BUSY
902,103,חברה,1,17,0,BUSY
902,103,חברה,1,12,1,FREE
502,37,מ.ישראל,1,12,1,BUSY
502,37,מ.ישראל,1,13,1,BUSY
902,201,חברה,1,16,1,BUSY
902,201,חברה,1,14,1,BUSY
604,205,מ.ישראל,1,17,1,FREE
604,205,מ.ישראל,1,15,1,BUSY
505,63,מ.ישראל,1,11,0,FREE
505,63,מ.ישראל,1,17,1,BUSY
504,5,מ.ישראל,1,18,1,FREE
504,5,מ.ישראל,1,19,1,FREE
305,5,משפטים,1,8,0,FREE
305,5,משפטים,1,14,0,FREE
605,14,מ.ישראל,1,19,1,BUSY
605,14,מ.ישראל,1,15,1,BUSY
505,105,מ.ישראל,1,17,1,BUSY
505,105,מ.ישראל,1,13,0,BUSY
502,24,מ.ישראל,1,11,1,BUSY
502,24,מ.ישראל,1,16,0,FREE
505,5,מ.ישראל,1,15,1,BUSY
505,5,מ.ישראל,1,11,1,BUSY
404,68,יהדות,1,18,1,BUSY
404,68,יהדות,1,19,1,BUSY
305,134,משפטים,1,16,1,BUSY
305,134,משפטים,1,17,1,BUSY
105,103,סטודנטים,1,16,0,FREE
105,103,סטודנטים,1,13,0,FREE
105,104,סטודנטים,1,9,0,BUSY
105,104,סטודנטים,1,19,1,FREE
105,101,סטודנטים,1,18,0,FREE
105,101,סטודנטים,1,8,0,FREE
105,102,סטודנטים,1,10,1,FREE
105,102,סטודנטים,1,12,1,BUSY
105,1,סטודנטים,1,10,1,BUSY
105,1,סטודנטים,1,11,1,BUSY
304,3,משפטים,1,18,1,BUSY
304,3,משפטים,1,8,1,BUSY
305,6,משפטים,1,16,0,FREE
305,6,משפטים,1,10,1,BUSY
105,61,סטודנטים,1,18,1,BUSY
105,61,סטודנטים,1,16,1,FREE
105,2,סטודנטים,1,18,0,BUSY
105,2,סטודנטים,1,8,0,FREE
304,2,משפטים,1,10,1,BUSY
304,2,משפטים,1,11,0,FREE
105,3,סטודנטים,1,15,0,FREE
105,3,סטודנטים,1,11,1,BUSY
605,101,מ.ישראל,1,11,1,BUSY
605,101,מ.ישראל,1,16,1,BUSY
605,102,מ.ישראל,1,9,1,BUSY
605,102,מ.ישראל,1,19,0,FREE
604,11,מ.ישראל,1,19,1,BUSY
604,11,מ.ישראל,1,14,0,FREE
605,11,מ.ישראל,1,10,1,BUSY
605,11,מ.ישראל,1,14,1,BUSY
604,12,מ.ישראל,1,14,1,BUSY
604,12,מ.ישראל,1,18,0,FREE
504,6,מ.ישראל,1,18,0,FREE
504,6,מ.ישראל,1,8,1,BUSY
605,202,מ.ישראל,1,13,0,FREE
605,202,מ.ישראל,1,11,0,BUSY
604,14,מ.ישראל,1,13,1,BUSY
604,14,מ.ישראל,1,14,1,FREE
507,101,מ.ישראל,1,9,1,BUSY
507,101,מ.ישראל,1,18,1,BUSY
507,103,מ.ישראל,1,15,1,BUSY
507,103,מ.ישראל,1,14,1,BUSY
504,7,מ.ישראל,1,10,1,BUSY
504,7,מ.ישראל,1,18,1,BUSY
604,13,מ.ישראל,1,14,1,FREE
604,13,מ.ישראל,1,8,1,BUSY
505,1,מ.ישראל,1,13,1,BUSY
505,1,מ.ישראל,1,9,0,BUSY
504,3,מ.ישראל,1,11,0,FREE
504,3,מ.ישראל,1,8,0,FREE
604,101,מ.ישראל,1,15,1,BUSY
604,101,מ.ישראל,1,13,1,BUSY
507,201,מ.ישראל,1,17,1,BUSY
507,201,מ.ישראל,1,19,1,BUSY
403,67,יהדות,1,11,1,BUSY
403,67,יהדות,1,16,1,BUSY
507,204,מ.ישראל,1,9,1,BUSY
507,204,מ.ישראל,1,19,0,FREE
505,106,מ.ישראל,1,15,1,BUSY
505,106,מ.ישראל,1,11,1,BUSY
505,62,מ.ישראל,1,17,1,BUSY
505,62,מ.ישראל,1,11,1,BUSY
505,104,מ.ישראל,1,13,0,BUSY
505,104,מ.ישראל,1,10,0,FREE
605,13,מ.ישראל,1,9,0,BUSY
605,13,מ.ישראל,1,15,1,BUSY
501,25,מ.ישראל,1,17,1,BUSY
501,25,מ.ישראל,1,10,1,BUSY
505,201,מ.ישראל,1,13,1,FREE
505,201,מ.ישראל,1,19,1,FREE
505,3,מ.ישראל,1,18,0,FREE
505,3,מ.ישראל,1,9,1,BUSY
507,207,מ.ישראל,1,14,1,BUSY
507,207,מ.ישראל,1,18,1,FREE
604,61,מ.ישראל,1,17,1,FREE
604,61,מ.ישראל,1,13,1,BUSY
507,2,מ.ישראל,1,13,1,BUSY
507,2,מ.ישראל,1,12,1,BUSY
505,101,מ.ישראל,1,16,1,BUSY
505,101,מ.ישראל,1,10,0,FREE
905,417,חברה,1,10,1,BUSY
905,417,חברה,1,17,1,BUSY
504,1,מ.ישראל,1,12,1,BUSY
504,1,מ.ישראל,1,19,0,FREE
605,201,מ.ישראל,1,19,0,FREE
605,201,מ.ישראל,1,10,0,FREE
604,104,מ.ישראל,1,8,1,BUSY
604,104,מ.ישראל,1,13,1,BUSY
213,4,טבע,1,11,1,BUSY
213,4,טבע,1,9,0,BUSY
105,4,סטודנטים,1,9,0,FREE
105,4,סטודנטים,1,8,0,FREE
102,2,סטודנטים,1,18,1,BUSY
102,2,סטודנטים,1,12,0,FREE
105,5,סטודנטים,1,14,0,BUSY
105,5,סטודנטים,1,11,0,FREE
105,105,סטודנטים,1,19,0,FREE
105,105,סטודנטים,1,11,1,BUSY
207,1,טבע,1,15,1,BUSY
207,1,טבע,1,8,0,FREE
105,106,סטודנטים,1,12,1,BUSY
105,106,סטודנטים,1,9,0,BUSY
404,115,יהדות,1,9,1,BUSY
404,115,יהדות,1,12,1,BUSY
403,101,יהדות,1,13,0,BUSY
403,101,יהדות,1,11,0,FREE
404,102,יהדות,1,13,0,FREE
404,102,יהדות,1,10,1,BUSY
105,6,סטודנטים,1,10,0,FREE
105,6,סטודנטים,1,19,0,BUSY
102,4,סטודנטים,1,9,0,FREE
102,4,סטודנטים,1,12,1,BUSY
404,114,יהדות,1,19,1,BUSY
404,114,יהדות,1,18,1,BUSY
306,111,משפטים,1,14,1,BUSY
306,111,משפטים,1,19,1,BUSY
505,2,מ.ישראל,1,11,1,BUSY
505,2,מ.ישראל,1,17,1,BUSY
604,2,מ.ישראל,1,18,0,BUSY
604,2,מ.ישראל,1,19,0,FREE
605,61,מ.ישראל,1,18,1,FREE
605,61,מ.ישראל,1,17,1,BUSY
410,125,יהדות,1,11,1,BUSY
410,125,יהדות,1,10,1,BUSY
410,46,יהדות,1,18,1,BUSY
410,46,יהדות,1,11,0,FREE
403,66,יהדות,1,8,0,FREE
403,66,יהדות,1,10,1,BUSY
502,26,מ.ישראל,1,11,1,BUSY
502,26,מ.ישראל,1,9,0,FREE
502,25,מ.ישראל,1,16,0,FREE
502,25,מ.ישראל,1,17,1,BUSY
403,218,יהדות,1,17,0,FREE
403,218,יהדות,1,12,0,FREE
403,113,יהדות,1,19,0,FREE
403,113,יהדות,1,16,1,BUSY
410,142,יהדות,1,15,1,FREE
410,142,יהדות,1,13,1,FREE
505,61,מ.ישראל,1,9,1,BUSY
505,61,מ.ישראל,1,13,1,BUSY
505,11,מ.ישראל,1,12,0,FREE
505,11,מ.ישראל,1,14,0,FREE
605,105,מ.ישראל,1,16,1,BUSY
605,105,מ.ישראל,1,14,0,FREE
604,1,מ.ישראל,1,14,0,BUSY
604,1,מ.ישראל,1,9,0,FREE
507,14,מ.ישראל,1,9,0,FREE
507,14,מ.ישראל,1,11,0,FREE
605,4,מ.ישראל,1,10,0,FREE
605,4,מ.ישראל,1,14,0,BUSY
502,62,מ.ישראל,1,18,0,FREE
502,62,מ.ישראל,1,11,0,BUSY
605,7,מ.ישראל,1,10,0,FREE
605,7,מ.ישראל,1,18,0,FREE
507,206,מ.ישראל,1,14,1,BUSY
507,206,מ.ישראל,1,8,1,BUSY
504,206,מ.ישראל,1,8,0,FREE
504,206,מ.ישראל,1,10,0,BUSY
508,103,מ.ישראל,1,16,0,FREE
508,103,מ.ישראל,1,12,0,FREE
507,106,מ.ישראל,1,19,0,BUSY
507,106,מ.ישראל,1,13,1,BUSY
605,106,מ.ישראל,1,17,0,FREE
605,106,מ.ישראל,1,8,0,FREE
507,108,מ.ישראל,1,13,1,BUSY
507,108,מ.ישראל,1,8,1,BUSY
505,108,מ.ישראל,1,8,0,FREE
505,108,מ.ישראל,1,12,0,BUSY
505,102,מ.ישראל,1,13,1,BUSY
505,102,מ.ישראל,1,10,1,BUSY
507,6,מ.ישראל,1,14,1,BUSY
507,6,מ.ישראל,1,9,1,BUSY
507,208,מ.ישראל,1,19,1,BUSY
507,208,מ.ישראל,1,15,1,BUSY
507,205,מ.ישראל,1,13,1,BUSY
507,205,מ.ישראל,1,14,0,FREE
507,3,מ.ישראל,1,8,1,BUSY
507,3,מ.ישראל,1,10,1,BUSY
505,103,מ.ישראל,1,8,1,BUSY
505,103,מ.ישראל,1,12,0,FREE
507,209,מ.ישראל,1,17,1,BUSY
507,209,מ.ישראל,1,9,1,BUSY
507,202,מ.ישראל,1,18,0,BUSY
507,202,מ.ישראל,1,19,0,FREE
605,103,מ.ישראל,1,15,1,BUSY
605,103,מ.ישראל,1,13,1,BUSY
403,2,יהדות,1,12,1,BUSY
403,2,יהדות,1,16,1,BUSY
507,104,מ.ישראל,1,19,0,FREE
507,104,מ.ישראל,1,16,1,BUSY
507,5,מ.ישראל,1,9,0,FREE
507,5,מ.ישראל,1,15,0,FREE
507,203,מ.ישראל,1,13,1,BUSY
507,203,מ.ישראל,1,18,1,BUSY
305,132,משפטים,1,8,0,FREE
305,132,משפטים,1,15,0,FREE
902,101,חברה,1,12,1,BUSY
902,101,חברה,1,13,1,BUSY
902,104,חברה,1,12,1,BUSY
902,104,חברה,1,14,1,BUSY
1005,112,רוח,1,8,0,FREE
1005,112,רוח,1,11,0,BUSY
605,65,מ.ישראל,1,16,1,BUSY
605,65,מ.ישראל,1,15,1,BUSY
905,116,חברה,1,19,1,BUSY
905,116,חברה,1,14,1,BUSY
203,226,טבע,1,11,1,BUSY
203,226,טבע,1,19,1,BUSY
902,202,חברה,1,13,1,BUSY
902,202,חברה,1,18,1,BUSY
902,102,חברה,1,14,1,BUSY
902,102,חברה,1,13,1,BUSY
1002,201,רוח,1,11,0,FREE
1002,201,רוח,1,13,1,BUSY
605,12,מ.ישראל,1,14,0,BUSY
605,12,מ.ישראל,1,19,0,FREE
502,30,מ.ישראל,1,13,0,FREE
502,30,מ.ישראל,1,14,0,BUSY
504,63,מ.ישראל,1,9,0,FREE
504,63,מ.ישראל,1,18,0,FREE
507,13,מ.ישראל,1,14,0,FREE
507,13,מ.ישראל,1,17,0,FREE
507,105,מ.ישראל,1,15,1,BUSY
507,105,מ.ישראל,1,13,0,FREE
604,103,מ.ישראל,1,16,1,FREE
604,103,מ.ישראל,1,18,1,BUSY
410,26,יהדות,1,13,1,BUSY
410,26,יהדות,1,11,0,FREE
410,6,יהדות,1,15,0,FREE
410,6,יהדות,1,14,1,BUSY
404,66,יהדות,1,8,0,FREE
404,66,יהדות,1,19,0,FREE
605,64,מ.ישראל,1,8,1,BUSY
605,64,מ.ישראל,1,11,1,FREE
505,64,מ.ישראל,1,13,1,BUSY
505,64,מ.ישראל,1,14,0,FREE
403,115,יהדות,1,9,0,FREE
403,115,יהדות,1,14,0,BUSY
404,67,יהדות,1,10,0,FREE
404,67,יהדות,1,16,0,FREE
1005,111,רוח,1,15,1,BUSY
1005,111,רוח,1,12,0,FREE
1004,305,רוח,1,11,0,FREE
1004,305,רוח,1,12,1,BUSY
404,101,יהדות,1,14,0,FREE
404,101,יהדות,1,10,1,BUSY
1002,305,רוח,1,16,1,BUSY
1002,305,רוח,1,17,1,BUSY
504,208,מ.ישראל,1,18,0,FREE
504,208,מ.ישראל,1,17,0,FREE
211,112,טבע,1,13,1,BUSY
211,112,טבע,1,18,0,FREE
305,63,משפטים,1,9,0,FREE
305,63,משפטים,1,11,0,FREE
306,112,משפטים,1,19,0,FREE
306,112,משפטים,1,15,0,FREE
211,106,טבע,1,17,0,FREE
211,106,טבע,1,14,0,BUSY
207,201,טבע,1,15,0,FREE
207,201,טבע,1,18,0,FREE
305,101,משפטים,1,12,0,FREE
305,101,משפטים,1,15,0,FREE
403,61,יהדות,1,15,0,FREE
403,61,יהדות,1,12,0,FREE
202,202,טבע,1,18,0,FREE
202,202,טבע,1,11,1,BUSY
203,106,טבע,1,17,0,FREE
203,106,טבע,1,13,0,FREE
203,112,טבע,1,9,0,FREE
203,112,טבע,1,19,0,FREE
105,112,סטודנטים,1,17,0,FREE
105,112,סטודנטים,1,18,0,FREE
207,6,טבע,1,11,0,FREE
207,6,טבע,1,9,0,BUSY
207,4,טבע,1,9,0,BUSY
207,4,טבע,1,12,0,FREE
207,101,טבע,1,9,0,FREE
207,101,טבע,1,16,0,FREE
604,6,מ.ישראל,1,11,0,FREE
604,6,מ.ישראל,1,18,0,FREE
211,22,nan,1,13,0,FREE
211,22,nan,1,9,0,FREE
211,4,טבע,1,16,0,BUSY
211,4,טבע,1,15,0,BUSY
507,7,מ.ישראל,1,19,1,BUSY
507,7,מ.ישראל,1,18,1,BUSY
1401,3,nan,1,18,1,BUSY
1401,3,nan,1,15,1,BUSY
905,63,חברה,1,12,1,BUSY
905,63,חברה,1,16,1,FREE
901,61,חברה,1,11,0,FREE
901,61,חברה,1,9,0,FREE
403,69,מינץ,1,11,1,BUSY
403,69,מינץ,1,12,1,BUSY
1401,63,nan,1,9,1,BUSY
1401,63,nan,1,18,0,BUSY
1401,1,nan,1,16,0,FREE
1401,1,nan,1,11,1,FREE
507,1,מ.ישראל,1,13,1,BUSY
507,1,מ.ישראל,1,8,0,BUSY
905,62,חברה,1,17,1,BUSY
905,62,חברה,1,18,1,BUSY
504,10,מ.ישראל,1,15,0,FREE
504,10,מ.ישראל,1,17,1,FREE
505,202,מ.ישראל,1,19,0,BUSY
505,202,מ.ישראל,1,12,0,FREE
1002,102,רוח,1,10,1,BUSY
1002,102,רוח,1,18,1,BUSY
410,226,יהדות,1,12,1,BUSY
410,226,יהדות,1,16,1,BUSY
410,225,יהדות,1,18,0,FREE
410,225,יהדות,1,14,1,BUSY
1004,407,רוח,1,11,0,BUSY
1004,407,רוח,1,17,0,FREE
1004,402,רוח,1,12,1,FREE
1004,402,רוח,1,17,1,BUSY
505,65,מ.ישראל,1,8,0,BUSY
505,65,מ.ישראל,1,15,0,FREE
505,204,מ.ישראל,1,16,1,BUSY
505,204,מ.ישראל,1,14,1,BUSY
304,1,משפטים,1,19,0,FREE
304,1,משפטים,1,18,0,FREE
605,63,מ.ישראל,1,9,1,BUSY
605,63,מ.ישראל,1,10,1,FREE
305,10,משפטים,1,17,0,FREE
305,10,משפטים,1,14,1,BUSY
304,61,משפטים,1,8,0,FREE
304,61,משפטים,1,10,0,FREE
604,202,מ.ישראל,1,12,0,FREE
604,202,מ.ישראל,1,15,0,FREE
211,25,nan,1,8,1,BUSY
211,25,nan,1,11,1,BUSY
304,25,משפטים,1,10,0,BUSY
304,25,משפטים,1,19,0,FREE
1105,53,הנדסה,1,10,1,BUSY
1105,53,הנדסה,1,11,1,BUSY
1401,53,nan,1,8,1,BUSY
1401,53,nan,1,14,0,FREE
305,2,משפטים,1,17,0,FREE
305,2,משפטים,1,8,0,FREE
305,4,משפטים,1,15,1,BUSY
305,4,משפטים,1,18,1,BUSY
502,23,מ.ישראל,1,12,1,FREE
502,23,מ.ישראל,1,9,0,FREE
503,1,מ.ישראל,1,13,1,BUSY
503,1,מ.ישראל,1,9,0,FREE
404,113,יהדות,1,12,1,FREE
404,113,יהדות,1,16,1,BUSY
404,201,יהדות,1,8,1,BUSY
404,201,יהדות,1,19,1,BUSY
505,203,מ.ישראל,1,15,0,FREE
505,203,מ.ישראל,1,19,0,FREE
1005,19,רוח,1,17,1,BUSY
1005,19,רוח,1,11,0,FREE
1005,108,רוח,1,16,1,BUSY
1005,108,רוח,1,13,0,FREE
1005,201,רוח,1,12,1,BUSY
1005,201,רוח,1,14,1,FREE
1005,209,רוח,1,15,1,BUSY
1005,209,רוח,1,9,1,BUSY
1005,207,רוח,1,8,0,FREE
1005,207,רוח,1,16,1,BUSY
1005,203,רוח,1,16,0,BUSY
1005,203,רוח,1,14,0,FREE
604,201,מ.ישראל,1,18,0,FREE
604,201,מ.ישראל,1,19,0,BUSY
305,105,משפטים,1,17,0,FREE
305,105,משפטים,1,18,0,FREE
507,37,מ.ישראל,1,12,0,BUSY
507,37,מ.ישראל,1,13,0,BUSY
1104,42,הנדסה,1,15,1,BUSY
1104,42,הנדסה,1,8,0,FREE
1105,42,הנדסה,1,8,0,BUSY
1105,42,הנדסה,1,15,0,BUSY
1103,22,הנדסה,1,17,1,BUSY
1103,22,הנדסה,1,18,1,BUSY
902,9,חברה,1,13,1,BUSY
902,9,חברה,1,8,0,FREE
304,9,משפטים,1,9,0,FREE
304,9,משפטים,1,17,0,FREE
1105,271,הנדסה,1,16,1,BUSY
1105,271,הנדסה,1,12,1,BUSY
1104,271,הנדסה,1,12,0,FREE
1104,271,הנדסה,1,13,0,FREE
507,61,מ.ישראל,1,13,0,FREE
507,61,מ.ישראל,1,14,0,FREE
213,304,טבע,1,15,1,BUSY
213,304,טבע,1,8,0,FREE
213,320,טבע,1,15,0,BUSY
213,320,טבע,1,16,0,FREE
1004,203,רוח,1,12,1,BUSY
1004,203,רוח,1,13,1,BUSY
1004,212,רוח,1,14,1,BUSY
1004,212,רוח,1,12,1,BUSY
410,328,יהדות,1,11,1,BUSY
410,328,יהדות,1,19,0,FREE
410,332,יהדות,1,9,0,FREE
410,332,יהדות,1,8,0,FREE
604,204,מ.ישראל,1,13,0,FREE
604,204,מ.ישראל,1,17,0,FREE
1002,203,רוח,1,15,1,BUSY
1002,203,רוח,1,14,1,FREE
202,301,טבע,1,19,0,BUSY
202,301,טבע,1,11,1,BUSY
203,4,טבע,1,9,0,BUSY
203,4,טבע,1,12,0,BUSY
202,221,טבע,1,10,0,FREE
202,221,טבע,1,13,0,BUSY
202,205,טבע,1,16,0,FREE
202,205,טבע,1,9,1,FREE
202,304,טבע,1,9,0,BUSY
202,304,טבע,1,12,1,BUSY
202,505,טבע,1,18,0,BUSY
202,505,טבע,1,17,1,FREE
202,203,טבע,1,11,1,BUSY
202,203,טבע,1,10,1,BUSY
202,303,טבע,1,13,1,FREE
202,303,טבע,1,19,0,FREE
202,201,טבע,1,18,0,BUSY
202,201,טבע,1,16,0,FREE
202,204,טבע,1,16,1,BUSY
202,204,טבע,1,11,0,FREE
505,505,מ.ישראל,1,9,0,BUSY
505,505,מ.ישראל,1,15,0,FREE
902,301,חברה,1,9,1,BUSY
902,301,חברה,1,15,1,BUSY
902,12,חברה,1,17,1,FREE
902,12,חברה,1,14,1,BUSY
902,107,חברה,1,18,1,BUSY
902,107,חברה,1,12,1,BUSY
905,217,חברה,1,11,1,BUSY
905,217,חברה,1,18,1,BUSY
902,217,חברה,1,10,0,FREE
902,217,חברה,1,13,0,FREE
902,110,חברה,1,8,0,BUSY
902,110,חברה,1,16,0,FREE
902,109,חברה,1,13,1,BUSY
902,109,חברה,1,15,1,BUSY
507,23,מ.ישראל,1,9,0,FREE
507,23,מ.ישראל,1,10,0,FREE
1004,406,רוח,1,13,0,BUSY
1004,406,רוח,1,17,0,FREE
1105,368,הנדסה,1,10,1,BUSY
1105,368,הנדסה,1,13,1,BUSY
1102,2,הנדסה,1,15,1,FREE
1102,2,הנדסה,1,18,1,BUSY
1104,244,הנדסה,1,15,1,BUSY
1104,244,הנדסה,1,10,1,BUSY
1104,249,הנדסה,1,12,1,FREE
1104,249,הנדסה,1,19,0,BUSY
1104,243,הנדסה,1,18,1,BUSY
1104,243,הנדסה,1,10,1,BUSY
1103,42,הנדסה,1,17,0,FREE
1103,42,הנדסה,1,10,1,BUSY
1401,4,nan,1,13,1,BUSY
1401,4,nan,1,14,1,BUSY
1105,3,הנדסה,1,8,0,FREE
1105,3,הנדסה,1,12,0,BUSY
1102,4,הנדסה,1,11,0,BUSY
1102,4,הנדסה,1,10,0,FREE
A1300,2,מעונות,1,17,1,BUSY
A1300,2,מעונות,1,13,0,FREE
A1300,1,מעונות,1,13,1,BUSY
A1300,1,מעונות,1,8,0,FREE
901,4,חברה,1,9,0,FREE
901,4,חברה,1,13,0,FREE
1103,223,הנדסה,1,8,0,BUSY
1103,223,הנדסה,1,14,1,BUSY
1102,205,הנדסה,1,14,0,FREE
1102,205,הנדסה,1,12,0,BUSY
1105,366,הנדסה,1,12,1,BUSY
1105,366,הנדסה,1,17,0,FREE
1104,344,הנדסה,1,16,0,BUSY
1104,344,הנדסה,1,11,1,BUSY
1104,347,הנדסה,1,17,0,FREE
1104,347,הנדסה,1,12,1,BUSY
1103,224,הנדסה,1,9,0,BUSY
1103,224,הנדסה,1,8,0,BUSY
1002,112,רוח,1,14,0,BUSY
1002,112,רוח,1,16,0,FREE
905,119,חברה,1,18,1,BUSY
905,119,חברה,1,13,1,BUSY
905,118,חברה,1,11,1,BUSY
905,118,חברה,1,10,1,BUSY
905,319,חברה,1,18,0,FREE
905,319,חברה,1,17,0,FREE
905,418,חברה,1,13,1,BUSY
905,418,חברה,1,16,0,FREE
905,416,חברה,1,10,1,BUSY
905,416,חברה,1,19,0,FREE
905,211,חברה,1,13,1,BUSY
905,211,חברה,1,15,1,BUSY
905,321,חברה,1,13,1,BUSY
905,321,חברה,1,12,1,BUSY
905,311,חברה,1,16,0,BUSY
905,311,חברה,1,17,0,FREE
905,2,חברה,1,8,0,FREE
905,2,חברה,1,10,0,BUSY
905,317,חברה,1,12,0,FREE
905,317,חברה,1,11,1,BUSY
502,63,מ.ישראל,1,15,0,BUSY
502,63,מ.ישראל,1,11,0,FREE
212,214,טבע,1,15,0,BUSY
212,214,טבע,1,13,0,BUSY
211,21,nan,1,10,0,FREE
211,21,nan,1,11,0,FREE
211,17,nan,1,13,1,BUSY
211,17,nan,1,9,0,FREE
505,7,מ.ישראל,1,19,0,FREE
505,7,מ.ישראל,1,15,0,FREE
212,212,nan,1,8,0,FREE
212,212,nan,1,18,0,FREE
212,1,טבע,1,19,0,FREE
212,1,טבע,1,16,1,BUSY
304,4,משפטים,1,10,0,FREE
304,4,משפטים,1,9,0,BUSY
403,3,יהדות,1,19,0,FREE
403,3,יהדות,1,10,0,FREE
905,25,חברה,1,8,0,BUSY
905,25,חברה,1,16,0,BUSY
212,310,טבע,1,15,1,BUSY
212,310,טבע,1,12,0,FREE
212,1,nan,1,12,1,BUSY
212,1,nan,1,9,1,BUSY
212,3,טבע,1,15,0,BUSY
212,3,טבע,1,11,0,FREE
212,21,nan,1,18,0,FREE
212,21,nan,1,10,1,BUSY
203,212,טבע,1,17,0,FREE
203,212,טבע,1,19,0,FREE
304,69,משפטים,1,18,0,FREE
304,69,משפטים,1,9,0,BUSY
305,11,משפטים,1,17,1,BUSY
305,11,משפטים,1,16,1,BUSY
901,11,חברה,1,11,0,FREE
901,11,חברה,1,12,0,FREE
211,3,nan,1,11,0,FREE
211,3,nan,1,10,0,FREE
213,61,טבע,1,16,1,BUSY
213,61,טבע,1,11,0,FREE
211,9,nan,1,18,0,BUSY
211,9,nan,1,14,1,BUSY
902,1,חברה,1,10,0,FREE
902,1,חברה,1,8,0,FREE
304,7,משפטים,1,16,0,FREE
304,7,משפטים,1,9,0,FREE
403,1,מינץ,1,11,0,FREE
403,1,מינץ,1,18,0,BUSY
211,7,nan,1,14,0,FREE
211,7,nan,1,19,0,FREE
501,11,מ.ישראל,1,8,0,FREE
501,11,מ.ישראל,1,10,0,FREE
507,11,מ.ישראל,1,14,0,BUSY
507,11,מ.ישראל,1,16,0,FREE
1401,7,nan,1,17,0,FREE
1401,7,nan,1,9,0,FREE
211,63,nan,1,15,0,BUSY
211,63,nan,1,14,0,BUSY
105,134,סטודנטים,1,14,0,BUSY
105,134,סטודנטים,1,10,0,FREE
305,3,משפטים,1,9,0,FREE
305,3,משפטים,1,11,0,FREE
404,133,יהדות,1,15,0,FREE
404,133,יהדות,1,14,0,FREE
306,1,משפטים,1,13,0,FREE
306,1,משפטים,1,8,0,FREE
304,132,משפטים,1,12,0,FREE
304,132,משפטים,1,8,0,FREE
105,132,סטודנטים,1,14,0,FREE
105,132,סטודנטים,1,19,0,FREE
404,134,יהדות,1,17,0,FREE
404,134,יהדות,1,16,0,BUSY
404,65,יהדות,1,8,0,FREE
404,65,יהדות,1,9,0,FREE
102,133,סטודנטים,1,18,0,FREE
102,133,סטודנטים,1,12,0,FREE
305,104,משפטים,1,9,0,FREE
305,104,משפטים,1,19,0,FREE
507,10,מ.ישראל,1,17,0,BUSY
507,10,מ.ישראל,1,18,0,FREE
507,62,מ.ישראל,1,12,0,BUSY
507,62,מ.ישראל,1,14,0,FREE
604,309,מ.ישראל,1,12,0,FREE
604,309,מ.ישראל,1,16,0,FREE
901,101,חברה,1,13,1,BUSY
901,101,חברה,1,8,1,BUSY
901,102,חברה,1,17,0,FREE
901,102,חברה,1,13,1,BUSY
301,202,פלדמן,1,17,0,FREE
301,202,פלדמן,1,13,0,BUSY
905,104,חברה,1,8,0,BUSY
905,104,חברה,1,16,0,FREE
507,107,מ.ישראל,2,17,1,BUSY
507,107,מ.ישראל,2,13,1,BUSY
905,61,חברה,2,16,1,BUSY
905,61,חברה,2,14,1,BUSY
1401,2,nan,2,15,0,FREE
1401,2,nan,2,11,0,FREE
402,63,יהדות,2,13,1,FREE
402,63,יהדות,2,16,1,BUSY
203,221,טבע,2,14,1,FREE
203,221,טבע,2,12,1,BUSY
1002,1,רוח,2,18,0,FREE
1002,1,רוח,2,8,1,BUSY
604,63,מ.ישראל,2,16,1,FREE
604,63,מ.ישראל,2,11,1,BUSY
604,64,מ.ישראל,2,13,1,BUSY
604,64,מ.ישראל,2,14,1,BUSY
604,105,מ.ישראל,2,11,1,BUSY
604,105,מ.ישראל,2,9,1,BUSY
403,211,יהדות,2,12,0,FREE
403,211,יהדות,2,15,1,FREE
604,102,מ.ישראל,2,9,1,BUSY
604,102,מ.ישראל,2,15,1,BUSY
403,217,יהדות,2,8,0,FREE
403,217,יהדות,2,17,0,BUSY
305,133,משפטים,2,17,1,BUSY
305,133,משפטים,2,12,0,FREE
504,2,מ.ישראל,2,13,1,BUSY
504,2,מ.ישראל,2,12,1,BUSY
507,102,מ.ישראל,2,18,1,BUSY
507,102,מ.ישראל,2,17,1,BUSY
604,62,מ.ישראל,2,19,0,FREE
604,62,מ.ישראל,2,9,1,BUSY
1002,405,רוח,2,19,0,FREE
1002,405,רוח,2,15,0,FREE
902,210,חברה,2,15,0,FREE
902,210,חברה,2,16,1,BUSY
508,7,מ.ישראל,2,15,1,BUSY
508,7,מ.ישראל,2,14,1,FREE
502,8,מ.ישראל,2,12,1,BUSY
502,8,מ.ישראל,2,11,1,BUSY
605,104,מ.ישראל,2,12,1,BUSY
605,104,מ.ישראל,2,14,1,BUSY
1002,61,רוח,2,17,1,FREE
1002,61,רוח,2,9,1,BUSY
507,4,מ.ישראל,2,17,1,BUSY
507,4,מ.ישראל,2,13,1,FREE
504,4,מ.ישראל,2,16,1,BUSY
504,4,מ.ישראל,2,10,1,FREE
1002,202,רוח,2,11,1,FREE
1002,202,רוח,2,10,1,FREE
502,6,מ.ישראל,2,19,1,BUSY
502,6,מ.ישראל,2,13,0,FREE
502,7,מ.ישראל,2,15,0,FREE
502,7,מ.ישראל,2,8,0,FREE
505,4,מ.ישראל,2,12,1,BUSY
505,4,מ.ישראל,2,18,1,BUSY
502,9,מ.ישראל,2,19,1,FREE
502,9,מ.ישראל,2,13,1,BUSY
1005,109,רוח,2,14,1,BUSY
1005,109,רוח,2,11,1,BUSY
902,103,חברה,2,17,1,BUSY
902,103,חברה,2,12,1,BUSY
502,37,מ.ישראל,2,9,0,BUSY
502,37,מ.ישראל,2,17,1,BUSY
902,201,חברה,2,13,1,BUSY
902,201,חברה,2,16,1,BUSY
604,205,מ.ישראל,2,18,1,BUSY
604,205,מ.ישראל,2,8,0,FREE
505,63,מ.ישראל,2,10,1,BUSY
505,63,מ.ישראל,2,9,1,BUSY
504,5,מ.ישראל,2,19,1,BUSY
504,5,מ.ישראל,2,11,1,BUSY
305,5,משפטים,2,9,0,FREE
305,5,משפטים,2,19,0,FREE
605,14,מ.ישראל,2,8,0,FREE
605,14,מ.ישראל,2,9,0,FREE
505,105,מ.ישראל,2,17,1,FREE
505,105,מ.ישראל,2,12,1,BUSY
502,24,מ.ישראל,2,16,1,BUSY
502,24,מ.ישראל,2,18,0,FREE
505,5,מ.ישראל,2,17,1,BUSY
505,5,מ.ישראל,2,14,1,BUSY
404,68,יהדות,2,9,0,FREE
404,68,יהדות,2,17,0,FREE
305,134,משפטים,2,9,1,BUSY
305,134,משפטים,2,16,0,BUSY
105,103,סטודנטים,2,19,0,FREE
105,103,סטודנטים,2,12,1,BUSY
105,104,סטודנטים,2,14,1,BUSY
105,104,סטודנטים,2,15,1,BUSY
105,101,סטודנטים,2,19,0,BUSY
105,101,סטודנטים,2,18,0,BUSY
105,102,סטודנטים,2,16,1,BUSY
105,102,סטודנטים,2,17,1,BUSY
105,1,סטודנטים,2,10,1,BUSY
105,1,סטודנטים,2,8,1,BUSY
304,3,משפטים,2,11,1,BUSY
304,3,משפטים,2,16,1,FREE
305,6,משפטים,2,12,1,BUSY
305,6,משפטים,2,15,0,FREE
105,61,סטודנטים,2,9,1,BUSY
105,61,סטודנטים,2,17,0,FREE
105,2,סטודנטים,2,9,1,BUSY
105,2,סטודנטים,2,18,0,FREE
304,2,משפטים,2,14,1,BUSY
304,2,משפטים,2,8,0,BUSY
105,3,סטודנטים,2,10,1,BUSY
105,3,סטודנטים,2,17,1,BUSY
605,101,מ.ישראל,2,10,1,BUSY
605,101,מ.ישראל,2,11,1,BUSY
605,102,מ.ישראל,2,19,1,BUSY
605,102,מ.ישראל,2,14,1,BUSY
604,11,מ.ישראל,2,18,0,FREE
604,11,מ.ישראל,2,11,1,FREE
605,11,מ.ישראל,2,11,0,FREE
605,11,מ.ישראל,2,16,1,BUSY
604,12,מ.ישראל,2,12,1,BUSY
604,12,מ.ישראל,2,16,1,BUSY
504,6,מ.ישראל,2,10,1,BUSY
504,6,מ.ישראל,2,18,1,BUSY
605,202,מ.ישראל,2,8,0,BUSY
605,202,מ.ישראל,2,13,0,FREE
604,14,מ.ישראל,2,14,0,BUSY
604,14,מ.ישראל,2,13,0,FREE
507,101,מ.ישראל,2,19,0,FREE
507,101,מ.ישראל,2,16,1,BUSY
507,103,מ.ישראל,2,12,1,BUSY
507,103,מ.ישראל,2,8,1,BUSY
504,7,מ.ישראל,2,18,1,FREE
504,7,מ.ישראל,2,16,1,BUSY
604,13,מ.ישראל,2,9,1,BUSY
604,13,מ.ישראל,2,13,1,BUSY
505,1,מ.ישראל,2,8,1,BUSY
505,1,מ.ישראל,2,15,1,BUSY
504,3,מ.ישראל,2,17,1,BUSY
504,3,מ.ישראל,2,15,1,BUSY
604,101,מ.ישראל,2,8,0,FREE
604,101,מ.ישראל,2,16,1,BUSY
507,201,מ.ישראל,2,10,1,BUSY
507,201,מ.ישראל,2,19,1,BUSY
403,67,יהדות,2,15,0,FREE
403,67,יהדות,2,19,1,FREE
507,204,מ.ישראל,2,13,1,BUSY
507,204,מ.ישראל,2,18,1,BUSY
505,106,מ.ישראל,2,14,1,BUSY
505,106,מ.ישראל,2,17,1,BUSY
505,62,מ.ישראל,2,14,1,BUSY
505,62,מ.ישראל,2,9,0,BUSY
505,104,מ.ישראל,2,9,1,BUSY
505,104,מ.ישראל,2,17,1,BUSY
605,13,מ.ישראל,2,15,1,BUSY
605,13,מ.ישראל,2,11,1,BUSY
501,25,מ.ישראל,2,16,0,FREE
501,25,מ.ישראל,2,15,1,BUSY
505,201,מ.ישראל,2,15,0,FREE
505,201,מ.ישראל,2,14,1,BUSY
505,3,מ.ישראל,2,14,1,BUSY
505,3,מ.ישראל,2,8,1,BUSY
507,207,מ.ישראל,2,17,1,FREE
507,207,מ.ישראל,2,18,1,BUSY
604,61,מ.ישראל,2,9,0,FREE
604,61,מ.ישראל,2,18,1,BUSY
507,2,מ.ישראל,2,10,1,BUSY
507,2,מ.ישראל,2,19,1,BUSY
505,101,מ.ישראל,2,10,1,FREE
505,101,מ.ישראל,2,9,0,FREE
905,417,חברה,2,14,1,BUSY
905,417,חברה,2,17,1,BUSY
504,1,מ.ישראל,2,18,1,BUSY
504,1,מ.ישראל,2,17,1,BUSY
605,201,מ.ישראל,2,9,0,FREE
605,201,מ.ישראל,2,14,0,FREE
604,104,מ.ישראל,2,11,0,FREE
604,104,מ.ישראל,2,10,0,FREE
213,4,טבע,2,13,1,BUSY
213,4,טבע,2,8,1,BUSY
105,4,סטודנטים,2,10,1,BUSY
105,4,סטודנטים,2,14,1,FREE
102,2,סטודנטים,2,17,1,BUSY
102,2,סטודנטים,2,14,0,BUSY
105,5,סטודנטים,2,19,1,BUSY
105,5,סטודנטים,2,13,1,BUSY
105,105,סטודנטים,2,13,0,FREE
105,105,סטודנטים,2,10,1,BUSY
207,1,טבע,2,16,1,BUSY
207,1,טבע,2,10,1,BUSY
105,106,סטודנטים,2,18,1,BUSY
105,106,סטודנטים,2,9,0,BUSY
404,115,יהדות,2,8,1,BUSY
404,115,יהדות,2,18,1,BUSY
403,101,יהדות,2,19,0,FREE
403,101,יהדות,2,10,0,FREE
404,102,יהדות,2,10,1,BUSY
404,102,יהדות,2,8,1,FREE
105,6,סטודנטים,2,10,1,FREE
105,6,סטודנטים,2,8,0,FREE
102,4,סטודנטים,2,12,1,BUSY
102,4,סטודנטים,2,19,0,FREE
404,114,יהדות,2,11,1,BUSY
404,114,יהדות,2,12,1,BUSY
306,111,משפטים,2,9,0,FREE
306,111,משפטים,2,14,1,BUSY
505,2,מ.ישראל,2,14,1,BUSY
505,2,מ.ישראל,2,16,1,BUSY
604,2,מ.ישראל,2,9,0,FREE
604,2,מ.ישראל,2,17,0,FREE
605,61,מ.ישראל,2,9,1,BUSY
605,61,מ.ישראל,2,13,1,BUSY
410,125,יהדות,2,9,1,BUSY
410,125,יהדות,2,13,1,BUSY
410,46,יהדות,2,9,1,BUSY
410,46,יהדות,2,16,1,BUSY
403,66,יהדות,2,8,0,FREE
403,66,יהדות,2,16,0,FREE
502,26,מ.ישראל,2,11,1,BUSY
502,26,מ.ישראל,2,16,1,BUSY
502,25,מ.ישראל,2,12,1,BUSY
502,25,מ.ישראל,2,8,0,FREE
403,218,יהדות,2,19,0,FREE
403,218,יהדות,2,8,0,FREE
403,113,יהדות,2,8,0,FREE
403,113,יהדות,2,12,0,FREE
410,142,יהדות,2,10,1,BUSY
410,142,יהדות,2,19,1,BUSY
505,61,מ.ישראל,2,16,0,FREE
505,61,מ.ישראל,2,19,0,FREE
505,11,מ.ישראל,2,13,0,FREE
505,11,מ.ישראל,2,16,0,FREE
605,105,מ.ישראל,2,10,1,BUSY
605,105,מ.ישראל,2,15,1,BUSY
604,1,מ.ישראל,2,11,0,FREE
604,1,מ.ישראל,2,16,0,FREE
507,14,מ.ישראל,2,8,1,BUSY
507,14,מ.ישראל,2,15,1,BUSY
605,4,מ.ישראל,2,19,0,FREE
605,4,מ.ישראל,2,11,0,FREE
502,62,מ.ישראל,2,17,0,BUSY
502,62,מ.ישראל,2,15,0,FREE
605,7,מ.ישראל,2,8,0,FREE
605,7,מ.ישראל,2,11,0,FREE
507,206,מ.ישראל,2,9,0,FREE
507,206,מ.ישראל,2,14,1,BUSY
504,206,מ.ישראל,2,12,0,FREE
504,206,מ.ישראל,2,9,0,BUSY
508,103,מ.ישראל,2,14,0,FREE
508,103,מ.ישראל,2,19,1,BUSY
507,106,מ.ישראל,2,15,1,BUSY
507,106,מ.ישראל,2,10,1,BUSY
605,106,מ.ישראל,2,14,0,BUSY
605,106,מ.ישראל,2,13,0,BUSY
507,108,מ.ישראל,2,12,1,BUSY
507,108,מ.ישראל,2,11,1,BUSY
505,108,מ.ישראל,2,12,0,FREE
505,108,מ.ישראל,2,16,0,FREE
505,102,מ.ישראל,2,16,1,BUSY
505,102,מ.ישראל,2,15,1,FREE
507,6,מ.ישראל,2,15,1,BUSY
507,6,מ.ישראל,2,14,1,BUSY
507,208,מ.ישראל,2,12,1,BUSY
507,208,מ.ישראל,2,15,0,FREE
507,205,מ.ישראל,2,12,1,BUSY
507,205,מ.ישראל,2,18,1,BUSY
507,3,מ.ישראל,2,16,1,BUSY
507,3,מ.ישראל,2,19,1,BUSY
505,103,מ.ישראל,2,15,1,FREE
505,103,מ.ישראל,2,17,1,BUSY
507,209,מ.ישראל,2,19,1,BUSY
507,209,מ.ישראל,2,15,1,BUSY
507,202,מ.ישראל,2,11,1,BUSY
507,202,מ.ישראל,2,14,1,FREE
605,103,מ.ישראל,2,10,1,BUSY
605,103,מ.ישראל,2,18,1,BUSY
403,2,יהדות,2,16,0,FREE
403,2,יהדות,2,18,1,BUSY
507,104,מ.ישראל,2,18,1,FREE
507,104,מ.ישראל,2,13,1,BUSY
507,5,מ.ישראל,2,16,1,BUSY
507,5,מ.ישראל,2,8,1,FREE
507,203,מ.ישראל,2,19,1,BUSY
507,203,מ.ישראל,2,10,1,BUSY
305,132,משפטים,2,9,1,BUSY
305,132,משפטים,2,14,1,BUSY
902,101,חברה,2,17,1,BUSY
902,101,חברה,2,13,1,BUSY
902,104,חברה,2,8,0,FREE
902,104,חברה,2,11,1,FREE
1005,112,רוח,2,17,0,FREE
1005,112,רוח,2,8,0,FREE
605,65,מ.ישראל,2,17,1,FREE
605,65,מ.ישראל,2,10,1,BUSY
905,116,חברה,2,8,0,BUSY
905,116,חברה,2,12,1,BUSY
203,226,טבע,2,13,0,FREE
203,226,טבע,2,12,0,BUSY
902,202,חברה,2,12,1,BUSY
902,202,חברה,2,16,1,BUSY
902,102,חברה,2,13,1,BUSY
902,102,חברה,2,11,1,BUSY
1002,201,רוח,2,15,1,BUSY
1002,201,רוח,2,13,1,BUSY
605,12,מ.ישראל,2,15,1,BUSY
605,12,מ.ישראל,2,16,1,BUSY
502,30,מ.ישראל,2,17,1,BUSY
502,30,מ.ישראל,2,10,0,FREE
504,63,מ.ישראל,2,13,0,BUSY
504,63,מ.ישראל,2,17,0,FREE
507,13,מ.ישראל,2,16,0,FREE
507,13,מ.ישראל,2,17,0,BUSY
507,105,מ.ישראל,2,16,1,BUSY
507,105,מ.ישראל,2,11,1,FREE
604,103,מ.ישראל,2,13,1,FREE
604,103,מ.ישראל,2,8,0,FREE
410,26,יהדות,2,12,0,FREE
410,26,יהדות,2,8,0,FREE
410,6,יהדות,2,8,1,BUSY
410,6,יהדות,2,16,1,BUSY
404,66,יהדות,2,16,0,FREE
404,66,יהדות,2,15,0,BUSY
605,64,מ.ישראל,2,9,1,BUSY
605,64,מ.ישראל,2,14,1,BUSY
505,64,מ.ישראל,2,11,0,FREE
505,64,מ.ישראל,2,16,1,BUSY
403,115,יהדות,2,13,0,FREE
403,115,יהדות,2,8,0,FREE
404,67,יהדות,2,11,0,FREE
404,67,יהדות,2,15,0,FREE
1005,111,רוח,2,12,1,BUSY
1005,111,רוח,2,13,1,FREE
1004,305,רוח,2,13,1,BUSY
1004,305,רוח,2,15,1,BUSY
404,101,יהדות,2,15,0,FREE
404,101,יהדות,2,16,1,FREE
1002,305,רוח,2,14,1,BUSY
1002,305,רוח,2,19,0,FREE
504,208,מ.ישראל,2,14,1,BUSY
504,208,מ.ישראל,2,11,0,FREE
211,112,טבע,2,18,0,BUSY
211,112,טבע,2,10,1,FREE
305,63,משפטים,2,15,0,FREE
305,63,משפטים,2,12,0,BUSY
306,112,משפטים,2,17,0,FREE
306,112,משפטים,2,13,0,FREE
211,106,טבע,2,8,0,BUSY
211,106,טבע,2,10,0,FREE
207,201,טבע,2,17,1,BUSY
207,201,טבע,2,15,1,FREE
305,101,משפטים,2,9,0,FREE
305,101,משפטים,2,12,0,FREE
403,61,יהדות,2,19,0,FREE
403,61,יהדות,2,10,0,FREE
202,202,טבע,2,12,0,BUSY
202,202,טבע,2,18,1,FREE
203,106,טבע,2,13,0,FREE
203,106,טבע,2,15,0,FREE
203,112,טבע,2,10,1,BUSY
203,112,טבע,2,8,0,BUSY
105,112,סטודנטים,2,13,0,FREE
105,112,סטודנטים,2,12,0,BUSY
207,6,טבע,2,12,0,BUSY
207,6,טבע,2,15,0,FREE
207,4,טבע,2,13,1,BUSY
207,4,טבע,2,11,0,BUSY
207,101,טבע,2,11,0,FREE
207,101,טבע,2,14,1,BUSY
604,6,מ.ישראל,2,18,0,BUSY
604,6,מ.ישראל,2,11,0,FREE
211,22,nan,2,9,1,BUSY
211,22,nan,2,15,1,BUSY
211,4,טבע,2,8,0,FREE
211,4,טבע,2,16,0,FREE
507,7,מ.ישראל,2,10,1,BUSY
507,7,מ.ישראל,2,17,1,BUSY
1401,3,nan,2,10,1,BUSY
1401,3,nan,2,18,1,BUSY
905,63,חברה,2,14,1,BUSY
905,63,חברה,2,10,1,FREE
901,61,חברה,2,18,0,BUSY
901,61,חברה,2,14,1,BUSY
403,69,מינץ,2,15,1,FREE
403,69,מינץ,2,18,0,FREE
1401,63,nan,2,11,0,FREE
1401,63,nan,2,12,0,BUSY
1401,1,nan,2,15,1,BUSY
1401,1,nan,2,17,1,BUSY
507,1,מ.ישראל,2,10,1,BUSY
507,1,מ.ישראל,2,16,1,BUSY
905,62,חברה,2,8,0,FREE
905,62,חברה,2,10,1,BUSY
504,10,מ.ישראל,2,16,0,FREE
504,10,מ.ישראל,2,14,0,FREE
505,202,מ.ישראל,2,15,0,FREE
505,202,מ.ישראל,2,19,0,BUSY
1002,102,רוח,2,10,1,BUSY
1002,102,רוח,2,14,0,BUSY
410,226,יהדות,2,16,1,BUSY
410,226,יהדות,2,19,0,FREE
410,225,יהדות,2,14,1,BUSY
410,225,יהדות,2,13,0,FREE
1004,407,רוח,2,9,0,FREE
1004,407,רוח,2,13,0,BUSY
1004,402,רוח,2,11,1,FREE
1004,402,רוח,2,9,0,FREE
505,65,מ.ישראל,2,11,0,FREE
505,65,מ.ישראל,2,18,1,BUSY
505,204,מ.ישראל,2,9,0,BUSY
505,204,מ.ישראל,2,17,0,FREE
304,1,משפטים,2,11,1,BUSY
304,1,משפטים,2,13,1,BUSY
605,63,מ.ישראל,2,10,1,BUSY
605,63,מ.ישראל,2,14,1,FREE
305,10,משפטים,2,10,1,BUSY
305,10,משפטים,2,11,1,BUSY
304,61,משפטים,2,18,0,FREE
304,61,משפטים,2,17,0,FREE
604,202,מ.ישראל,2,18,0,FREE
604,202,מ.ישראל,2,9,0,FREE
211,25,nan,2,12,1,BUSY
211,25,nan,2,9,1,BUSY
304,25,משפטים,2,10,0,BUSY
304,25,משפטים,2,12,1,BUSY
1105,53,הנדסה,2,8,0,FREE
1105,53,הנדסה,2,16,1,BUSY
1401,53,nan,2,12,0,FREE
1401,53,nan,2,19,0,FREE
305,2,משפטים,2,10,0,BUSY
305,2,משפטים,2,17,0,FREE
305,4,משפטים,2,18,1,BUSY
305,4,משפטים,2,11,1,BUSY
502,23,מ.ישראל,2,16,0,FREE
502,23,מ.ישראל,2,12,0,FREE
503,1,מ.ישראל,2,15,0,FREE
503,1,מ.ישראל,2,19,0,FREE
404,113,יהדות,2,12,1,FREE
404,113,יהדות,2,9,0,FREE
404,201,יהדות,2,11,1,BUSY
404,201,יהדות,2,10,1,BUSY
505,203,מ.ישראל,2,9,1,BUSY
505,203,מ.ישראל,2,12,1,BUSY
1005,19,רוח,2,15,1,FREE
1005,19,רוח,2,16,1,FREE
1005,108,רוח,2,16,0,BUSY
1005,108,רוח,2,12,1,BUSY
1005,201,רוח,2,9,0,FREE
1005,201,רוח,2,17,1,BUSY
1005,209,רוח,2,14,0,FREE
1005,209,רוח,2,13,0,BUSY
1005,207,רוח,2,19,0,BUSY
1005,207,רוח,2,10,0,FREE
1005,203,רוח,2,16,0,FREE
1005,203,רוח,2,15,0,FREE
604,201,מ.ישראל,2,19,0,BUSY
604,201,מ.ישראל,2,8,0,FREE
305,105,משפטים,2,14,0,FREE
305,105,משפטים,2,10,0,FREE
507,37,מ.ישראל,2,12,0,FREE
507,37,מ.ישראל,2,16,0,BUSY
1104,42,הנדסה,2,16,1,BUSY
1104,42,הנדסה,2,18,1,BUSY
1105,42,הנדסה,2,19,0,FREE
1105,42,הנדסה,2,16,0,FREE
1103,22,הנדסה,2,8,0,FREE
1103,22,הנדסה,2,19,1,BUSY
902,9,חברה,2,18,1,BUSY
902,9,חברה,2,16,1,BUSY
304,9,משפטים,2,10,0,FREE
304,9,משפטים,2,16,0,FREE
1105,271,הנדסה,2,19,0,FREE
1105,271,הנדסה,2,18,1,BUSY
1104,271,הנדסה,2,14,0,BUSY
1104,271,הנדסה,2,18,0,BUSY
507,61,מ.ישראל,2,15,0,BUSY
507,61,מ.ישראל,2,17,0,FREE
213,304,טבע,2,17,1,BUSY
213,304,טבע,2,13,1,BUSY
213,320,טבע,2,16,0,FREE
213,320,טבע,2,15,0,BUSY
1004,203,רוח,2,16,1,BUSY
1004,203,רוח,2,18,1,BUSY
1004,212,רוח,2,9,0,FREE
1004,212,רוח,2,8,0,FREE
410,328,יהדות,2,12,1,BUSY
410,328,יהדות,2,9,0,FREE
410,332,יהדות,2,14,0,FREE
410,332,יהדות,2,8,0,FREE
604,204,מ.ישראל,2,8,0,FREE
604,204,מ.ישראל,2,18,0,FREE
1002,203,רוח,2,12,1,BUSY
1002,203,רוח,2,10,1,BUSY
202,301,טבע,2,8,0,BUSY
202,301,טבע,2,9,0,BUSY
203,4,טבע,2,17,0,BUSY
203,4,טבע,2,19,0,FREE
202,221,טבע,2,13,0,FREE
202,221,טבע,2,15,0,FREE
202,205,טבע,2,9,0,FREE
202,205,טבע,2,15,1,BUSY
202,304,טבע,2,19,0,FREE
202,304,טבע,2,16,0,FREE
202,505,טבע,2,8,0,BUSY
202,505,טבע,2,10,1,BUSY
202,203,טבע,2,13,0,FREE
202,203,טבע,2,15,0,FREE
202,303,טבע,2,15,1,BUSY
202,303,טבע,2,17,1,BUSY
202,201,טבע,2,15,0,FREE
202,201,טבע,2,13,0,BUSY
202,204,טבע,2,15,0,FREE
202,204,טבע,2,17,0,FREE
505,505,מ.ישראל,2,18,0,FREE
505,505,מ.ישראל,2,17,0,FREE
902,301,חברה,2,12,0,BUSY
902,301,חברה,2,8,1,BUSY
902,12,חברה,2,12,0,FREE
902,12,חברה,2,19,1,BUSY
902,107,חברה,2,16,1,FREE
902,107,חברה,2,10,0,FREE
905,217,חברה,2,17,1,BUSY
905,217,חברה,2,9,1,BUSY
902,217,חברה,2,19,0,FREE
902,217,חברה,2,9,0,FREE
902,110,חברה,2,13,1,BUSY
902,110,חברה,2,16,0,BUSY
902,109,חברה,2,16,0,FREE
902,109,חברה,2,10,0,FREE
507,23,מ.ישראל,2,19,0,FREE
507,23,מ.ישראל,2,12,0,FREE
1004,406,רוח,2,14,1,BUSY
1004,406,רוח,2,18,0,BUSY
1105,368,הנדסה,2,10,1,BUSY
1105,368,הנדסה,2,12,1,FREE
1102,2,הנדסה,2,16,1,BUSY
1102,2,הנדסה,2,13,1,BUSY
1104,244,הנדסה,2,15,1,BUSY
1104,244,הנדסה,2,13,1,BUSY
1104,249,הנדסה,2,18,1,BUSY
1104,249,הנדסה,2,11,1,FREE
1104,243,הנדסה,2,9,1,FREE
1104,243,הנדסה,2,17,1,BUSY
1103,42,הנדסה,2,15,0,BUSY
1103,42,הנדסה,2,12,0,FREE
1401,4,nan,2,9,0,FREE
1401,4,nan,2,11,1,FREE
1105,3,הנדסה,2,19,0,FREE
1105,3,הנדסה,2,17,0,FREE
1102,4,הנדסה,2,11,0,FREE
1102,4,הנדסה,2,18,0,FREE
A1300,2,מעונות,2,12,1,BUSY
A1300,2,מעונות,2,10,1,BUSY
A1300,1,מעונות,2,17,1,BUSY
A1300,1,מעונות,2,18,1,BUSY
901,4,חברה,2,11,0,FREE
901,4,חברה,2,17,0,BUSY
1103,223,הנדסה,2,18,0,FREE
1103,223,הנדסה,2,19,0,BUSY
1102,205,הנדסה,2,14,1,FREE
1102,205,הנדסה,2,11,0,FREE
1105,366,הנדסה,2,13,1,BUSY
1105,366,הנדסה,2,8,0,FREE
1104,344,הנדסה,2,8,0,FREE
1104,344,הנדסה,2,19,0,FREE
1104,347,הנדסה,2,10,0,BUSY
1104,347,הנדסה,2,16,0,FREE
1103,224,הנדסה,2,10,0,BUSY
1103,224,הנדסה,2,12,0,FREE
1002,112,רוח,2,11,0,FREE
1002,112,רוח,2,12,0,FREE
905,119,חברה,2,18,0,FREE
905,119,חברה,2,10,1,BUSY
905,118,חברה,2,19,0,FREE
905,118,חברה,2,18,0,BUSY
905,319,חברה,2,17,0,FREE
905,319,חברה,2,8,0,FREE
905,418,חברה,2,16,0,FREE
905,418,חברה,2,15,0,BUSY
905,416,חברה,2,9,0,FREE
905,416,חברה,2,11,1,BUSY
905,211,חברה,2,14,0,FREE
905,211,חברה,2,19,0,FREE
905,321,חברה,2,9,0,FREE
905,321,חברה,2,12,0,FREE
905,311,חברה,2,19,0,FREE
905,311,חברה,2,18,0,FREE
905,2,חברה,2,8,0,FREE
905,2,חברה,2,13,0,BUSY
905,317,חברה,2,10,0,FREE
905,317,חברה,2,15,0,BUSY
502,63,מ.ישראל,2,13,0,FREE
502,63,מ.ישראל,2,18,0,BUSY
212,214,טבע,2,18,0,FREE
212,214,טבע,2,13,0,FREE
211,21,nan,2,14,1,BUSY
211,21,nan,2,17,1,BUSY
211,17,nan,2,15,0,FREE
211,17,nan,2,11,0,FREE
505,7,מ.ישראל,2,12,1,BUSY
505,7,מ.ישראל,2,16,0,FREE
212,212,nan,2,11,0,FREE
212,212,nan,2,12,0,FREE
212,1,טבע,2,17,1,BUSY
212,1,טבע,2,12,0,BUSY
304,4,משפטים,2,17,0,FREE
304,4,משפטים,2,10,0,FREE
403,3,יהדות,2,8,0,FREE
403,3,יהדות,2,14,0,FREE
905,25,חברה,2,18,0,FREE
905,25,חברה,2,15,0,BUSY
212,310,טבע,2,16,1,BUSY
212,310,טבע,2,19,0,BUSY
212,1,nan,2,10,0,FREE
212,1,nan,2,13,0,FREE
212,3,טבע,2,9,0,FREE
212,3,טבע,2,17,0,BUSY
212,21,nan,2,19,0,FREE
212,21,nan,2,9,0,FREE
203,212,טבע,2,17,0,FREE
203,212,טבע,2,15,1,BUSY
304,69,משפטים,2,14,0,FREE
304,69,משפטים,2,8,0,FREE
305,11,משפטים,2,16,1,BUSY
305,11,משפטים,2,15,0,FREE
901,11,חברה,2,13,0,FREE
901,11,חברה,2,12,0,BUSY
211,3,nan,2,18,0,FREE
211,3,nan,2,8,0,FREE
213,61,טבע,2,15,0,BUSY
213,61,טבע,2,19,0,FREE
211,9,nan,2,17,0,FREE
211,9,nan,2,8,0,FREE
902,1,חברה,2,18,0,FREE
902,1,חברה,2,15,0,FREE
304,7,משפטים,2,15,0,FREE
304,7,משפטים,2,19,0,FREE
403,1,מינץ,2,12,0,FREE
403,1,מינץ,2,14,0,BUSY
211,7,nan,2,11,0,FREE
211,7,nan,2,16,0,FREE
501,11,מ.ישראל,2,17,0,FREE
501,11,מ.ישראל,2,19,0,FREE
507,11,מ.ישראל,2,19,0,FREE
507,11,מ.ישראל,2,15,0,FREE
1401,7,nan,2,9,0,FREE
1401,7,nan,2,19,0,FREE
211,63,nan,2,8,0,FREE
211,63,nan,2,10,0,BUSY
105,134,סטודנטים,2,19,0,BUSY
105,134,סטודנטים,2,14,0,FREE
305,3,משפטים,2,14,0,FREE
305,3,משפטים,2,8,0,BUSY
404,133,יהדות,2,15,0,FREE
404,133,יהדות,2,12,0,FREE
306,1,משפטים,2,8,0,FREE
306,1,משפטים,2,10,1,FREE
304,132,משפטים,2,12,0,FREE
304,132,משפטים,2,8,0,FREE
105,132,סטודנטים,2,11,0,BUSY
105,132,סטודנטים,2,12,0,FREE
404,134,יהדות,2,8,0,FREE
404,134,יהדות,2,19,0,FREE
404,65,יהדות,2,9,0,FREE
404,65,יהדות,2,14,0,BUSY
102,133,סטודנטים,2,15,0,BUSY
102,133,סטודנטים,2,17,0,FREE
305,104,משפטים,2,16,0,FREE
305,104,משפטים,2,11,0,BUSY
507,10,מ.ישראל,2,10,0,FREE
507,10,מ.ישראל,2,9,0,FREE
507,62,מ.ישראל,2,9,0,BUSY
507,62,מ.ישראל,2,13,0,FREE
604,309,מ.ישראל,2,12,1,BUSY
604,309,מ.ישראל,2,8,1,FREE
901,101,חברה,2,8,1,BUSY
901,101,חברה,2,19,0,FREE
901,102,חברה,2,11,0,FREE
901,102,חברה,2,15,0,FREE
301,202,פלדמן,2,13,0,FREE
301,202,פלדמן,2,19,0,FREE
905,104,חברה,2,16,0,FREE
905,104,חברה,2,17,0,FREE
507,107,מ.ישראל,3,12,1,BUSY
507,107,מ.ישראל,3,14,1,BUSY
905,61,חברה,3,9,1,BUSY
905,61,חברה,3,8,1,BUSY
1401,2,nan,3,8,0,FREE
1401,2,nan,3,19,0,FREE
402,63,יהדות,3,11,1,BUSY
402,63,יהדות,3,12,1,BUSY
203,221,טבע,3,16,1,BUSY
203,221,טבע,3,11,1,BUSY
1002,1,רוח,3,9,0,BUSY
1002,1,רוח,3,11,1,FREE
604,63,מ.ישראל,3,18,1,BUSY
604,63,מ.ישראל,3,13,1,BUSY
604,64,מ.ישראל,3,19,1,FREE
604,64,מ.ישראל,3,11,1,BUSY
604,105,מ.ישראל,3,10,1,BUSY
604,105,מ.ישראל,3,13,1,BUSY
403,211,יהדות,3,17,0,FREE
403,211,יהדות,3,8,0,FREE
604,102,מ.ישראל,3,12,0,FREE
604,102,מ.ישראל,3,18,1,BUSY
403,217,יהדות,3,19,0,FREE
403,217,יהדות,3,8,0,FREE
305,133,משפטים,3,12,1,FREE
305,133,משפטים,3,18,0,FREE
504,2,מ.ישראל,3,18,0,FREE
504,2,מ.ישראל,3,16,0,FREE
507,102,מ.ישראל,3,19,1,BUSY
507,102,מ.ישראל,3,9,1,BUSY
604,62,מ.ישראל,3,11,1,BUSY
604,62,מ.ישראל,3,14,1,BUSY
1002,405,רוח,3,12,0,FREE
1002,405,רוח,3,19,0,FREE
902,210,חברה,3,12,1,BUSY
902,210,חברה,3,16,1,BUSY
508,7,מ.ישראל,3,19,0,FREE
508,7,מ.ישראל,3,18,0,FREE
502,8,מ.ישראל,3,15,1,BUSY
502,8,מ.ישראל,3,14,1,BUSY
605,104,מ.ישראל,3,14,1,BUSY
605,104,מ.ישראל,3,16,1,BUSY
1002,61,רוח,3,13,0,BUSY
1002,61,רוח,3,8,1,BUSY
507,4,מ.ישראל,3,12,1,BUSY
507,4,מ.ישראל,3,18,1,BUSY
504,4,מ.ישראל,3,19,0,FREE
504,4,מ.ישראל,3,14,1,BUSY
1002,202,רוח,3,14,1,BUSY
1002,202,רוח,3,11,0,FREE
502,6,מ.ישראל,3,15,1,BUSY
502,6,מ.ישראל,3,9,0,BUSY
502,7,מ.ישראל,3,18,0,BUSY
502,7,מ.ישראל,3,9,1,BUSY
505,4,מ.ישראל,3,17,1,BUSY
505,4,מ.ישראל,3,8,0,FREE
502,9,מ.ישראל,3,11,1,BUSY
502,9,מ.ישראל,3,14,1,BUSY
1005,109,רוח,3,13,1,BUSY
1005,109,רוח,3,17,1,BUSY
902,103,חברה,3,10,1,BUSY
902,103,חברה,3,15,1,BUSY
502,37,מ.ישראל,3,15,0,FREE
502,37,מ.ישראל,3,16,0,FREE
902,201,חברה,3,9,0,FREE
902,201,חברה,3,10,1,BUSY
604,205,מ.ישראל,3,15,1,BUSY
604,205,מ.ישראל,3,14,1,BUSY
505,63,מ.ישראל,3,15,1,BUSY
505,63,מ.ישראל,3,10,0,FREE
504,5,מ.ישראל,3,17,1,BUSY
504,5,מ.ישראל,3,12,1,BUSY
305,5,משפטים,3,16,1,FREE
305,5,משפטים,3,8,0,FREE
605,14,מ.ישראל,3,11,1,BUSY
605,14,מ.ישראל,3,14,1,BUSY
505,105,מ.ישראל,3,14,1,BUSY
505,105,מ.ישראל,3,12,1,BUSY
502,24,מ.ישראל,3,9,0,FREE
502,24,מ.ישראל,3,14,1,BUSY
505,5,מ.ישראל,3,9,1,BUSY
505,5,מ.ישראל,3,17,1,BUSY
404,68,יהדות,3,13,1,BUSY
404,68,יהדות,3,16,1,BUSY
305,134,משפטים,3,13,1,BUSY
305,134,משפטים,3,12,1,BUSY
105,103,סטודנטים,3,13,1,BUSY
105,103,סטודנטים,3,18,1,BUSY
105,104,סטודנטים,3,17,0,BUSY
105,104,סטודנטים,3,18,0,BUSY
105,101,סטודנטים,3,10,1,BUSY
105,101,סטודנטים,3,13,1,BUSY
105,102,סטודנטים,3,11,0,FREE
105,102,סטודנטים,3,15,1,BUSY
105,1,סטודנטים,3,19,0,FREE
105,1,סטודנטים,3,15,1,FREE
304,3,משפטים,3,10,1,FREE
304,3,משפטים,3,9,1,BUSY
305,6,משפטים,3,19,0,BUSY
305,6,משפטים,3,8,0,FREE
105,61,סטודנטים,3,16,1,BUSY
105,61,סטודנטים,3,19,0,FREE
105,2,סטודנטים,3,19,0,FREE
105,2,סטודנטים,3,17,0,BUSY
304,2,משפטים,3,19,0,FREE
304,2,משפטים,3,14,0,BUSY
105,3,סטודנטים,3,16,1,FREE
105,3,סטודנטים,3,9,0,BUSY
605,101,מ.ישראל,3,18,1,BUSY
605,101,מ.ישראל,3,13,1,BUSY
605,102,מ.ישראל,3,19,1,BUSY
605,102,מ.ישראל,3,8,0,FREE
604,11,מ.ישראל,3,12,1,BUSY
604,11,מ.ישראל,3,15,1,BUSY
605,11,מ.ישראל,3,10,1,FREE
605,11,מ.ישראל,3,15,1,BUSY
604,12,מ.ישראל,3,13,1,BUSY
604,12,מ.ישראל,3,16,1,BUSY
504,6,מ.ישראל,3,15,0,FREE
504,6,מ.ישראל,3,8,0,FREE
605,202,מ.ישראל,3,13,0,FREE
605,202,מ.ישראל,3,14,0,BUSY
604,14,מ.ישראל,3,9,0,FREE
604,14,מ.ישראל,3,15,1,BUSY
507,101,מ.ישראל,3,16,0,BUSY
507,101,מ.ישראל,3,13,0,FREE
507,103,מ.ישראל,3,17,1,FREE
507,103,מ.ישראל,3,16,1,BUSY
504,7,מ.ישראל,3,14,0,FREE
504,7,מ.ישראל,3,13,0,FREE
604,13,מ.ישראל,3,16,1,BUSY
604,13,מ.ישראל,3,15,1,BUSY
505,1,מ.ישראל,3,10,0,FREE
505,1,מ.ישראל,3,15,1,BUSY
504,3,מ.ישראל,3,12,1,BUSY
504,3,מ.ישראל,3,18,0,BUSY
604,101,מ.ישראל,3,10,1,BUSY
604,101,מ.ישראל,3,16,1,FREE
507,201,מ.ישראל,3,19,1,FREE
507,201,מ.ישראל,3,18,1,BUSY
403,67,יהדות,3,18,0,FREE
403,67,יהדות,3,8,0,FREE
507,204,מ.ישראל,3,10,1,BUSY
507,204,מ.ישראל,3,9,1,BUSY
505,106,מ.ישראל,3,18,1,BUSY
505,106,מ.ישראל,3,8,0,FREE
505,62,מ.ישראל,3,9,0,BUSY
505,62,מ.ישראל,3,8,0,FREE
505,104,מ.ישראל,3,8,1,FREE
505,104,מ.ישראל,3,18,1,BUSY
605,13,מ.ישראל,3,8,0,FREE
605,13,מ.ישראל,3,12,1,BUSY
501,25,מ.ישראל,3,16,1,BUSY
501,25,מ.ישראל,3,19,0,FREE
505,201,מ.ישראל,3,13,0,FREE
505,201,מ.ישראל,3,17,0,FREE
505,3,מ.ישראל,3,18,1,FREE
505,3,מ.ישראל,3,15,1,FREE
507,207,מ.ישראל,3,17,1,BUSY
507,207,מ.ישראל,3,19,0,FREE
604,61,מ.ישראל,3,15,1,BUSY
604,61,מ.ישראל,3,8,0,FREE
507,2,מ.ישראל,3,10,1,FREE
507,2,מ.ישראל,3,8,1,FREE
505,101,מ.ישראל,3,8,0,FREE
505,101,מ.ישראל,3,19,0,FREE
905,417,חברה,3,18,1,BUSY
905,417,חברה,3,13,0,BUSY
504,1,מ.ישראל,3,18,1,BUSY
504,1,מ.ישראל,3,10,1,BUSY
605,201,מ.ישראל,3,17,1,BUSY
605,201,מ.ישראל,3,11,0,FREE
604,104,מ.ישראל,3,15,1,BUSY
604,104,מ.ישראל,3,8,0,BUSY
213,4,טבע,3,17,1,BUSY
213,4,טבע,3,19,0,FREE
105,4,סטודנטים,3,12,1,BUSY
105,4,סטודנטים,3,19,1,BUSY
102,2,סטודנטים,3,12,0,BUSY
102,2,סטודנטים,3,18,0,FREE
105,5,סטודנטים,3,13,1,BUSY
105,5,סטודנטים,3,17,0,FREE
105,105,סטודנטים,3,15,0,FREE
105,105,סטודנטים,3,12,0,BUSY
207,1,טבע,3,12,0,FREE
207,1,טבע,3,9,0,FREE
105,106,סטודנטים,3,17,1,BUSY
105,106,סטודנטים,3,8,0,BUSY
404,115,יהדות,3,8,1,BUSY
404,115,יהדות,3,16,1,FREE
403,101,יהדות,3,8,1,BUSY
403,101,יהדות,3,12,1,FREE
404,102,יהדות,3,17,1,BUSY
404,102,יהדות,3,8,0,FREE
105,6,סטודנטים,3,18,0,BUSY
105,6,סטודנטים,3,11,0,FREE
102,4,סטודנטים,3,19,0,FREE
102,4,סטודנטים,3,8,0,FREE
404,114,יהדות,3,14,1,BUSY
404,114,יהדות,3,8,1,BUSY
306,111,משפטים,3,17,1,BUSY
306,111,משפטים,3,10,1,BUSY
505,2,מ.ישראל,3,12,1,BUSY
505,2,מ.ישראל,3,17,1,BUSY
604,2,מ.ישראל,3,14,0,BUSY
604,2,מ.ישראל,3,18,0,FREE
605,61,מ.ישראל,3,12,0,BUSY
605,61,מ.ישראל,3,8,1,FREE
410,125,יהדות,3,8,0,FREE
410,125,יהדות,3,14,1,BUSY
410,46,יהדות,3,13,0,FREE
410,46,יהדות,3,12,0,FREE
403,66,יהדות,3,16,1,BUSY
403,66,יהדות,3,13,1,BUSY
502,26,מ.ישראל,3,9,0,FREE
502,26,מ.ישראל,3,14,1,BUSY
502,25,מ.ישראל,3,11,1,BUSY
502,25,מ.ישראל,3,12,1,BUSY
403,218,יהדות,3,12,1,BUSY
403,218,יהדות,3,16,0,BUSY
403,113,יהדות,3,11,1,FREE
403,113,יהדות,3,10,1,BUSY
410,142,יהדות,3,15,1,BUSY
410,142,יהדות,3,11,1,BUSY
505,61,מ.ישראל,3,8,0,FREE
505,61,מ.ישראל,3,16,0,FREE
505,11,מ.ישראל,3,8,1,BUSY
505,11,מ.ישראל,3,12,0,FREE
605,105,מ.ישראל,3,17,0,FREE
605,105,מ.ישראל,3,15,0,FREE
604,1,מ.ישראל,3,14,0,FREE
604,1,מ.ישראל,3,9,0,FREE
507,14,מ.ישראל,3,15,0,BUSY
507,14,מ.ישראל,3,16,0,FREE
605,4,מ.ישראל,3,18,0,BUSY
605,4,מ.ישראל,3,10,0,FREE
502,62,מ.ישראל,3,18,0,FREE
502,62,מ.ישראל,3,19,0,FREE
605,7,מ.ישראל,3,19,1,BUSY
605,7,מ.ישראל,3,18,1,BUSY
507,206,מ.ישראל,3,8,1,BUSY
507,206,מ.ישראל,3,13,1,FREE
504,206,מ.ישראל,3,16,1,BUSY
504,206,מ.ישראל,3,9,0,FREE
508,103,מ.ישראל,3,16,0,FREE
508,103,מ.ישראל,3,17,0,FREE
507,106,מ.ישראל,3,16,1,BUSY
507,106,מ.ישראל,3,17,1,BUSY
605,106,מ.ישראל,3,11,1,BUSY
605,106,מ.ישראל,3,14,0,FREE
507,108,מ.ישראל,3,13,0,FREE
507,108,מ.ישראל,3,16,0,BUSY
505,108,מ.ישראל,3,12,0,FREE
505,108,מ.ישראל,3,14,0,FREE
505,102,מ.ישראל,3,17,0,BUSY
505,102,מ.ישראל,3,13,1,BUSY
507,6,מ.ישראל,3,15,1,BUSY
507,6,מ.ישראל,3,18,1,BUSY
507,208,מ.ישראל,3,14,0,FREE
507,208,מ.ישראל,3,19,1,BUSY
507,205,מ.ישראל,3,8,1,BUSY
507,205,מ.ישראל,3,15,1,FREE
507,3,מ.ישראל,3,17,1,BUSY
507,3,מ.ישראל,3,16,1,FREE
505,103,מ.ישראל,3,17,1,BUSY
505,103,מ.ישראל,3,13,1,BUSY
507,209,מ.ישראל,3,19,0,FREE
507,209,מ.ישראל,3,17,1,BUSY
507,202,מ.ישראל,3,16,1,BUSY
507,202,מ.ישראל,3,13,1,BUSY
605,103,מ.ישראל,3,16,1,BUSY
605,103,מ.ישראל,3,8,1,BUSY
403,2,יהדות,3,19,0,FREE
403,2,יהדות,3,8,0,FREE
507,104,מ.ישראל,3,11,1,BUSY
507,104,מ.ישראל,3,9,1,BUSY
507,5,מ.ישראל,3,11,1,BUSY
507,5,מ.ישראל,3,15,1,BUSY
507,203,מ.ישראל,3,13,1,BUSY
507,203,מ.ישראל,3,17,1,FREE
305,132,משפטים,3,8,0,FREE
305,132,משפטים,3,13,0,FREE
902,101,חברה,3,15,1,BUSY
902,101,חברה,3,17,1,BUSY
902,104,חברה,3,12,1,BUSY
902,104,חברה,3,10,1,BUSY
1005,112,רוח,3,17,1,BUSY
1005,112,רוח,3,18,1,BUSY
605,65,מ.ישראל,3,13,1,BUSY
605,65,מ.ישראל,3,17,1,BUSY
905,116,חברה,3,16,1,BUSY
905,116,חברה,3,12,1,BUSY
203,226,טבע,3,13,1,BUSY
203,226,טבע,3,10,0,BUSY
902,202,חברה,3,14,1,BUSY
902,202,חברה,3,17,1,BUSY
902,102,חברה,3,12,1,BUSY
902,102,חברה,3,16,1,BUSY
1002,201,רוח,3,10,1,BUSY
1002,201,רוח,3,14,1,FREE
605,12,מ.ישראל,3,9,0,FREE
605,12,מ.ישראל,3,15,1,BUSY
502,30,מ.ישראל,3,12,0,BUSY
502,30,מ.ישראל,3,8,0,FREE
504,63,מ.ישראל,3,14,0,FREE
504,63,מ.ישראל,3,15,0,FREE
507,13,מ.ישראל,3,12,0,FREE
507,13,מ.ישראל,3,15,0,BUSY
507,105,מ.ישראל,3,13,1,FREE
507,105,מ.ישראל,3,17,1,BUSY
604,103,מ.ישראל,3,11,1,BUSY
604,103,מ.ישראל,3,17,1,FREE
410,26,יהדות,3,10,0,FREE
410,26,יהדות,3,16,0,FREE
410,6,יהדות,3,17,1,BUSY
410,6,יהדות,3,13,1,BUSY
404,66,יהדות,3,19,0,FREE
404,66,יהדות,3,17,0,BUSY
605,64,מ.ישראל,3,15,1,BUSY
605,64,מ.ישראל,3,16,1,BUSY
505,64,מ.ישראל,3,12,1,BUSY
505,64,מ.ישראל,3,16,1,FREE
403,115,יהדות,3,11,1,BUSY
403,115,יהדות,3,17,0,FREE
404,67,יהדות,3,17,0,FREE
404,67,יהדות,3,15,0,FREE
1005,111,רוח,3,16,1,BUSY
1005,111,רוח,3,17,1,BUSY
1004,305,רוח,3,13,0,FREE
1004,305,רוח,3,17,1,FREE
404,101,יהדות,3,18,1,BUSY
404,101,יהדות,3,9,1,BUSY
1002,305,רוח,3,15,1,FREE
1002,305,רוח,3,19,0,BUSY
504,208,מ.ישראל,3,17,0,BUSY
504,208,מ.ישראל,3,19,0,FREE
211,112,טבע,3,10,1,BUSY
211,112,טבע,3,14,1,BUSY
305,63,משפטים,3,19,0,FREE
305,63,משפטים,3,15,0,FREE
306,112,משפטים,3,19,0,FREE
306,112,משפטים,3,18,0,FREE
211,106,טבע,3,19,0,FREE
211,106,טבע,3,15,0,FREE
207,201,טבע,3,12,0,FREE
207,201,טבע,3,17,0,BUSY
305,101,משפטים,3,18,0,FREE
305,101,משפטים,3,16,0,BUSY
403,61,יהדות,3,11,0,FREE
403,61,יהדות,3,8,0,BUSY
202,202,טבע,3,18,0,FREE
202,202,טבע,3,12,1,BUSY
203,106,טבע,3,10,0,FREE
203,106,טבע,3,12,0,FREE
203,112,טבע,3,14,0,BUSY
203,112,טבע,3,11,0,BUSY
105,112,סטודנטים,3,19,0,FREE
105,112,סטודנטים,3,11,0,BUSY
207,6,טבע,3,16,1,BUSY
207,6,טבע,3,12,1,BUSY
207,4,טבע,3,15,1,BUSY
207,4,טבע,3,16,1,BUSY
207,101,טבע,3,9,1,BUSY
207,101,טבע,3,17,0,FREE
604,6,מ.ישראל,3,14,0,BUSY
604,6,מ.ישראל,3,15,0,FREE
211,22,nan,3,19,0,FREE
211,22,nan,3,16,0,FREE
211,4,טבע,3,11,0,BUSY
211,4,טבע,3,9,0,FREE
507,7,מ.ישראל,3,15,1,BUSY
507,7,מ.ישראל,3,14,0,BUSY
1401,3,nan,3,17,0,FREE
1401,3,nan,3,8,0,FREE
905,63,חברה,3,11,1,BUSY
905,63,חברה,3,8,0,FREE
901,61,חברה,3,15,1,BUSY
901,61,חברה,3,10,1,BUSY
403,69,מינץ,3,14,1,BUSY
403,69,מינץ,3,19,0,FREE
1401,63,nan,3,14,0,FREE
1401,63,nan,3,18,0,FREE
1401,1,nan,3,15,0,FREE
1401,1,nan,3,19,0,BUSY
507,1,מ.ישראל,3,19,1,BUSY
507,1,מ.ישראל,3,16,1,FREE
905,62,חברה,3,16,1,BUSY
905,62,חברה,3,18,0,BUSY
504,10,מ.ישראל,3,14,0,FREE
504,10,מ.ישראל,3,15,1,BUSY
505,202,מ.ישראל,3,8,0,FREE
505,202,מ.ישראל,3,15,0,FREE
1002,102,רוח,3,8,1,BUSY
1002,102,רוח,3,9,1,BUSY
410,226,יהדות,3,9,0,FREE
410,226,יהדות,3,11,1,FREE
410,225,יהדות,3,15,1,BUSY
410,225,יהדות,3,14,1,BUSY
1004,407,רוח,3,14,0,FREE
1004,407,רוח,3,17,0,FREE
1004,402,רוח,3,9,0,FREE
1004,402,רוח,3,14,1,BUSY
505,65,מ.ישראל,3,17,1,BUSY
505,65,מ.ישראל,3,8,0,FREE
505,204,מ.ישראל,3,18,0,FREE
505,204,מ.ישראל,3,11,0,BUSY
304,1,משפטים,3,12,1,BUSY
304,1,משפטים,3,19,0,BUSY
605,63,מ.ישראל,3,11,1,BUSY
605,63,מ.ישראל,3,15,1,FREE
305,10,משפטים,3,11,1,BUSY
305,10,משפטים,3,14,1,BUSY
304,61,משפטים,3,13,0,FREE
304,61,משפטים,3,15,1,BUSY
604,202,מ.ישראל,3,17,0,FREE
604,202,מ.ישראל,3,19,0,FREE
211,25,nan,3,18,0,FREE
211,25,nan,3,8,1,BUSY
304,25,משפטים,3,10,1,BUSY
304,25,משפטים,3,17,0,FREE
1105,53,הנדסה,3,11,1,BUSY
1105,53,הנדסה,3,8,0,FREE
1401,53,nan,3,14,0,FREE
1401,53,nan,3,8,0,BUSY
305,2,משפטים,3,9,0,FREE
305,2,משפטים,3,18,0,FREE
305,4,משפטים,3,18,1,BUSY
305,4,משפטים,3,9,1,FREE
502,23,מ.ישראל,3,13,0,FREE
502,23,מ.ישראל,3,17,1,BUSY
503,1,מ.ישראל,3,11,0,FREE
503,1,מ.ישראל,3,19,0,FREE
404,113,יהדות,3,10,1,BUSY
404,113,יהדות,3,19,0,FREE
404,201,יהדות,3,8,1,BUSY
404,201,יהדות,3,19,0,FREE
505,203,מ.ישראל,3,12,0,BUSY
505,203,מ.ישראל,3,19,0,FREE
1005,19,רוח,3,8,0,FREE
1005,19,רוח,3,10,0,FREE
1005,108,רוח,3,18,0,FREE
1005,108,רוח,3,17,0,FREE
1005,201,רוח,3,11,1,BUSY
1005,201,רוח,3,17,1,BUSY
1005,209,רוח,3,8,0,FREE
1005,209,רוח,3,9,0,FREE
1005,207,רוח,3,15,1,BUSY
1005,207,רוח,3,14,1,FREE
1005,203,רוח,3,10,0,FREE
1005,203,רוח,3,8,0,FREE
604,201,מ.ישראל,3,12,0,BUSY
604,201,מ.ישראל,3,14,0,FREE
305,105,משפטים,3,9,0,FREE
305,105,משפטים,3,10,0,FREE
507,37,מ.ישראל,3,11,0,FREE
507,37,מ.ישראל,3,12,0,FREE
1104,42,הנדסה,3,14,1,FREE
1104,42,הנדסה,3,15,1,BUSY
1105,42,הנדסה,3,16,0,BUSY
1105,42,הנדסה,3,10,0,FREE
1103,22,הנדסה,3,11,1,BUSY
1103,22,הנדסה,3,9,1,BUSY
902,9,חברה,3,15,1,BUSY
902,9,חברה,3,19,0,FREE
304,9,משפטים,3,8,0,FREE
304,9,משפטים,3,9,0,FREE
1105,271,הנדסה,3,11,1,BUSY
1105,271,הנדסה,3,19,1,FREE
1104,271,הנדסה,3,15,1,BUSY
1104,271,הנדסה,3,16,1,BUSY
507,61,מ.ישראל,3,11,0,FREE
507,61,מ.ישראל,3,10,0,FREE
213,304,טבע,3,16,1,BUSY
213,304,טבע,3,10,0,FREE
213,320,טבע,3,16,0,FREE
213,320,טבע,3,17,0,BUSY
1004,203,רוח,3,8,0,FREE
1004,203,רוח,3,13,1,BUSY
1004,212,רוח,3,8,0,FREE
1004,212,רוח,3,16,1,BUSY
410,328,יהדות,3,9,0,BUSY
410,328,יהדות,3,13,0,BUSY
410,332,יהדות,3,19,0,FREE
410,332,יהדות,3,12,1,BUSY
604,204,מ.ישראל,3,19,0,FREE
604,204,מ.ישראל,3,15,0,BUSY
1002,203,רוח,3,13,0,FREE
1002,203,רוח,3,11,0,BUSY
202,301,טבע,3,17,1,BUSY
202,301,טבע,3,18,1,BUSY
203,4,טבע,3,18,0,FREE
203,4,טבע,3,13,0,FREE
202,221,טבע,3,9,0,BUSY
202,221,טבע,3,11,0,FREE
202,205,טבע,3,17,1,BUSY
202,205,טבע,3,11,1,BUSY
202,304,טבע,3,16,0,FREE
202,304,טבע,3,19,0,FREE
202,505,טבע,3,11,1,BUSY
202,505,טבע,3,17,0,FREE
202,203,טבע,3,8,0,FREE
202,203,טבע,3,17,0,FREE
202,303,טבע,3,18,0,BUSY
202,303,טבע,3,19,0,FREE
202,201,טבע,3,16,0,FREE
202,201,טבע,3,15,0,BUSY
202,204,טבע,3,18,0,FREE
202,204,טבע,3,17,0,FREE
505,505,מ.ישראל,3,12,0,FREE
505,505,מ.ישראל,3,14,0,FREE
902,301,חברה,3,8,0,FREE
902,301,חברה,3,16,0,FREE
902,12,חברה,3,19,1,BUSY
902,12,חברה,3,12,1,BUSY
902,107,חברה,3,13,1,BUSY
902,107,חברה,3,16,0,FREE
905,217,חברה,3,13,1,BUSY
905,217,חברה,3,15,0,FREE
902,217,חברה,3,8,0,FREE
902,217,חברה,3,13,0,FREE
902,110,חברה,3,10,0,FREE
902,110,חברה,3,13,0,BUSY
902,109,חברה,3,18,0,FREE
902,109,חברה,3,14,0,BUSY
507,23,מ.ישראל,3,16,0,FREE
507,23,מ.ישראל,3,15,0,FREE
1004,406,רוח,3,13,0,FREE
1004,406,רוח,3,9,0,FREE
1105,368,הנדסה,3,8,0,FREE
1105,368,הנדסה,3,19,1,BUSY
1102,2,הנדסה,3,11,1,BUSY
1102,2,הנדסה,3,16,1,BUSY
1104,244,הנדסה,3,16,1,BUSY
1104,244,הנדסה,3,17,1,BUSY
1104,249,הנדסה,3,12,1,BUSY
1104,249,הנדסה,3,10,1,BUSY
1104,243,הנדסה,3,14,1,BUSY
1104,243,הנדסה,3,11,1,BUSY
1103,42,הנדסה,3,8,0,FREE
1103,42,הנדסה,3,14,0,BUSY
1401,4,nan,3,10,0,FREE
1401,4,nan,3,8,0,FREE
1105,3,הנדסה,3,16,0,FREE
1105,3,הנדסה,3,14,0,FREE
1102,4,הנדסה,3,17,0,BUSY
1102,4,הנדסה,3,12,0,BUSY
A1300,2,מעונות,3,15,1,BUSY
A1300,2,מעונות,3,19,0,FREE
A1300,1,מעונות,3,18,0,FREE
A1300,1,מעונות,3,15,1,BUSY
901,4,חברה,3,8,0,FREE
901,4,חברה,3,19,0,FREE
1103,223,הנדסה,3,19,0,BUSY
1103,223,הנדסה,3,8,0,FREE
1102,205,הנדסה,3,14,0,BUSY
1102,205,הנדסה,3,12,0,FREE
1105,366,הנדסה,3,9,0,BUSY
1105,366,הנדסה,3,15,1,BUSY
1104,344,הנדסה,3,16,0,BUSY
1104,344,הנדסה,3,13,1,BUSY
1104,347,הנדסה,3,13,0,BUSY
1104,347,הנדסה,3,15,0,FREE
1103,224,הנדסה,3,14,0,FREE
1103,224,הנדסה,3,18,0,FREE
1002,112,רוח,3,17,0,FREE
1002,112,רוח,3,16,0,FREE
905,119,חברה,3,8,1,BUSY
905,119,חברה,3,19,0,FREE
905,118,חברה,3,15,1,BUSY
905,118,חברה,3,13,0,FREE
905,319,חברה,3,12,0,BUSY
905,319,חברה,3,18,0,FREE
905,418,חברה,3,19,0,FREE
905,418,חברה,3,8,0,FREE
905,416,חברה,3,9,0,FREE
905,416,חברה,3,14,0,BUSY
905,211,חברה,3,16,0,BUSY
905,211,חברה,3,12,0,FREE
905,321,חברה,3,9,0,FREE
905,321,חברה,3,19,0,BUSY
905,311,חברה,3,8,0,FREE
905,311,חברה,3,13,0,FREE
905,2,חברה,3,9,0,BUSY
905,2,חברה,3,15,0,FREE
905,317,חברה,3,12,0,BUSY
905,317,חברה,3,19,0,FREE
502,63,מ.ישראל,3,13,1,BUSY
502,63,מ.ישראל,3,12,1,BUSY
212,214,טבע,3,9,0,BUSY
212,214,טבע,3,19,0,FREE
211,21,nan,3,14,1,BUSY
211,21,nan,3,17,1,BUSY
211,17,nan,3,9,1,BUSY
211,17,nan,3,13,0,FREE
505,7,מ.ישראל,3,11,0,BUSY
505,7,מ.ישראל,3,14,0,FREE
212,212,nan,3,14,0,FREE
212,212,nan,3,16,0,FREE
212,1,טבע,3,18,0,BUSY
212,1,טבע,3,19,0,FREE
304,4,משפטים,3,14,0,FREE
304,4,משפטים,3,15,0,FREE
403,3,יהדות,3,13,0,BUSY
403,3,יהדות,3,17,0,FREE
905,25,חברה,3,9,0,FREE
905,25,חברה,3,17,0,FREE
212,310,טבע,3,10,1,FREE
212,310,טבע,3,17,1,BUSY
212,1,nan,3,9,0,FREE
212,1,nan,3,11,1,BUSY
212,3,טבע,3,11,0,BUSY
212,3,טבע,3,13,0,BUSY
212,21,nan,3,12,0,BUSY
212,21,nan,3,13,0,FREE
203,212,טבע,3,12,0,FREE
203,212,טבע,3,17,0,FREE
304,69,משפטים,3,8,0,FREE
304,69,משפטים,3,9,0,BUSY
305,11,משפטים,3,18,0,FREE
305,11,משפטים,3,15,0,FREE
901,11,חברה,3,16,0,FREE
901,11,חברה,3,19,0,FREE
211,3,nan,3,18,0,FREE
211,3,nan,3,13,0,FREE
213,61,טבע,3,10,0,FREE
213,61,טבע,3,16,0,FREE
211,9,nan,3,18,0,BUSY
211,9,nan,3,15,0,FREE
902,1,חברה,3,18,0,FREE
902,1,חברה,3,10,0,FREE
304,7,משפטים,3,12,0,FREE
304,7,משפטים,3,10,0,FREE
403,1,מינץ,3,15,0,FREE
403,1,מינץ,3,16,0,FREE
211,7,nan,3,9,0,FREE
211,7,nan,3,16,1,BUSY
501,11,מ.ישראל,3,16,0,BUSY
501,11,מ.ישראל,3,17,0,BUSY
507,11,מ.ישראל,3,19,0,BUSY
507,11,מ.ישראל,3,17,1,BUSY
1401,7,nan,3,18,0,FREE
1401,7,nan,3,8,0,FREE
211,63,nan,3,19,0,FREE
211,63,nan,3,8,0,FREE
105,134,סטודנטים,3,17,0,BUSY
105,134,סטודנטים,3,14,0,BUSY
305,3,משפטים,3,9,0,FREE
305,3,משפטים,3,15,0,FREE
404,133,יהדות,3,8,0,BUSY
404,133,יהדות,3,19,0,FREE
306,1,משפטים,3,9,0,FREE
306,1,משפטים,3,13,0,FREE
304,132,משפטים,3,19,0,FREE
304,132,משפטים,3,13,0,FREE
105,132,סטודנטים,3,17,0,BUSY
105,132,סטודנטים,3,18,0,FREE
404,134,יהדות,3,16,0,FREE
404,134,יהדות,3,19,0,FREE
404,65,יהדות,3,19,0,FREE
404,65,יהדות,3,12,0,FREE
102,133,סטודנטים,3,11,0,FREE
102,133,סטודנטים,3,10,0,FREE
305,104,משפטים,3,12,0,FREE
305,104,משפטים,3,10,0,FREE
507,10,מ.ישראל,3,9,0,BUSY
507,10,מ.ישראל,3,16,0,FREE
507,62,מ.ישראל,3,9,0,FREE
507,62,מ.ישראל,3,13,0,FREE
604,309,מ.ישראל,3,11,1,BUSY
604,309,מ.ישראל,3,13,1,BUSY
901,101,חברה,3,18,0,FREE
901,101,חברה,3,12,1,BUSY
901,102,חברה,3,18,0,BUSY
901,102,חברה,3,15,1,FREE
301,202,פלדמן,3,18,0,FREE
301,202,פלדמן,3,8,0,FREE
905,104,חברה,3,12,0,BUSY
905,104,חברה,3,14,0,FREE
507,107,מ.ישראל,4,12,1,BUSY
507,107,מ.ישראל,4,11,1,BUSY
905,61,חברה,4,18,1,BUSY
905,61,חברה,4,10,1,BUSY
1401,2,nan,4,12,0,FREE
1401,2,nan,4,19,0,FREE
402,63,יהדות,4,19,0,FREE
402,63,יהדות,4,15,0,FREE
203,221,טבע,4,8,0,BUSY
203,221,טבע,4,10,1,BUSY
1002,1,רוח,4,14,0,FREE
1002,1,רוח,4,17,0,FREE
604,63,מ.ישראל,4,9,1,BUSY
604,63,מ.ישראל,4,13,1,BUSY
604,64,מ.ישראל,4,16,1,BUSY
604,64,מ.ישראל,4,15,1,BUSY
604,105,מ.ישראל,4,13,1,BUSY
604,105,מ.ישראל,4,14,1,BUSY
403,211,יהדות,4,10,1,BUSY
403,211,יהדות,4,17,0,FREE
604,102,מ.ישראל,4,8,1,BUSY
604,102,מ.ישראל,4,15,1,BUSY
403,217,יהדות,4,13,0,FREE
403,217,יהדות,4,12,0,FREE
305,133,משפטים,4,17,0,FREE
305,133,משפטים,4,10,1,BUSY
504,2,מ.ישראל,4,9,0,FREE
504,2,מ.ישראל,4,18,0,FREE
507,102,מ.ישראל,4,18,1,FREE
507,102,מ.ישראל,4,19,1,BUSY
604,62,מ.ישראל,4,10,0,FREE
604,62,מ.ישראל,4,11,0,FREE
1002,405,רוח,4,13,0,FREE
1002,405,רוח,4,16,0,FREE
902,210,חברה,4,12,1,BUSY
902,210,חברה,4,8,1,BUSY
508,7,מ.ישראל,4,13,0,FREE
508,7,מ.ישראל,4,8,0,FREE
502,8,מ.ישראל,4,16,0,FREE
502,8,מ.ישראל,4,8,0,FREE
605,104,מ.ישראל,4,16,1,BUSY
605,104,מ.ישראל,4,10,0,BUSY
1002,61,רוח,4,14,1,FREE
1002,61,רוח,4,9,0,FREE
507,4,מ.ישראל,4,15,1,BUSY
507,4,מ.ישראל,4,13,1,BUSY
504,4,מ.ישראל,4,18,1,BUSY
504,4,מ.ישראל,4,9,0,FREE
1002,202,רוח,4,8,0,FREE
1002,202,רוח,4,19,1,BUSY
502,6,מ.ישראל,4,19,1,FREE
502,6,מ.ישראל,4,18,1,BUSY
502,7,מ.ישראל,4,13,0,BUSY
502,7,מ.ישראל,4,19,0,FREE
505,4,מ.ישראל,4,10,0,BUSY
505,4,מ.ישראל,4,13,0,FREE
502,9,מ.ישראל,4,16,0,FREE
502,9,מ.ישראל,4,11,1,FREE
1005,109,רוח,4,10,0,FREE
1005,109,רוח,4,12,0,FREE
902,103,חברה,4,13,1,FREE
902,103,חברה,4,15,1,BUSY
502,37,מ.ישראל,4,11,0,BUSY
502,37,מ.ישראל,4,17,1,BUSY
902,201,חברה,4,11,1,BUSY
902,201,חברה,4,16,1,BUSY
604,205,מ.ישראל,4,13,1,BUSY
604,205,מ.ישראל,4,9,1,BUSY
505,63,מ.ישראל,4,10,1,BUSY
505,63,מ.ישראל,4,13,0,FREE
504,5,מ.ישראל,4,17,1,BUSY
504,5,מ.ישראל,4,11,0,FREE
305,5,משפטים,4,15,0,FREE
305,5,משפטים,4,16,0,FREE
605,14,מ.ישראל,4,9,0,FREE
605,14,מ.ישראל,4,8,0,FREE
505,105,מ.ישראל,4,16,1,BUSY
505,105,מ.ישראל,4,8,0,BUSY
502,24,מ.ישראל,4,11,0,FREE
502,24,מ.ישראל,4,17,0,FREE
505,5,מ.ישראל,4,15,0,FREE
505,5,מ.ישראל,4,10,1,BUSY
404,68,יהדות,4,9,0,FREE
404,68,יהדות,4,18,1,FREE
305,134,משפטים,4,15,1,BUSY
305,134,משפטים,4,11,1,BUSY
105,103,סטודנטים,4,17,1,BUSY
105,103,סטודנטים,4,18,0,FREE
105,104,סטודנטים,4,8,0,FREE
105,104,סטודנטים,4,10,1,BUSY
105,101,סטודנטים,4,19,0,FREE
105,101,סטודנטים,4,10,1,BUSY
105,102,סטודנטים,4,15,1,BUSY
105,102,סטודנטים,4,9,1,BUSY
105,1,סטודנטים,4,16,1,FREE
105,1,סטודנטים,4,13,0,BUSY
304,3,משפטים,4,11,1,BUSY
304,3,משפטים,4,18,1,FREE
305,6,משפטים,4,13,1,FREE
305,6,משפטים,4,15,0,BUSY
105,61,סטודנטים,4,14,1,BUSY
105,61,סטודנטים,4,16,1,BUSY
105,2,סטודנטים,4,16,0,FREE
105,2,סטודנטים,4,18,0,FREE
304,2,משפטים,4,15,1,FREE
304,2,משפטים,4,19,0,FREE
105,3,סטודנטים,4,8,0,BUSY
105,3,סטודנטים,4,16,0,BUSY
605,101,מ.ישראל,4,13,1,BUSY
605,101,מ.ישראל,4,10,1,BUSY
605,102,מ.ישראל,4,11,1,BUSY
605,102,מ.ישראל,4,19,0,FREE
604,11,מ.ישראל,4,15,0,BUSY
604,11,מ.ישראל,4,17,0,FREE
605,11,מ.ישראל,4,15,1,BUSY
605,11,מ.ישראל,4,17,1,BUSY
604,12,מ.ישראל,4,16,1,BUSY
604,12,מ.ישראל,4,9,0,BUSY
504,6,מ.ישראל,4,9,0,FREE
504,6,מ.ישראל,4,19,0,FREE
605,202,מ.ישראל,4,9,0,FREE
605,202,מ.ישראל,4,19,0,FREE
604,14,מ.ישראל,4,15,1,BUSY
604,14,מ.ישראל,4,10,1,BUSY
507,101,מ.ישראל,4,16,1,BUSY
507,101,מ.ישראל,4,11,1,FREE
507,103,מ.ישראל,4,11,1,BUSY
507,103,מ.ישראל,4,9,1,FREE
504,7,מ.ישראל,4,13,0,FREE
504,7,מ.ישראל,4,11,1,BUSY
604,13,מ.ישראל,4,18,0,FREE
604,13,מ.ישראל,4,17,1,FREE
505,1,מ.ישראל,4,9,0,BUSY
505,1,מ.ישראל,4,19,0,FREE
504,3,מ.ישראל,4,15,0,FREE
504,3,מ.ישראל,4,11,0,FREE
604,101,מ.ישראל,4,17,1,FREE
604,101,מ.ישראל,4,13,1,BUSY
507,201,מ.ישראל,4,14,0,FREE
507,201,מ.ישראל,4,13,0,FREE
403,67,יהדות,4,18,1,FREE
403,67,יהדות,4,12,0,FREE
507,204,מ.ישראל,4,14,0,BUSY
507,204,מ.ישראל,4,9,1,BUSY
505,106,מ.ישראל,4,8,1,BUSY
505,106,מ.ישראל,4,9,1,BUSY
505,62,מ.ישראל,4,17,1,BUSY
505,62,מ.ישראל,4,12,1,BUSY
505,104,מ.ישראל,4,17,1,FREE
505,104,מ.ישראל,4,18,1,BUSY
605,13,מ.ישראל,4,18,0,FREE
605,13,מ.ישראל,4,16,0,FREE
501,25,מ.ישראל,4,18,0,FREE
501,25,מ.ישראל,4,9,1,BUSY
505,201,מ.ישראל,4,16,0,FREE
505,201,מ.ישראל,4,19,0,FREE
505,3,מ.ישראל,4,19,1,BUSY
505,3,מ.ישראל,4,16,1,BUSY
507,207,מ.ישראל,4,17,1,FREE
507,207,מ.ישראל,4,12,0,BUSY
604,61,מ.ישראל,4,16,0,FREE
604,61,מ.ישראל,4,15,0,BUSY
507,2,מ.ישראל,4,18,1,BUSY
507,2,מ.ישראל,4,16,0,FREE
505,101,מ.ישראל,4,13,0,FREE
505,101,מ.ישראל,4,12,0,FREE
905,417,חברה,4,13,1,BUSY
905,417,חברה,4,12,1,BUSY
504,1,מ.ישראל,4,17,0,FREE
504,1,מ.ישראל,4,10,0,FREE
605,201,מ.ישראל,4,12,0,FREE
605,201,מ.ישראל,4,19,0,FREE
604,104,מ.ישראל,4,12,1,BUSY
604,104,מ.ישראל,4,13,1,BUSY
213,4,טבע,4,19,0,BUSY
213,4,טבע,4,17,0,FREE
105,4,סטודנטים,4,13,0,FREE
105,4,סטודנטים,4,18,1,BUSY
102,2,סטודנטים,4,17,1,BUSY
102,2,סטודנטים,4,18,0,FREE
105,5,סטודנטים,4,18,0,FREE
105,5,סטודנטים,4,11,0,FREE
105,105,סטודנטים,4,12,0,BUSY
105,105,סטודנטים,4,19,0,FREE
207,1,טבע,4,19,1,BUSY
207,1,טבע,4,16,1,FREE
105,106,סטודנטים,4,9,0,FREE
105,106,סטודנטים,4,14,0,FREE
404,115,יהדות,4,10,1,BUSY
404,115,יהדות,4,17,1,BUSY
403,101,יהדות,4,14,0,FREE
403,101,יהדות,4,10,0,FREE
404,102,יהדות,4,8,1,BUSY
404,102,יהדות,4,18,0,FREE
105,6,סטודנטים,4,13,1,BUSY
105,6,סטודנטים,4,8,0,BUSY
102,4,סטודנטים,4,19,0,BUSY
102,4,סטודנטים,4,8,0,BUSY
404,114,יהדות,4,14,1,BUSY
404,114,יהדות,4,12,1,BUSY
306,111,משפטים,4,13,1,FREE
306,111,משפטים,4,17,1,BUSY
505,2,מ.ישראל,4,8,1,BUSY
505,2,מ.ישראל,4,14,1,BUSY
604,2,מ.ישראל,4,11,0,BUSY
604,2,מ.ישראל,4,12,0,BUSY
605,61,מ.ישראל,4,9,0,FREE
605,61,מ.ישראל,4,14,0,BUSY
410,125,יהדות,4,15,1,BUSY
410,125,יהדות,4,9,1,BUSY
410,46,יהדות,4,15,1,BUSY
410,46,יהדות,4,17,1,FREE
403,66,יהדות,4,8,0,FREE
403,66,יהדות,4,11,1,BUSY
502,26,מ.ישראל,4,18,0,BUSY
502,26,מ.ישראל,4,19,0,FREE
502,25,מ.ישראל,4,15,0,FREE
502,25,מ.ישראל,4,19,0,FREE
403,218,יהדות,4,10,1,BUSY
403,218,יהדות,4,9,1,BUSY
403,113,יהדות,4,14,0,FREE
403,113,יהדות,4,17,0,FREE
410,142,יהדות,4,14,1,FREE
410,142,יהדות,4,8,0,FREE
505,61,מ.ישראל,4,11,1,BUSY
505,61,מ.ישראל,4,16,1,BUSY
505,11,מ.ישראל,4,10,0,FREE
505,11,מ.ישראל,4,18,0,FREE
605,105,מ.ישראל,4,16,1,BUSY
605,105,מ.ישראל,4,9,0,FREE
604,1,מ.ישראל,4,17,1,BUSY
604,1,מ.ישראל,4,8,0,FREE
507,14,מ.ישראל,4,15,1,BUSY
507,14,מ.ישראל,4,9,0,FREE
605,4,מ.ישראל,4,12,0,FREE
605,4,מ.ישראל,4,16,0,FREE
502,62,מ.ישראל,4,13,0,FREE
502,62,מ.ישראל,4,9,0,FREE
605,7,מ.ישראל,4,12,0,BUSY
605,7,מ.ישראל,4,15,0,BUSY
507,206,מ.ישראל,4,8,1,BUSY
507,206,מ.ישראל,4,18,1,BUSY
504,206,מ.ישראל,4,13,0,BUSY
504,206,מ.ישראל,4,9,0,FREE
508,103,מ.ישראל,4,18,0,FREE
508,103,מ.ישראל,4,16,0,BUSY
507,106,מ.ישראל,4,17,1,BUSY
507,106,מ.ישראל,4,14,1,FREE
605,106,מ.ישראל,4,14,0,FREE
605,106,מ.ישראל,4,13,0,FREE
507,108,מ.ישראל,4,8,1,BUSY
507,108,מ.ישראל,4,13,0,FREE
505,108,מ.ישראל,4,17,0,FREE
505,108,מ.ישראל,4,14,0,BUSY
505,102,מ.ישראל,4,13,1,FREE
505,102,מ.ישראל,4,16,0,FREE
507,6,מ.ישראל,4,14,0,FREE
507,6,מ.ישראל,4,13,0,FREE
507,208,מ.ישראל,4,14,0,BUSY
507,208,מ.ישראל,4,18,1,BUSY
507,205,מ.ישראל,4,14,0,FREE
507,205,מ.ישראל,4,9,0,FREE
507,3,מ.ישראל,4,14,0,FREE
507,3,מ.ישראל,4,9,0,BUSY
505,103,מ.ישראל,4,18,0,FREE
505,103,מ.ישראל,4,14,1,BUSY
507,209,מ.ישראל,4,17,1,FREE
507,209,מ.ישראל,4,11,1,BUSY
507,202,מ.ישראל,4,17,0,FREE
507,202,מ.ישראל,4,11,0,FREE
605,103,מ.ישראל,4,16,1,BUSY
605,103,מ.ישראל,4,12,0,BUSY
403,2,יהדות,4,16,1,BUSY
403,2,יהדות,4,15,1,BUSY
507,104,מ.ישראל,4,17,1,BUSY
507,104,מ.ישראל,4,13,1,BUSY
507,5,מ.ישראל,4,15,0,FREE
507,5,מ.ישראל,4,17,1,BUSY
507,203,מ.ישראל,4,19,1,BUSY
507,203,מ.ישראל,4,13,1,BUSY
305,132,משפטים,4,18,0,FREE
305,132,משפטים,4,14,1,BUSY
902,101,חברה,4,18,0,FREE
902,101,חברה,4,10,0,BUSY
902,104,חברה,4,18,0,FREE
902,104,חברה,4,19,0,FREE
1005,112,רוח,4,16,0,FREE
1005,112,רוח,4,17,0,FREE
605,65,מ.ישראל,4,15,0,FREE
605,65,מ.ישראל,4,14,0,BUSY
905,116,חברה,4,18,0,FREE
905,116,חברה,4,17,0,FREE
203,226,טבע,4,13,0,BUSY
203,226,טבע,4,9,0,BUSY
902,202,חברה,4,12,1,BUSY
902,202,חברה,4,19,0,FREE
902,102,חברה,4,14,1,BUSY
902,102,חברה,4,11,0,BUSY
1002,201,רוח,4,8,0,FREE
1002,201,רוח,4,13,1,BUSY
605,12,מ.ישראל,4,10,0,FREE
605,12,מ.ישראל,4,13,0,BUSY
502,30,מ.ישראל,4,14,0,BUSY
502,30,מ.ישראל,4,9,0,FREE
504,63,מ.ישראל,4,19,1,FREE
504,63,מ.ישראל,4,14,0,FREE
507,13,מ.ישראל,4,16,0,FREE
507,13,מ.ישראל,4,19,0,FREE
507,105,מ.ישראל,4,10,0,FREE
507,105,מ.ישראל,4,11,0,FREE
604,103,מ.ישראל,4,16,1,BUSY
604,103,מ.ישראל,4,13,1,BUSY
410,26,יהדות,4,15,0,FREE
410,26,יהדות,4,17,0,FREE
410,6,יהדות,4,12,0,BUSY
410,6,יהדות,4,19,0,FREE
404,66,יהדות,4,11,0,FREE
404,66,יהדות,4,8,0,FREE
605,64,מ.ישראל,4,19,1,BUSY
605,64,מ.ישראל,4,10,0,FREE
505,64,מ.ישראל,4,15,0,BUSY
505,64,מ.ישראל,4,8,1,BUSY
403,115,יהדות,4,14,0,FREE
403,115,יהדות,4,13,0,FREE
404,67,יהדות,4,18,1,FREE
404,67,יהדות,4,19,1,FREE
1005,111,רוח,4,11,0,FREE
1005,111,רוח,4,14,1,BUSY
1004,305,רוח,4,8,0,FREE
1004,305,רוח,4,15,0,FREE
404,101,יהדות,4,17,1,FREE
404,101,יהדות,4,15,0,FREE
1002,305,רוח,4,15,0,FREE
1002,305,רוח,4,19,0,FREE
504,208,מ.ישראל,4,11,0,FREE
504,208,מ.ישראל,4,19,0,FREE
211,112,טבע,4,19,1,BUSY
211,112,טבע,4,13,1,BUSY
305,63,משפטים,4,15,1,BUSY
305,63,משפטים,4,19,0,FREE
306,112,משפטים,4,17,0,FREE
306,112,משפטים,4,16,0,FREE
211,106,טבע,4,16,0,FREE
211,106,טבע,4,13,0,BUSY
207,201,טבע,4,12,1,BUSY
207,201,טבע,4,18,1,FREE
305,101,משפטים,4,18,0,FREE
305,101,משפטים,4,8,0,FREE
403,61,יהדות,4,13,0,FREE
403,61,יהדות,4,17,0,FREE
202,202,טבע,4,16,0,FREE
202,202,טבע,4,11,0,FREE
203,106,טבע,4,13,1,FREE
203,106,טבע,4,11,0,BUSY
203,112,טבע,4,19,0,FREE
203,112,טבע,4,11,0,FREE
105,112,סטודנטים,4,16,0,FREE
105,112,סטודנטים,4,17,0,FREE
207,6,טבע,4,8,0,FREE
207,6,טבע,4,10,1,BUSY
207,4,טבע,4,12,0,FREE
207,4,טבע,4,11,0,FREE
207,101,טבע,4,10,1,FREE
207,101,טבע,4,9,1,BUSY
604,6,מ.ישראל,4,17,0,FREE
604,6,מ.ישראל,4,10,0,FREE
211,22,nan,4,16,0,FREE
211,22,nan,4,18,0,FREE
211,4,טבע,4,18,0,FREE
211,4,טבע,4,15,0,FREE
507,7,מ.ישראל,4,10,0,FREE
507,7,מ.ישראל,4,13,1,FREE
1401,3,nan,4,18,0,FREE
1401,3,nan,4,10,0,FREE
905,63,חברה,4,14,0,BUSY
905,63,חברה,4,9,1,BUSY
901,61,חברה,4,13,0,BUSY
901,61,חברה,4,14,0,BUSY
403,69,מינץ,4,10,0,FREE
403,69,מינץ,4,17,0,FREE
1401,63,nan,4,11,0,BUSY
1401,63,nan,4,15,0,FREE
1401,1,nan,4,11,0,FREE
1401,1,nan,4,12,0,BUSY
507,1,מ.ישראל,4,11,0,FREE
507,1,מ.ישראל,4,18,1,BUSY
905,62,חברה,4,12,1,BUSY
905,62,חברה,4,14,0,FREE
504,10,מ.ישראל,4,17,1,BUSY
504,10,מ.ישראל,4,14,0,BUSY
505,202,מ.ישראל,4,14,0,BUSY
505,202,מ.ישראל,4,13,0,FREE
1002,102,רוח,4,11,0,FREE
1002,102,רוח,4,18,1,BUSY
410,226,יהדות,4,10,1,BUSY
410,226,יהדות,4,15,1,BUSY
410,225,יהדות,4,14,0,FREE
410,225,יהדות,4,16,0,FREE
1004,407,רוח,4,10,0,FREE
1004,407,רוח,4,16,0,FREE
1004,402,רוח,4,19,0,FREE
1004,402,רוח,4,18,0,BUSY
505,65,מ.ישראל,4,12,0,BUSY
505,65,מ.ישראל,4,19,1,BUSY
505,204,מ.ישראל,4,8,0,BUSY
505,204,מ.ישראל,4,17,0,FREE
304,1,משפטים,4,19,0,FREE
304,1,משפטים,4,15,1,BUSY
605,63,מ.ישראל,4,15,0,FREE
605,63,מ.ישראל,4,16,0,FREE
305,10,משפטים,4,13,1,BUSY
305,10,משפטים,4,14,0,BUSY
304,61,משפטים,4,15,0,FREE
304,61,משפטים,4,14,0,BUSY
604,202,מ.ישראל,4,10,0,FREE
604,202,מ.ישראל,4,15,1,BUSY
211,25,nan,4,15,1,BUSY
211,25,nan,4,19,0,FREE
304,25,משפטים,4,8,0,FREE
304,25,משפטים,4,10,0,FREE
1105,53,הנדסה,4,15,0,FREE
1105,53,הנדסה,4,18,0,FREE
1401,53,nan,4,8,0,FREE
1401,53,nan,4,18,0,FREE
305,2,משפטים,4,12,0,FREE
305,2,משפטים,4,10,0,FREE
305,4,משפטים,4,8,0,FREE
305,4,משפטים,4,9,0,FREE
502,23,מ.ישראל,4,13,0,FREE
502,23,מ.ישראל,4,14,0,FREE
503,1,מ.ישראל,4,12,1,BUSY
503,1,מ.ישראל,4,11,0,FREE
404,113,יהדות,4,18,0,FREE
404,113,יהדות,4,11,0,BUSY
404,201,יהדות,4,18,0,FREE
404,201,יהדות,4,19,0,FREE
505,203,מ.ישראל,4,9,1,BUSY
505,203,מ.ישראל,4,12,0,FREE
1005,19,רוח,4,11,1,BUSY
1005,19,רוח,4,16,1,FREE
1005,108,רוח,4,13,0,FREE
1005,108,רוח,4,12,0,FREE
1005,201,רוח,4,8,0,BUSY
1005,201,רוח,4,9,0,BUSY
1005,209,רוח,4,10,0,FREE
1005,209,רוח,4,11,0,FREE
1005,207,רוח,4,12,0,FREE
1005,207,רוח,4,17,0,FREE
1005,203,רוח,4,14,0,BUSY
1005,203,רוח,4,15,0,FREE
604,201,מ.ישראל,4,12,0,BUSY
604,201,מ.ישראל,4,17,1,FREE
305,105,משפטים,4,13,0,FREE
305,105,משפטים,4,9,0,FREE
507,37,מ.ישראל,4,16,0,FREE
507,37,מ.ישראל,4,19,0,FREE
1104,42,הנדסה,4,19,0,BUSY
1104,42,הנדסה,4,9,1,BUSY
1105,42,הנדסה,4,19,0,FREE
1105,42,הנדסה,4,17,0,FREE
1103,22,הנדסה,4,17,1,FREE
1103,22,הנדסה,4,14,1,BUSY
902,9,חברה,4,16,0,FREE
902,9,חברה,4,17,0,FREE
304,9,משפטים,4,12,0,BUSY
304,9,משפטים,4,10,0,FREE
1105,271,הנדסה,4,11,1,FREE
1105,271,הנדסה,4,16,1,FREE
1104,271,הנדסה,4,12,0,BUSY
1104,271,הנדסה,4,9,0,FREE
507,61,מ.ישראל,4,14,0,FREE
507,61,מ.ישראל,4,10,1,BUSY
213,304,טבע,4,9,0,FREE
213,304,טבע,4,17,0,FREE
213,320,טבע,4,16,0,FREE
213,320,טבע,4,14,0,FREE
1004,203,רוח,4,17,0,FREE
1004,203,רוח,4,16,0,FREE
1004,212,רוח,4,11,0,FREE
1004,212,רוח,4,10,0,BUSY
410,328,יהדות,4,19,0,FREE
410,328,יהדות,4,10,0,FREE
410,332,יהדות,4,19,0,FREE
410,332,יהדות,4,11,0,BUSY
604,204,מ.ישראל,4,14,1,BUSY
604,204,מ.ישראל,4,15,1,BUSY
1002,203,רוח,4,11,1,BUSY
1002,203,רוח,4,9,0,FREE
202,301,טבע,4,9,0,BUSY
202,301,טבע,4,15,1,BUSY
203,4,טבע,4,13,0,BUSY
203,4,טבע,4,8,0,FREE
202,221,טבע,4,12,0,FREE
202,221,טבע,4,11,0,FREE
202,205,טבע,4,13,0,BUSY
202,205,טבע,4,16,0,FREE
202,304,טבע,4,14,0,BUSY
202,304,טבע,4,9,0,BUSY
202,505,טבע,4,16,1,BUSY
202,505,טבע,4,10,1,BUSY
202,203,טבע,4,13,0,BUSY
202,203,טבע,4,12,0,BUSY
202,303,טבע,4,10,1,BUSY
202,303,טבע,4,11,1,FREE
202,201,טבע,4,13,1,BUSY
202,201,טבע,4,12,1,BUSY
202,204,טבע,4,14,0,BUSY
202,204,טבע,4,13,0,BUSY
505,505,מ.ישראל,4,14,0,FREE
505,505,מ.ישראל,4,15,0,FREE
902,301,חברה,4,12,1,FREE
902,301,חברה,4,10,1,BUSY
902,12,חברה,4,9,1,BUSY
902,12,חברה,4,19,1,BUSY
902,107,חברה,4,13,0,BUSY
902,107,חברה,4,8,0,FREE
905,217,חברה,4,19,1,BUSY
905,217,חברה,4,9,1,BUSY
902,217,חברה,4,18,0,FREE
902,217,חברה,4,11,0,FREE
902,110,חברה,4,10,0,FREE
902,110,חברה,4,14,0,FREE
902,109,חברה,4,15,0,FREE
902,109,חברה,4,19,0,FREE
507,23,מ.ישראל,4,18,0,FREE
507,23,מ.ישראל,4,17,0,FREE
1004,406,רוח,4,9,0,FREE
1004,406,רוח,4,10,0,FREE
1105,368,הנדסה,4,15,1,FREE
1105,368,הנדסה,4,14,1,FREE
1102,2,הנדסה,4,14,0,BUSY
1102,2,הנדסה,4,19,0,FREE
1104,244,הנדסה,4,12,1,FREE
1104,244,הנדסה,4,16,1,BUSY
1104,249,הנדסה,4,9,1,BUSY
1104,249,הנדסה,4,12,1,BUSY
1104,243,הנדסה,4,11,1,BUSY
1104,243,הנדסה,4,8,0,FREE
1103,42,הנדסה,4,19,0,FREE
1103,42,הנדסה,4,18,0,FREE
1401,4,nan,4,12,0,FREE
1401,4,nan,4,14,0,FREE
1105,3,הנדסה,4,17,0,BUSY
1105,3,הנדסה,4,8,0,BUSY
1102,4,הנדסה,4,11,0,FREE
1102,4,הנדסה,4,10,0,BUSY
A1300,2,מעונות,4,9,1,FREE
A1300,2,מעונות,4,18,0,FREE
A1300,1,מעונות,4,11,1,BUSY
A1300,1,מעונות,4,14,1,BUSY
901,4,חברה,4,10,0,FREE
901,4,חברה,4,18,0,FREE
1103,223,הנדסה,4,13,1,BUSY
1103,223,הנדסה,4,15,1,FREE
1102,205,הנדסה,4,13,0,FREE
1102,205,הנדסה,4,17,0,FREE
1105,366,הנדסה,4,15,0,FREE
1105,366,הנדסה,4,19,0,FREE
1104,344,הנדסה,4,17,0,FREE
1104,344,הנדסה,4,12,1,BUSY
1104,347,הנדסה,4,19,0,FREE
1104,347,הנדסה,4,9,0,BUSY
1103,224,הנדסה,4,19,0,FREE
1103,224,הנדסה,4,15,1,BUSY
1002,112,רוח,4,12,0,FREE
1002,112,רוח,4,14,0,FREE
905,119,חברה,4,9,1,BUSY
905,119,חברה,4,11,1,BUSY
905,118,חברה,4,11,1,BUSY
905,118,חברה,4,14,1,BUSY
905,319,חברה,4,18,1,BUSY
905,319,חברה,4,19,1,BUSY
905,418,חברה,4,15,1,BUSY
905,418,חברה,4,8,1,BUSY
905,416,חברה,4,12,0,FREE
905,416,חברה,4,9,0,FREE
905,211,חברה,4,15,1,BUSY
905,211,חברה,4,18,0,FREE
905,321,חברה,4,19,0,FREE
905,321,חברה,4,9,0,FREE
905,311,חברה,4,10,0,FREE
905,311,חברה,4,17,0,FREE
905,2,חברה,4,11,0,FREE
905,2,חברה,4,8,0,FREE
905,317,חברה,4,14,0,FREE
905,317,חברה,4,10,0,FREE
502,63,מ.ישראל,4,8,0,BUSY
502,63,מ.ישראל,4,16,0,FREE
212,214,טבע,4,12,0,BUSY
212,214,טבע,4,9,0,BUSY
211,21,nan,4,11,0,FREE
211,21,nan,4,18,0,FREE
211,17,nan,4,12,1,BUSY
211,17,nan,4,13,1,FREE
505,7,מ.ישראל,4,11,0,FREE
505,7,מ.ישראל,4,8,0,FREE
212,212,nan,4,13,0,BUSY
212,212,nan,4,19,0,FREE
212,1,טבע,4,19,0,FREE
212,1,טבע,4,17,0,BUSY
304,4,משפטים,4,11,0,FREE
304,4,משפטים,4,13,1,BUSY
403,3,יהדות,4,18,0,FREE
403,3,יהדות,4,11,0,BUSY
905,25,חברה,4,9,0,BUSY
905,25,חברה,4,18,0,FREE
212,310,טבע,4,8,0,FREE
212,310,טבע,4,17,0,FREE
212,1,nan,4,14,0,FREE
212,1,nan,4,15,0,FREE
212,3,טבע,4,8,0,FREE
212,3,טבע,4,13,0,FREE
212,21,nan,4,11,0,FREE
212,21,nan,4,17,0,FREE
203,212,טבע,4,8,0,FREE
203,212,טבע,4,16,0,FREE
304,69,משפטים,4,16,0,FREE
304,69,משפטים,4,13,0,FREE
305,11,משפטים,4,17,0,FREE
305,11,משפטים,4,10,0,BUSY
901,11,חברה,4,12,1,BUSY
901,11,חברה,4,14,0,BUSY
211,3,nan,4,17,0,FREE
211,3,nan,4,10,0,FREE
213,61,טבע,4,12,0,BUSY
213,61,טבע,4,13,0,FREE
211,9,nan,4,14,0,FREE
211,9,nan,4,15,0,FREE
902,1,חברה,4,12,0,BUSY
902,1,חברה,4,9,0,FREE
304,7,משפטים,4,8,0,FREE
304,7,משפטים,4,16,0,FREE
403,1,מינץ,4,13,1,BUSY
403,1,מינץ,4,16,1,BUSY
211,7,nan,4,8,0,FREE
211,7,nan,4,18,0,FREE
501,11,מ.ישראל,4,19,0,FREE
501,11,מ.ישראל,4,9,0,FREE
507,11,מ.ישראל,4,12,0,FREE
507,11,מ.ישראל,4,14,0,FREE
1401,7,nan,4,8,0,BUSY
1401,7,nan,4,9,0,BUSY
211,63,nan,4,16,1,FREE
211,63,nan,4,15,1,BUSY
105,134,סטודנטים,4,13,0,FREE
105,134,סטודנטים,4,8,0,FREE
305,3,משפטים,4,19,0,FREE
305,3,משפטים,4,8,0,FREE
404,133,יהדות,4,12,0,FREE
404,133,יהדות,4,19,0,FREE
306,1,משפטים,4,16,0,FREE
306,1,משפטים,4,10,0,FREE
304,132,משפטים,4,9,0,FREE
304,132,משפטים,4,10,0,FREE
105,132,סטודנטים,4,17,0,FREE
105,132,סטודנטים,4,11,0,BUSY
404,134,יהדות,4,16,0,FREE
404,134,יהדות,4,14,0,FREE
404,65,יהדות,4,16,0,FREE
404,65,יהדות,4,8,0,FREE
102,133,סטודנטים,4,11,0,FREE
102,133,סטודנטים,4,9,0,FREE
305,104,משפטים,4,16,0,FREE
305,104,משפטים,4,9,0,BUSY
507,10,מ.ישראל,4,14,0,BUSY
507,10,מ.ישראל,4,15,0,BUSY
507,62,מ.ישראל,4,8,0,FREE
507,62,מ.ישראל,4,15,0,BUSY
604,309,מ.ישראל,4,17,0,FREE
604,309,מ.ישראל,4,15,0,BUSY
901,101,חברה,4,12,1,BUSY
901,101,חברה,4,14,1,FREE
901,102,חברה,4,16,0,FREE
901,102,חברה,4,14,0,FREE
301,202,פלדמן,4,19,0,FREE
301,202,פלדמן,4,9,0,FREE
905,104,חברה,4,14,0,BUSY
905,104,חברה,4,11,0,BUSY
507,107,מ.ישראל,0,17,1,BUSY
507,107,מ.ישראל,0,11,1,BUSY
905,61,חברה,0,12,1,BUSY
905,61,חברה,0,14,1,BUSY
1401,2,nan,0,16,1,BUSY
1401,2,nan,0,8,0,FREE
402,63,יהדות,0,18,1,BUSY
402,63,יהדות,0,10,1,BUSY
203,221,טבע,0,17,0,FREE
203,221,טבע,0,8,0,FREE
1002,1,רוח,0,8,1,BUSY
1002,1,רוח,0,14,1,BUSY
604,63,מ.ישראל,0,11,0,BUSY
604,63,מ.ישראל,0,14,1,BUSY
604,64,מ.ישראל,0,14,1,BUSY
604,64,מ.ישראל,0,15,1,BUSY
604,105,מ.ישראל,0,17,1,FREE
604,105,מ.ישראל,0,13,1,BUSY
403,211,יהדות,0,19,0,FREE
403,211,יהדות,0,17,0,FREE
604,102,מ.ישראל,0,9,1,BUSY
604,102,מ.ישראל,0,18,1,BUSY
403,217,יהדות,0,12,1,BUSY
403,217,יהדות,0,9,1,BUSY
305,133,משפטים,0,10,1,BUSY
305,133,משפטים,0,16,0,BUSY
504,2,מ.ישראל,0,14,1,FREE
504,2,מ.ישראל,0,8,1,BUSY
507,102,מ.ישראל,0,11,1,BUSY
507,102,מ.ישראל,0,10,1,FREE
604,62,מ.ישראל,0,18,1,BUSY
604,62,מ.ישראל,0,15,1,BUSY
1002,405,רוח,0,12,1,BUSY
1002,405,רוח,0,18,0,FREE
902,210,חברה,0,16,1,BUSY
902,210,חברה,0,15,1,BUSY
508,7,מ.ישראל,0,17,1,FREE
508,7,מ.ישראל,0,13,1,BUSY
502,8,מ.ישראל,0,16,0,BUSY
502,8,מ.ישראל,0,14,1,FREE
605,104,מ.ישראל,0,12,0,FREE
605,104,מ.ישראל,0,13,0,BUSY
1002,61,רוח,0,8,0,FREE
1002,61,רוח,0,15,0,BUSY
507,4,מ.ישראל,0,12,1,BUSY
507,4,מ.ישראל,0,15,1,BUSY
504,4,מ.ישראל,0,15,1,BUSY
504,4,מ.ישראל,0,18,1,BUSY
1002,202,רוח,0,14,1,BUSY
1002,202,רוח,0,19,1,BUSY
502,6,מ.ישראל,0,15,0,FREE
502,6,מ.ישראל,0,17,0,FREE
502,7,מ.ישראל,0,16,0,FREE
502,7,מ.ישראל,0,8,0,FREE
505,4,מ.ישראל,0,14,0,BUSY
505,4,מ.ישראל,0,16,0,FREE
502,9,מ.ישראל,0,19,0,BUSY
502,9,מ.ישראל,0,12,0,FREE
1005,109,רוח,0,11,0,FREE
1005,109,רוח,0,9,0,FREE
902,103,חברה,0,12,1,BUSY
902,103,חברה,0,19,0,FREE
502,37,מ.ישראל,0,9,0,FREE
502,37,מ.ישראל,0,17,1,BUSY
902,201,חברה,0,10,0,BUSY
902,201,חברה,0,14,1,BUSY
604,205,מ.ישראל,0,11,1,BUSY
604,205,מ.ישראל,0,9,0,BUSY
505,63,מ.ישראל,0,14,1,BUSY
505,63,מ.ישראל,0,17,1,BUSY
504,5,מ.ישראל,0,17,1,BUSY
504,5,מ.ישראל,0,12,1,BUSY
305,5,משפטים,0,9,0,FREE
305,5,משפטים,0,16,0,BUSY
605,14,מ.ישראל,0,12,1,BUSY
605,14,מ.ישראל,0,8,1,BUSY
505,105,מ.ישראל,0,18,1,BUSY
505,105,מ.ישראל,0,11,0,FREE
502,24,מ.ישראל,0,17,1,BUSY
502,24,מ.ישראל,0,9,0,BUSY
505,5,מ.ישראל,0,14,1,BUSY
505,5,מ.ישראל,0,10,1,BUSY
404,68,יהדות,0,16,1,BUSY
404,68,יהדות,0,17,1,BUSY
305,134,משפטים,0,11,1,BUSY
305,134,משפטים,0,8,0,FREE
105,103,סטודנטים,0,8,0,FREE
105,103,סטודנטים,0,10,1,BUSY
105,104,סטודנטים,0,11,1,BUSY
105,104,סטודנטים,0,17,0,FREE
105,101,סטודנטים,0,16,1,FREE
105,101,סטודנטים,0,13,1,BUSY
105,102,סטודנטים,0,11,1,BUSY
105,102,סטודנטים,0,14,1,BUSY
105,1,סטודנטים,0,18,1,BUSY
105,1,סטודנטים,0,14,1,FREE
304,3,משפטים,0,8,1,BUSY
304,3,משפטים,0,14,1,BUSY
305,6,משפטים,0,11,0,FREE
305,6,משפטים,0,12,1,BUSY
105,61,סטודנטים,0,19,0,FREE
105,61,סטודנטים,0,10,0,FREE
105,2,סטודנטים,0,18,0,BUSY
105,2,סטודנטים,0,16,0,FREE
304,2,משפטים,0,8,1,BUSY
304,2,משפטים,0,9,1,BUSY
105,3,סטודנטים,0,13,0,FREE
105,3,סטודנטים,0,11,1,BUSY
605,101,מ.ישראל,0,10,1,BUSY
605,101,מ.ישראל,0,14,0,FREE
605,102,מ.ישראל,0,11,1,BUSY
605,102,מ.ישראל,0,19,1,BUSY
604,11,מ.ישראל,0,17,1,BUSY
604,11,מ.ישראל,0,13,0,FREE
605,11,מ.ישראל,0,9,0,FREE
605,11,מ.ישראל,0,13,1,BUSY
604,12,מ.ישראל,0,18,1,BUSY
604,12,מ.ישראל,0,19,1,BUSY
504,6,מ.ישראל,0,8,0,FREE
504,6,מ.ישראל,0,14,0,BUSY
605,202,מ.ישראל,0,15,0,FREE
605,202,מ.ישראל,0,13,0,FREE
604,14,מ.ישראל,0,8,0,BUSY
604,14,מ.ישראל,0,18,1,BUSY
507,101,מ.ישראל,0,12,1,BUSY
507,101,מ.ישראל,0,18,1,BUSY
507,103,מ.ישראל,0,9,1,BUSY
507,103,מ.ישראל,0,16,1,BUSY
504,7,מ.ישראל,0,19,1,BUSY
504,7,מ.ישראל,0,13,1,BUSY
604,13,מ.ישראל,0,14,1,BUSY
604,13,מ.ישראל,0,8,1,BUSY
505,1,מ.ישראל,0,10,0,BUSY
505,1,מ.ישראל,0,17,0,FREE
504,3,מ.ישראל,0,19,0,FREE
504,3,מ.ישראל,0,18,1,BUSY
604,101,מ.ישראל,0,9,0,FREE
604,101,מ.ישראל,0,10,1,BUSY
507,201,מ.ישראל,0,16,1,BUSY
507,201,מ.ישראל,0,11,1,BUSY
403,67,יהדות,0,18,1,BUSY
403,67,יהדות,0,19,1,BUSY
507,204,מ.ישראל,0,12,1,BUSY
507,204,מ.ישראל,0,17,1,FREE
505,106,מ.ישראל,0,17,1,BUSY
505,106,מ.ישראל,0,13,1,BUSY
505,62,מ.ישראל,0,14,1,FREE
505,62,מ.ישראל,0,11,0,FREE
505,104,מ.ישראל,0,9,0,BUSY
505,104,מ.ישראל,0,8,0,FREE
605,13,מ.ישראל,0,16,1,FREE
605,13,מ.ישראל,0,14,1,BUSY
501,25,מ.ישראל,0,10,0,FREE
501,25,מ.ישראל,0,13,1,BUSY
505,201,מ.ישראל,0,10,1,BUSY
505,201,מ.ישראל,0,14,0,FREE
505,3,מ.ישראל,0,14,1,FREE
505,3,מ.ישראל,0,10,0,FREE
507,207,מ.ישראל,0,12,1,BUSY
507,207,מ.ישראל,0,9,1,BUSY
604,61,מ.ישראל,0,8,0,FREE
604,61,מ.ישראל,0,12,1,BUSY
507,2,מ.ישראל,0,17,1,FREE
507,2,מ.ישראל,0,9,0,FREE
505,101,מ.ישראל,0,9,0,FREE
505,101,מ.ישראל,0,10,0,FREE
905,417,חברה,0,19,1,BUSY
905,417,חברה,0,14,1,BUSY
504,1,מ.ישראל,0,17,1,BUSY
504,1,מ.ישראל,0,16,1,BUSY
605,201,מ.ישראל,0,11,1,BUSY
605,201,מ.ישראל,0,14,1,BUSY
604,104,מ.ישראל,0,17,1,BUSY
604,104,מ.ישראל,0,13,1,BUSY
213,4,טבע,0,12,1,BUSY
213,4,טבע,0,15,1,BUSY
105,4,סטודנטים,0,12,0,BUSY
105,4,סטודנטים,0,11,0,BUSY
102,2,סטודנטים,0,8,0,FREE
102,2,סטודנטים,0,12,1,BUSY
105,5,סטודנטים,0,13,0,FREE
105,5,סטודנטים,0,18,0,FREE
105,105,סטודנטים,0,12,1,FREE
105,105,סטודנטים,0,8,0,FREE
207,1,טבע,0,14,1,BUSY
207,1,טבע,0,15,1,BUSY
105,106,סטודנטים,0,19,0,FREE
105,106,סטודנטים,0,18,1,BUSY
404,115,יהדות,0,10,1,BUSY
404,115,יהדות,0,12,1,BUSY
403,101,יהדות,0,16,0,FREE
403,101,יהדות,0,9,0,FREE
404,102,יהדות,0,19,0,FREE
404,102,יהדות,0,13,1,BUSY
105,6,סטודנטים,0,15,0,FREE
105,6,סטודנטים,0,10,0,FREE
102,4,סטודנטים,0,13,1,BUSY
102,4,סטודנטים,0,17,1,BUSY
404,114,יהדות,0,11,0,BUSY
404,114,יהדות,0,9,0,FREE
306,111,משפטים,0,9,0,FREE
306,111,משפטים,0,12,1,FREE
505,2,מ.ישראל,0,18,1,BUSY
505,2,מ.ישראל,0,13,1,BUSY
604,2,מ.ישראל,0,16,0,FREE
604,2,מ.ישראל,0,15,0,BUSY
605,61,מ.ישראל,0,13,0,FREE
605,61,מ.ישראל,0,10,0,BUSY
410,125,יהדות,0,19,1,FREE
410,125,יהדות,0,10,1,BUSY
410,46,יהדות,0,8,0,FREE
410,46,יהדות,0,16,1,BUSY
403,66,יהדות,0,15,1,BUSY
403,66,יהדות,0,14,1,BUSY
502,26,מ.ישראל,0,13,1,BUSY
502,26,מ.ישראל,0,18,0,FREE
502,25,מ.ישראל,0,18,0,FREE
502,25,מ.ישראל,0,11,0,FREE
403,218,יהדות,0,13,1,BUSY
403,218,יהדות,0,11,0,FREE
403,113,יהדות,0,11,0,FREE
403,113,יהדות,0,9,0,FREE
410,142,יהדות,0,11,1,BUSY
410,142,יהדות,0,10,1,BUSY
505,61,מ.ישראל,0,17,1,BUSY
505,61,מ.ישראל,0,16,1,BUSY
505,11,מ.ישראל,0,10,0,FREE
505,11,מ.ישראל,0,17,0,FREE
605,105,מ.ישראל,0,13,0,BUSY
605,105,מ.ישראל,0,18,0,FREE
604,1,מ.ישראל,0,17,0,FREE
604,1,מ.ישראל,0,13,0,FREE
507,14,מ.ישראל,0,17,0,FREE
507,14,מ.ישראל,0,15,0,FREE
605,4,מ.ישראל,0,15,0,BUSY
605,4,מ.ישראל,0,14,0,BUSY
502,62,מ.ישראל,0,11,0,FREE
502,62,מ.ישראל,0,19,0,BUSY
605,7,מ.ישראל,0,19,0,BUSY
605,7,מ.ישראל,0,8,0,FREE
507,206,מ.ישראל,0,12,0,BUSY
507,206,מ.ישראל,0,17,1,BUSY
504,206,מ.ישראל,0,9,0,FREE
504,206,מ.ישראל,0,12,0,FREE
508,103,מ.ישראל,0,17,0,FREE
508,103,מ.ישראל,0,13,0,FREE
507,106,מ.ישראל,0,10,1,FREE
507,106,מ.ישראל,0,16,0,FREE
605,106,מ.ישראל,0,13,0,BUSY
605,106,מ.ישראל,0,8,0,FREE
507,108,מ.ישראל,0,19,1,BUSY
507,108,מ.ישראל,0,11,1,BUSY
505,108,מ.ישראל,0,18,0,BUSY
505,108,מ.ישראל,0,14,0,FREE
505,102,מ.ישראל,0,14,1,BUSY
505,102,מ.ישראל,0,12,1,BUSY
507,6,מ.ישראל,0,11,1,BUSY
507,6,מ.ישראל,0,16,1,BUSY
507,208,מ.ישראל,0,8,0,FREE
507,208,מ.ישראל,0,11,0,FREE
507,205,מ.ישראל,0,12,0,FREE
507,205,מ.ישראל,0,9,0,BUSY
507,3,מ.ישראל,0,19,1,BUSY
507,3,מ.ישראל,0,17,1,BUSY
505,103,מ.ישראל,0,11,1,BUSY
505,103,מ.ישראל,0,8,1,BUSY
507,209,מ.ישראל,0,11,1,BUSY
507,209,מ.ישראל,0,16,1,BUSY
507,202,מ.ישראל,0,9,0,FREE
507,202,מ.ישראל,0,19,0,FREE
605,103,מ.ישראל,0,12,1,BUSY
605,103,מ.ישראל,0,8,0,FREE
403,2,יהדות,0,15,1,FREE
403,2,יהדות,0,8,0,FREE
507,104,מ.ישראל,0,12,0,FREE
507,104,מ.ישראל,0,13,0,BUSY
507,5,מ.ישראל,0,19,1,BUSY
507,5,מ.ישראל,0,11,0,BUSY
507,203,מ.ישראל,0,11,0,BUSY
507,203,מ.ישראל,0,12,0,FREE
305,132,משפטים,0,9,0,BUSY
305,132,משפטים,0,10,0,FREE
902,101,חברה,0,11,0,FREE
902,101,חברה,0,8,0,FREE
902,104,חברה,0,14,1,BUSY
902,104,חברה,0,18,0,BUSY
1005,112,רוח,0,8,0,BUSY
1005,112,רוח,0,11,0,FREE
605,65,מ.ישראל,0,18,1,FREE
605,65,מ.ישראל,0,17,1,FREE
905,116,חברה,0,11,1,BUSY
905,116,חברה,0,12,1,BUSY
203,226,טבע,0,18,1,FREE
203,226,טבע,0,19,1,BUSY
902,202,חברה,0,15,1,BUSY
902,202,חברה,0,11,0,FREE
902,102,חברה,0,18,0,FREE
902,102,חברה,0,12,1,BUSY
1002,201,רוח,0,16,1,BUSY
1002,201,רוח,0,13,1,BUSY
605,12,מ.ישראל,0,16,1,FREE
605,12,מ.ישראל,0,13,0,FREE
502,30,מ.ישראל,0,17,0,BUSY
502,30,מ.ישראל,0,15,0,FREE
504,63,מ.ישראל,0,17,0,FREE
504,63,מ.ישראל,0,13,0,BUSY
507,13,מ.ישראל,0,14,0,FREE
507,13,מ.ישראל,0,10,0,FREE
507,105,מ.ישראל,0,15,0,BUSY
507,105,מ.ישראל,0,10,0,BUSY
604,103,מ.ישראל,0,9,1,BUSY
604,103,מ.ישראל,0,11,1,BUSY
410,26,יהדות,0,9,0,BUSY
410,26,יהדות,0,12,0,FREE
410,6,יהדות,0,11,0,FREE
410,6,יהדות,0,14,0,FREE
404,66,יהדות,0,19,0,BUSY
404,66,יהדות,0,10,0,BUSY
605,64,מ.ישראל,0,16,0,FREE
605,64,מ.ישראל,0,11,1,BUSY
505,64,מ.ישראל,0,8,0,FREE
505,64,מ.ישראל,0,11,0,FREE
403,115,יהדות,0,17,0,FREE
403,115,יהדות,0,9,0,FREE
404,67,יהדות,0,10,0,BUSY
404,67,יהדות,0,12,0,FREE
1005,111,רוח,0,10,1,BUSY
1005,111,רוח,0,17,0,FREE
1004,305,רוח,0,9,0,FREE
1004,305,רוח,0,8,0,BUSY
404,101,יהדות,0,8,0,FREE
404,101,יהדות,0,9,0,FREE
1002,305,רוח,0,14,1,BUSY
1002,305,רוח,0,16,1,BUSY
504,208,מ.ישראל,0,12,0,BUSY
504,208,מ.ישראל,0,19,0,FREE
211,112,טבע,0,17,0,BUSY
211,112,טבע,0,8,1,BUSY
305,63,משפטים,0,11,0,FREE
305,63,משפטים,0,17,0,FREE
306,112,משפטים,0,18,0,FREE
306,112,משפטים,0,8,0,FREE
211,106,טבע,0,8,0,FREE
211,106,טבע,0,14,0,FREE
207,201,טבע,0,8,0,BUSY
207,201,טבע,0,18,1,BUSY
305,101,משפטים,0,12,0,FREE
305,101,משפטים,0,15,0,FREE
403,61,יהדות,0,14,0,FREE
403,61,יהדות,0,18,0,BUSY
202,202,טבע,0,12,0,FREE
202,202,טבע,0,16,0,FREE
203,106,טבע,0,9,0,FREE
203,106,טבע,0,16,0,BUSY
203,112,טבע,0,18,0,FREE
203,112,טבע,0,8,0,BUSY
105,112,סטודנטים,0,11,0,FREE
105,112,סטודנטים,0,13,0,FREE
207,6,טבע,0,13,0,BUSY
207,6,טבע,0,14,0,FREE
207,4,טבע,0,19,0,FREE
207,4,טבע,0,8,1,BUSY
207,101,טבע,0,17,0,FREE
207,101,טבע,0,8,0,FREE
604,6,מ.ישראל,0,13,0,FREE
604,6,מ.ישראל,0,14,0,FREE
211,22,nan,0,12,0,FREE
211,22,nan,0,10,1,BUSY
211,4,טבע,0,14,0,FREE
211,4,טבע,0,8,0,BUSY
507,7,מ.ישראל,0,10,1,BUSY
507,7,מ.ישראל,0,18,1,FREE
1401,3,nan,0,16,1,FREE
1401,3,nan,0,10,1,BUSY
905,63,חברה,0,10,1,BUSY
905,63,חברה,0,16,1,FREE
901,61,חברה,0,19,1,BUSY
901,61,חברה,0,16,1,BUSY
403,69,מינץ,0,11,1,BUSY
403,69,מינץ,0,10,1,BUSY
1401,63,nan,0,17,0,FREE
1401,63,nan,0,14,0,FREE
1401,1,nan,0,10,1,BUSY
1401,1,nan,0,9,1,BUSY
507,1,מ.ישראל,0,12,1,BUSY
507,1,מ.ישראל,0,13,1,FREE
905,62,חברה,0,18,0,FREE
905,62,חברה,0,10,0,FREE
504,10,מ.ישראל,0,17,0,FREE
504,10,מ.ישראל,0,18,0,BUSY
505,202,מ.ישראל,0,15,0,FREE
505,202,מ.ישראל,0,11,0,FREE
1002,102,רוח,0,13,0,FREE
1002,102,רוח,0,18,1,BUSY
410,226,יהדות,0,9,1,BUSY
410,226,יהדות,0,19,0,FREE
410,225,יהדות,0,17,0,FREE
410,225,יהדות,0,11,0,FREE
1004,407,רוח,0,19,0,FREE
1004,407,רוח,0,10,0,FREE
1004,402,רוח,0,14,1,BUSY
1004,402,רוח,0,8,0,FREE
505,65,מ.ישראל,0,8,0,FREE
505,65,מ.ישראל,0,9,0,FREE
505,204,מ.ישראל,0,15,0,FREE
505,204,מ.ישראל,0,9,0,BUSY
304,1,משפטים,0,9,1,BUSY
304,1,משפטים,0,17,1,BUSY
605,63,מ.ישראל,0,11,0,FREE
605,63,מ.ישראל,0,18,1,BUSY
305,10,משפטים,0,12,1,BUSY
305,10,משפטים,0,15,1,BUSY
304,61,משפטים,0,16,0,FREE
304,61,משפטים,0,15,0,FREE
604,202,מ.ישראל,0,12,0,FREE
604,202,מ.ישראל,0,14,0,FREE
211,25,nan,0,16,1,BUSY
211,25,nan,0,19,1,BUSY
304,25,משפטים,0,9,0,BUSY
304,25,משפטים,0,16,0,BUSY
1105,53,הנדסה,0,8,1,BUSY
1105,53,הנדסה,0,10,1,BUSY
1401,53,nan,0,11,0,FREE
1401,53,nan,0,10,0,FREE
305,2,משפטים,0,10,0,FREE
305,2,משפטים,0,13,0,BUSY
305,4,משפטים,0,9,1,BUSY
305,4,משפטים,0,13,1,BUSY
502,23,מ.ישראל,0,17,1,BUSY
502,23,מ.ישראל,0,9,0,FREE
503,1,מ.ישראל,0,9,0,BUSY
503,1,מ.ישראל,0,14,1,BUSY
404,113,יהדות,0,16,1,BUSY
404,113,יהדות,0,18,0,FREE
404,201,יהדות,0,19,0,FREE
404,201,יהדות,0,17,0,FREE
505,203,מ.ישראל,0,16,0,FREE
505,203,מ.ישראל,0,11,0,BUSY
1005,19,רוח,0,14,0,FREE
1005,19,רוח,0,8,0,FREE
1005,108,רוח,0,18,0,FREE
1005,108,רוח,0,8,0,FREE
1005,201,רוח,0,8,0,FREE
1005,201,רוח,0,10,0,FREE
1005,209,רוח,0,8,0,FREE
1005,209,רוח,0,17,0,FREE
1005,207,רוח,0,17,0,FREE
1005,207,רוח,0,11,0,FREE
1005,203,רוח,0,9,0,FREE
1005,203,רוח,0,19,0,BUSY
604,201,מ.ישראל,0,18,0,BUSY
604,201,מ.ישראל,0,10,0,FREE
305,105,משפטים,0,9,0,FREE
305,105,משפטים,0,11,0,BUSY
507,37,מ.ישראל,0,11,0,FREE
507,37,מ.ישראל,0,16,0,FREE
1104,42,הנדסה,0,18,1,BUSY
1104,42,הנדסה,0,10,1,FREE
1105,42,הנדסה,0,14,0,BUSY
1105,42,הנדסה,0,12,0,BUSY
1103,22,הנדסה,0,10,1,BUSY
1103,22,הנדסה,0,14,1,BUSY
902,9,חברה,0,17,1,BUSY
902,9,חברה,0,19,1,FREE
304,9,משפטים,0,13,0,FREE
304,9,משפטים,0,9,0,FREE
1105,271,הנדסה,0,17,1,BUSY
1105,271,הנדסה,0,10,1,BUSY
1104,271,הנדסה,0,19,0,BUSY
1104,271,הנדסה,0,9,0,FREE
507,61,מ.ישראל,0,8,0,FREE
507,61,מ.ישראל,0,13,0,FREE
213,304,טבע,0,17,1,BUSY
213,304,טבע,0,9,0,FREE
213,320,טבע,0,10,0,FREE
213,320,טבע,0,15,0,BUSY
1004,203,רוח,0,8,1,BUSY
1004,203,רוח,0,19,0,FREE
1004,212,רוח,0,15,1,BUSY
1004,212,רוח,0,18,1,BUSY
410,328,יהדות,0,16,1,FREE
410,328,יהדות,0,12,1,BUSY
410,332,יהדות,0,11,0,FREE
410,332,יהדות,0,15,0,BUSY
604,204,מ.ישראל,0,14,0,FREE
604,204,מ.ישראל,0,8,0,FREE
1002,203,רוח,0,15,0,FREE
1002,203,רוח,0,14,0,FREE
202,301,טבע,0,18,0,FREE
202,301,טבע,0,19,0,FREE
203,4,טבע,0,9,0,FREE
203,4,טבע,0,10,0,FREE
202,221,טבע,0,15,0,FREE
202,221,טבע,0,18,0,BUSY
202,205,טבע,0,15,0,BUSY
202,205,טבע,0,10,0,FREE
202,304,טבע,0,10,0,FREE
202,304,טבע,0,16,0,FREE
202,505,טבע,0,14,0,FREE
202,505,טבע,0,18,0,FREE
202,203,טבע,0,10,0,BUSY
202,203,טבע,0,12,0,FREE
202,303,טבע,0,19,0,FREE
202,303,טבע,0,14,0,FREE
202,201,טבע,0,13,1,FREE
202,201,טבע,0,19,0,FREE
202,204,טבע,0,10,0,BUSY
202,204,טבע,0,16,1,BUSY
505,505,מ.ישראל,0,9,0,FREE
505,505,מ.ישראל,0,16,0,FREE
902,301,חברה,0,9,1,BUSY
902,301,חברה,0,10,0,FREE
902,12,חברה,0,19,1,BUSY
902,12,חברה,0,9,1,BUSY
902,107,חברה,0,13,0,FREE
902,107,חברה,0,18,0,FREE
905,217,חברה,0,8,1,BUSY
905,217,חברה,0,14,1,FREE
902,217,חברה,0,8,0,FREE
902,217,חברה,0,16,0,FREE
902,110,חברה,0,9,0,FREE
902,110,חברה,0,18,0,FREE
902,109,חברה,0,13,0,FREE
902,109,חברה,0,11,0,FREE
507,23,מ.ישראל,0,9,0,FREE
507,23,מ.ישראל,0,10,0,FREE
1004,406,רוח,0,14,1,BUSY
1004,406,רוח,0,11,1,BUSY
1105,368,הנדסה,0,15,0,FREE
1105,368,הנדסה,0,18,1,BUSY
1102,2,הנדסה,0,16,1,FREE
1102,2,הנדסה,0,11,1,BUSY
1104,244,הנדסה,0,17,1,BUSY
1104,244,הנדסה,0,12,1,BUSY
1104,249,הנדסה,0,19,1,BUSY
1104,249,הנדסה,0,16,1,BUSY
1104,243,הנדסה,0,18,1,BUSY
1104,243,הנדסה,0,8,0,FREE
1103,42,הנדסה,0,14,0,BUSY
1103,42,הנדסה,0,8,0,FREE
1401,4,nan,0,10,1,BUSY
1401,4,nan,0,8,0,FREE
1105,3,הנדסה,0,12,0,FREE
1105,3,הנדסה,0,15,0,FREE
1102,4,הנדסה,0,8,0,FREE
1102,4,הנדסה,0,15,0,BUSY
A1300,2,מעונות,0,8,0,FREE
A1300,2,מעונות,0,9,1,BUSY
A1300,1,מעונות,0,12,1,BUSY
A1300,1,מעונות,0,16,1,FREE
901,4,חברה,0,15,0,FREE
901,4,חברה,0,11,0,FREE
1103,223,הנדסה,0,11,1,BUSY
1103,223,הנדסה,0,17,1,BUSY
1102,205,הנדסה,0,15,0,FREE
1102,205,הנדסה,0,12,0,FREE
1105,366,הנדסה,0,11,1,BUSY
1105,366,הנדסה,0,12,1,BUSY
1104,344,הנדסה,0,12,0,BUSY
1104,344,הנדסה,0,16,1,FREE
1104,347,הנדסה,0,8,0,FREE
1104,347,הנדסה,0,18,1,BUSY
1103,224,הנדסה,0,10,0,BUSY
1103,224,הנדסה,0,12,1,BUSY
1002,112,רוח,0,10,0,FREE
1002,112,רוח,0,12,0,FREE
905,119,חברה,0,12,1,BUSY
905,119,חברה,0,9,0,FREE
905,118,חברה,0,18,0,BUSY
905,118,חברה,0,14,0,BUSY
905,319,חברה,0,8,0,FREE
905,319,חברה,0,17,0,FREE
905,418,חברה,0,12,1,BUSY
905,418,חברה,0,13,1,BUSY
905,416,חברה,0,14,0,FREE
905,416,חברה,0,15,0,FREE
905,211,חברה,0,10,0,FREE
905,211,חברה,0,11,0,FREE
905,321,חברה,0,19,0,BUSY
905,321,חברה,0,15,0,FREE
905,311,חברה,0,13,0,FREE
905,311,חברה,0,8,0,FREE
905,2,חברה,0,16,0,FREE
905,2,חברה,0,8,0,BUSY
905,317,חברה,0,13,0,FREE
905,317,חברה,0,11,0,FREE
502,63,מ.ישראל,0,10,0,FREE
502,63,מ.ישראל,0,12,0,FREE
212,214,טבע,0,9,0,FREE
212,214,טבע,0,16,0,FREE
211,21,nan,0,10,0,FREE
211,21,nan,0,16,1,BUSY
211,17,nan,0,17,0,FREE
211,17,nan,0,16,0,FREE
505,7,מ.ישראל,0,12,0,FREE
505,7,מ.ישראל,0,14,0,BUSY
212,212,nan,0,10,0,FREE
212,212,nan,0,18,0,FREE
212,1,טבע,0,9,0,BUSY
212,1,טבע,0,15,0,FREE
304,4,משפטים,0,19,0,FREE
304,4,משפטים,0,16,0,FREE
403,3,יהדות,0,18,0,FREE
403,3,יהדות,0,9,0,FREE
905,25,חברה,0,9,0,BUSY
905,25,חברה,0,18,0,FREE
212,310,טבע,0,17,1,BUSY
212,310,טבע,0,14,0,FREE
212,1,nan,0,19,0,FREE
212,1,nan,0,15,0,FREE
212,3,טבע,0,15,0,BUSY
212,3,טבע,0,17,0,FREE
212,21,nan,0,15,0,FREE
212,21,nan,0,9,0,BUSY
203,212,טבע,0,13,0,FREE
203,212,טבע,0,18,0,FREE
304,69,משפטים,0,9,0,FREE
304,69,משפטים,0,13,0,FREE
305,11,משפטים,0,13,1,BUSY
305,11,משפטים,0,8,0,FREE
901,11,חברה,0,17,0,BUSY
901,11,חברה,0,18,0,FREE
211,3,nan,0,12,0,FREE
211,3,nan,0,13,0,FREE
213,61,טבע,0,12,0,BUSY
213,61,טבע,0,9,0,BUSY
211,9,nan,0,13,0,FREE
211,9,nan,0,15,0,FREE
902,1,חברה,0,13,0,FREE
902,1,חברה,0,12,0,BUSY
304,7,משפטים,0,16,0,BUSY
304,7,משפטים,0,19,0,FREE
403,1,מינץ,0,13,0,BUSY
403,1,מינץ,0,12,0,BUSY
211,7,nan,0,13,0,FREE
211,7,nan,0,12,0,BUSY
501,11,מ.ישראל,0,10,0,FREE
501,11,מ.ישראל,0,17,0,BUSY
507,11,מ.ישראל,0,15,0,BUSY
507,11,מ.ישראל,0,19,0,BUSY
1401,7,nan,0,16,0,FREE
1401,7,nan,0,15,0,FREE
211,63,nan,0,8,0,FREE
211,63,nan,0,12,0,FREE
105,134,סטודנטים,0,10,0,FREE
105,134,סטודנטים,0,13,0,BUSY
305,3,משפטים,0,14,0,BUSY
305,3,משפטים,0,8,0,FREE
404,133,יהדות,0,18,0,FREE
404,133,יהדות,0,12,0,FREE
306,1,משפטים,0,13,0,FREE
306,1,משפטים,0,18,0,FREE
304,132,משפטים,0,18,0,FREE
304,132,משפטים,0,13,0,FREE
105,132,סטודנטים,0,19,0,BUSY
105,132,סטודנטים,0,8,0,FREE
404,134,יהדות,0,14,0,BUSY
404,134,יהדות,0,10,0,FREE
404,65,יהדות,0,14,0,FREE
404,65,יהדות,0,11,0,BUSY
102,133,סטודנטים,0,8,0,FREE
102,133,סטודנטים,0,10,0,FREE
305,104,משפטים,0,9,0,FREE
305,104,משפטים,0,16,0,FREE
507,10,מ.ישראל,0,8,0,FREE
507,10,מ.ישראל,0,12,0,FREE
507,62,מ.ישראל,0,17,0,FREE
507,62,מ.ישראל,0,12,0,BUSY
604,309,מ.ישראל,0,11,1,BUSY
604,309,מ.ישראל,0,14,1,BUSY
901,101,חברה,0,14,1,BUSY
901,101,חברה,0,15,1,BUSY
901,102,חברה,0,14,0,BUSY
901,102,חברה,0,15,0,BUSY
301,202,פלדמן,0,8,0,BUSY
301,202,פלדמן,0,11,1,BUSY
905,104,חברה,0,14,0,BUSY
905,104,חברה,0,10,0,FREE
507,107,מ.ישראל,1,17,1,BUSY
507,107,מ.ישראל,1,12,1,BUSY
905,61,חברה,1,14,1,BUSY
905,61,חברה,1,17,1,BUSY
1401,2,nan,1,18,1,BUSY
1401,2,nan,1,15,1,BUSY
402,63,יהדות,1,13,1,BUSY
402,63,יהדות,1,14,1,BUSY
203,221,טבע,1,11,0,FREE
203,221,טבע,1,10,0,FREE
1002,1,רוח,1,9,0,FREE
1002,1,רוח,1,10,0,FREE
604,63,מ.ישראל,1,8,0,FREE
604,63,מ.ישראל,1,11,1,BUSY
604,64,מ.ישראל,1,8,0,FREE
604,64,מ.ישראל,1,12,1,FREE
604,105,מ.ישראל,1,13,1,BUSY
604,105,מ.ישראל,1,18,1,BUSY
403,211,יהדות,1,18,0,FREE
403,211,יהדות,1,13,1,BUSY
604,102,מ.ישראל,1,12,1,BUSY
604,102,מ.ישראל,1,16,1,BUSY
403,217,יהדות,1,14,1,BUSY
403,217,יהדות,1,8,1,BUSY
305,133,משפטים,1,10,1,BUSY
305,133,משפטים,1,14,0,FREE
504,2,מ.ישראל,1,14,0,FREE
504,2,מ.ישראל,1,15,0,FREE
507,102,מ.ישראל,1,11,1,BUSY
507,102,מ.ישראל,1,15,1,BUSY
604,62,מ.ישראל,1,15,0,FREE
604,62,מ.ישראל,1,19,0,BUSY
1002,405,רוח,1,12,0,FREE
1002,405,רוח,1,18,0,FREE
902,210,חברה,1,17,1,BUSY
902,210,חברה,1,15,1,FREE
508,7,מ.ישראל,1,16,1,BUSY
508,7,מ.ישראל,1,9,0,FREE
502,8,מ.ישראל,1,19,1,FREE
502,8,מ.ישראל,1,10,1,BUSY
605,104,מ.ישראל,1,8,1,BUSY
605,104,מ.ישראל,1,11,0,FREE
1002,61,רוח,1,10,1,BUSY
1002,61,רוח,1,19,0,FREE
507,4,מ.ישראל,1,19,0,FREE
507,4,מ.ישראל,1,13,1,BUSY
504,4,מ.ישראל,1,11,0,FREE
504,4,מ.ישראל,1,15,0,BUSY
1002,202,רוח,1,14,1,BUSY
1002,202,רוח,1,10,1,BUSY
502,6,מ.ישראל,1,18,0,FREE
502,6,מ.ישראל,1,16,0,FREE
502,7,מ.ישראל,1,10,1,BUSY
502,7,מ.ישראל,1,14,1,BUSY
505,4,מ.ישראל,1,13,1,BUSY
505,4,מ.ישראל,1,9,0,BUSY
502,9,מ.ישראל,1,11,1,BUSY
502,9,מ.ישראל,1,18,0,FREE
1005,109,רוח,1,10,1,FREE
1005,109,רוח,1,12,1,BUSY
902,103,חברה,1,17,0,FREE
902,103,חברה,1,14,1,BUSY
502,37,מ.ישראל,1,19,1,BUSY
502,37,מ.ישראל,1,15,1,BUSY
902,201,חברה,1,15,1,BUSY
902,201,חברה,1,9,1,BUSY
604,205,מ.ישראל,1,16,1,BUSY
604,205,מ.ישראל,1,8,1,BUSY
505,63,מ.ישראל,1,16,1,BUSY
505,63,מ.ישראל,1,11,0,FREE
504,5,מ.ישראל,1,18,1,BUSY
504,5,מ.ישראל,1,16,1,BUSY
305,5,משפטים,1,12,0,FREE
305,5,משפטים,1,18,0,FREE
605,14,מ.ישראל,1,8,1,BUSY
605,14,מ.ישראל,1,9,1,BUSY
505,105,מ.ישראל,1,19,1,BUSY
505,105,מ.ישראל,1,16,1,BUSY
502,24,מ.ישראל,1,17,0,FREE
502,24,מ.ישראל,1,9,0,FREE
505,5,מ.ישראל,1,13,1,BUSY
505,5,מ.ישראל,1,14,1,BUSY
404,68,יהדות,1,13,1,FREE
404,68,יהדות,1,9,1,BUSY
305,134,משפטים,1,11,1,BUSY
305,134,משפטים,1,10,1,BUSY
105,103,סטודנטים,1,10,1,BUSY
105,103,סטודנטים,1,18,0,FREE
105,104,סטודנטים,1,10,1,BUSY
105,104,סטודנטים,1,12,0,FREE
105,101,סטודנטים,1,13,1,BUSY
105,101,סטודנטים,1,19,0,FREE
105,102,סטודנטים,1,9,1,BUSY
105,102,סטודנטים,1,15,1,BUSY
105,1,סטודנטים,1,16,1,BUSY
105,1,סטודנטים,1,9,1,FREE
304,3,משפטים,1,19,1,BUSY
304,3,משפטים,1,15,1,BUSY
305,6,משפטים,1,14,1,BUSY
305,6,משפטים,1,19,0,FREE
105,61,סטודנטים,1,14,1,FREE
105,61,סטודנטים,1,18,1,BUSY
105,2,סטודנטים,1,11,1,BUSY
105,2,סטודנטים,1,13,1,BUSY
304,2,משפטים,1,8,1,BUSY
304,2,משפטים,1,17,1,BUSY
105,3,סטודנטים,1,12,1,FREE
105,3,סטודנטים,1,9,0,FREE
605,101,מ.ישראל,1,14,1,BUSY
605,101,מ.ישראל,1,16,1,BUSY
605,102,מ.ישראל,1,16,1,BUSY
605,102,מ.ישראל,1,12,0,BUSY
604,11,מ.ישראל,1,16,1,BUSY
604,11,מ.ישראל,1,19,1,BUSY
605,11,מ.ישראל,1,18,0,FREE
605,11,מ.ישראל,1,12,1,FREE
604,12,מ.ישראל,1,15,1,FREE
604,12,מ.ישראל,1,8,0,FREE
504,6,מ.ישראל,1,18,0,BUSY
504,6,מ.ישראל,1,15,0,FREE
605,202,מ.ישראל,1,12,0,FREE
605,202,מ.ישראל,1,10,0,FREE
604,14,מ.ישראל,1,18,0,BUSY
604,14,מ.ישראל,1,14,1,BUSY
507,101,מ.ישראל,1,19,0,FREE
507,101,מ.ישראל,1,14,1,BUSY
507,103,מ.ישראל,1,8,0,FREE
507,103,מ.ישראל,1,10,1,BUSY
504,7,מ.ישראל,1,19,1,BUSY
504,7,מ.ישראל,1,8,0,FREE
604,13,מ.ישראל,1,13,0,BUSY
604,13,מ.ישראל,1,19,1,BUSY
505,1,מ.ישראל,1,13,1,BUSY
505,1,מ.ישראל,1,18,1,BUSY
504,3,מ.ישראל,1,18,1,BUSY
504,3,מ.ישראל,1,9,0,FREE
604,101,מ.ישראל,1,18,1,FREE
604,101,מ.ישראל,1,15,1,BUSY
507,201,מ.ישראל,1,8,1,BUSY
507,201,מ.ישראל,1,17,1,BUSY
403,67,יהדות,1,10,1,BUSY
403,67,יהדות,1,8,0,FREE
507,204,מ.ישראל,1,18,0,FREE
507,204,מ.ישראל,1,12,0,FREE
505,106,מ.ישראל,1,12,1,BUSY
505,106,מ.ישראל,1,18,1,BUSY
505,62,מ.ישראל,1,12,1,FREE
505,62,מ.ישראל,1,8,0,FREE
505,104,מ.ישראל,1,15,1,BUSY
505,104,מ.ישראל,1,17,1,BUSY
605,13,מ.ישראל,1,17,1,BUSY
605,13,מ.ישראל,1,9,0,FREE
501,25,מ.ישראל,1,19,1,BUSY
501,25,מ.ישראל,1,17,1,BUSY
505,201,מ.ישראל,1,9,0,FREE
505,201,מ.ישראל,1,12,1,BUSY
505,3,מ.ישראל,1,11,1,BUSY
505,3,מ.ישראל,1,14,1,BUSY
507,207,מ.ישראל,1,10,1,BUSY
507,207,מ.ישראל,1,17,1,BUSY
604,61,מ.ישראל,1,13,1,BUSY
604,61,מ.ישראל,1,8,1,BUSY
507,2,מ.ישראל,1,17,1,BUSY
507,2,מ.ישראל,1,16,1,FREE
505,101,מ.ישראל,1,15,1,BUSY
505,101,מ.ישראל,1,8,1,FREE
905,417,חברה,1,11,1,BUSY
905,417,חברה,1,18,1,FREE
504,1,מ.ישראל,1,12,1,BUSY
504,1,מ.ישראל,1,17,1,BUSY
605,201,מ.ישראל,1,18,1,FREE
605,201,מ.ישראל,1,16,1,BUSY
604,104,מ.ישראל,1,18,1,BUSY
604,104,מ.ישראל,1,11,1,BUSY
213,4,טבע,1,13,0,FREE
213,4,טבע,1,15,1,FREE
105,4,סטודנטים,1,9,0,BUSY
105,4,סטודנטים,1,13,1,BUSY
102,2,סטודנטים,1,12,0,BUSY
102,2,סטודנטים,1,8,0,FREE
105,5,סטודנטים,1,8,0,BUSY
105,5,סטודנטים,1,13,1,BUSY
105,105,סטודנטים,1,10,0,FREE
105,105,סטודנטים,1,13,0,FREE
207,1,טבע,1,13,0,BUSY
207,1,טבע,1,19,0,BUSY
105,106,סטודנטים,1,8,0,FREE
105,106,סטודנטים,1,10,0,FREE
404,115,יהדות,1,15,1,BUSY
404,115,יהדות,1,10,1,FREE
403,101,יהדות,1,9,0,FREE
403,101,יהדות,1,11,0,FREE
404,102,יהדות,1,19,1,BUSY
404,102,יהדות,1,15,1,BUSY
105,6,סטודנטים,1,9,0,FREE
105,6,סטודנטים,1,15,0,FREE
102,4,סטודנטים,1,11,1,BUSY
102,4,סטודנטים,1,13,1,BUSY
404,114,יהדות,1,17,0,BUSY
404,114,יהדות,1,8,1,FREE
306,111,משפטים,1,15,1,BUSY
306,111,משפטים,1,14,1,BUSY
505,2,מ.ישראל,1,15,1,BUSY
505,2,מ.ישראל,1,16,1,BUSY
604,2,מ.ישראל,1,14,0,FREE
604,2,מ.ישראל,1,12,0,FREE
605,61,מ.ישראל,1,19,1,BUSY
605,61,מ.ישראל,1,16,1,BUSY
410,125,יהדות,1,16,1,BUSY
410,125,יהדות,1,17,1,BUSY
410,46,יהדות,1,11,0,FREE
410,46,יהדות,1,15,1,BUSY
403,66,יהדות,1,10,1,BUSY
403,66,יהדות,1,12,1,BUSY
502,26,מ.ישראל,1,10,1,BUSY
502,26,מ.ישראל,1,13,1,FREE
502,25,מ.ישראל,1,18,1,FREE
502,25,מ.ישראל,1,12,1,FREE
403,218,יהדות,1,8,0,FREE
403,218,יהדות,1,16,0,FREE
403,113,יהדות,1,9,0,BUSY
403,113,יהדות,1,15,1,BUSY
410,142,יהדות,1,13,1,BUSY
410,142,יהדות,1,12,1,FREE
505,61,מ.ישראל,1,17,1,BUSY
505,61,מ.ישראל,1,9,1,BUSY
505,11,מ.ישראל,1,15,0,BUSY
505,11,מ.ישראל,1,10,0,FREE
605,105,מ.ישראל,1,19,1,BUSY
605,105,מ.ישראל,1,10,1,FREE
604,1,מ.ישראל,1,11,0,BUSY
604,1,מ.ישראל,1,8,0,FREE
507,14,מ.ישראל,1,10,0,FREE
507,14,מ.ישראל,1,13,0,FREE
605,4,מ.ישראל,1,17,0,FREE
605,4,מ.ישראל,1,12,0,FREE
502,62,מ.ישראל,1,15,0,FREE
502,62,מ.ישראל,1,14,0,FREE
605,7,מ.ישראל,1,15,0,FREE
605,7,מ.ישראל,1,9,0,FREE
507,206,מ.ישראל,1,14,1,BUSY
507,206,מ.ישראל,1,12,1,BUSY
504,206,מ.ישראל,1,10,0,FREE
504,206,מ.ישראל,1,19,0,FREE
508,103,מ.ישראל,1,11,0,FREE
508,103,מ.ישראל,1,9,0,FREE
507,106,מ.ישראל,1,13,1,BUSY
507,106,מ.ישראל,1,8,0,BUSY
605,106,מ.ישראל,1,10,0,BUSY
605,106,מ.ישראל,1,11,0,FREE
507,108,מ.ישראל,1,11,1,BUSY
507,108,מ.ישראל,1,13,1,FREE
505,108,מ.ישראל,1,12,0,FREE
505,108,מ.ישראל,1,16,0,BUSY
505,102,מ.ישראל,1,9,1,BUSY
505,102,מ.ישראל,1,16,1,BUSY
507,6,מ.ישראל,1,9,1,FREE
507,6,מ.ישראל,1,10,1,BUSY
507,208,מ.ישראל,1,10,1,FREE
507,208,מ.ישראל,1,12,1,BUSY
507,205,מ.ישראל,1,14,0,BUSY
507,205,מ.ישראל,1,11,1,BUSY
507,3,מ.ישראל,1,18,1,BUSY
507,3,מ.ישראל,1,9,1,FREE
505,103,מ.ישראל,1,17,1,BUSY
505,103,מ.ישראל,1,15,1,BUSY
507,209,מ.ישראל,1,13,1,BUSY
507,209,מ.ישראל,1,9,1,BUSY
507,202,מ.ישראל,1,10,1,BUSY
507,202,מ.ישראל,1,14,1,BUSY
605,103,מ.ישראל,1,10,1,BUSY
605,103,מ.ישראל,1,12,1,BUSY
403,2,יהדות,1,16,1,BUSY
403,2,יהדות,1,18,1,BUSY
507,104,מ.ישראל,1,15,1,FREE
507,104,מ.ישראל,1,17,1,BUSY
507,5,מ.ישראל,1,18,1,BUSY
507,5,מ.ישראל,1,9,0,FREE
507,203,מ.ישראל,1,13,1,BUSY
507,203,מ.ישראל,1,8,1,BUSY
305,132,משפטים,1,8,0,FREE
305,132,משפטים,1,13,0,FREE
902,101,חברה,1,18,1,FREE
902,101,חברה,1,19,1,FREE
902,104,חברה,1,15,1,BUSY
902,104,חברה,1,18,0,FREE
1005,112,רוח,1,12,0,BUSY
1005,112,רוח,1,16,1,BUSY
605,65,מ.ישראל,1,18,1,FREE
605,65,מ.ישראל,1,13,1,BUSY
905,116,חברה,1,19,1,FREE
905,116,חברה,1,9,1,BUSY
203,226,טבע,1,8,1,BUSY
203,226,טבע,1,16,0,FREE
902,202,חברה,1,17,1,BUSY
902,202,חברה,1,11,1,BUSY
902,102,חברה,1,18,1,BUSY
902,102,חברה,1,10,1,BUSY
1002,201,רוח,1,18,0,BUSY
1002,201,רוח,1,15,1,BUSY
605,12,מ.ישראל,1,17,1,BUSY
605,12,מ.ישראל,1,14,0,BUSY
502,30,מ.ישראל,1,8,0,BUSY
502,30,מ.ישראל,1,14,0,BUSY
504,63,מ.ישראל,1,19,0,FREE
504,63,מ.ישראל,1,12,0,BUSY
507,13,מ.ישראל,1,14,0,BUSY
507,13,מ.ישראל,1,8,0,FREE
507,105,מ.ישראל,1,12,0,BUSY
507,105,מ.ישראל,1,9,1,FREE
604,103,מ.ישראל,1,10,1,BUSY
604,103,מ.ישראל,1,13,1,BUSY
410,26,יהדות,1,15,0,FREE
410,26,יהדות,1,10,0,BUSY
410,6,יהדות,1,18,0,FREE
410,6,יהדות,1,9,0,BUSY
404,66,יהדות,1,8,0,FREE
404,66,יהדות,1,14,0,FREE
605,64,מ.ישראל,1,19,1,BUSY
605,64,מ.ישראל,1,8,1,BUSY
505,64,מ.ישראל,1,18,0,FREE
505,64,מ.ישראל,1,19,0,FREE
403,115,יהדות,1,11,0,FREE
403,115,יהדות,1,14,0,FREE
404,67,יהדות,1,17,0,FREE
404,67,יהדות,1,19,0,FREE
1005,111,רוח,1,13,1,BUSY
1005,111,רוח,1,15,1,BUSY
1004,305,רוח,1,9,0,FREE
1004,305,רוח,1,18,1,BUSY
404,101,יהדות,1,9,1,BUSY
404,101,יהדות,1,17,1,BUSY
1002,305,רוח,1,15,1,BUSY
1002,305,רוח,1,8,0,FREE
504,208,מ.ישראל,1,11,0,FREE
504,208,מ.ישראל,1,17,0,FREE
211,112,טבע,1,18,0,FREE
211,112,טבע,1,14,1,BUSY
305,63,משפטים,1,18,0,FREE
305,63,משפטים,1,19,0,FREE
306,112,משפטים,1,12,0,FREE
306,112,משפטים,1,8,0,FREE
211,106,טבע,1,11,0,BUSY
211,106,טבע,1,10,0,BUSY
207,201,טבע,1,12,0,FREE
207,201,טבע,1,16,0,BUSY
305,101,משפטים,1,18,0,BUSY
305,101,משפטים,1,9,0,FREE
403,61,יהדות,1,13,0,FREE
403,61,יהדות,1,12,0,BUSY
202,202,טבע,1,14,0,FREE
202,202,טבע,1,19,0,FREE
203,106,טבע,1,11,0,FREE
203,106,טבע,1,9,0,FREE
203,112,טבע,1,18,0,BUSY
203,112,טבע,1,13,0,FREE
105,112,סטודנטים,1,18,0,FREE
105,112,סטודנטים,1,8,0,FREE
207,6,טבע,1,8,0,BUSY
207,6,טבע,1,14,0,FREE
207,4,טבע,1,9,0,BUSY
207,4,טבע,1,15,0,FREE
207,101,טבע,1,12,0,BUSY
207,101,טבע,1,10,0,FREE
604,6,מ.ישראל,1,13,0,BUSY
604,6,מ.ישראל,1,11,0,FREE
211,22,nan,1,8,0,FREE
211,22,nan,1,9,0,FREE
211,4,טבע,1,19,0,BUSY
211,4,טבע,1,11,0,FREE
507,7,מ.ישראל,1,15,1,FREE
507,7,מ.ישראל,1,12,1,BUSY
1401,3,nan,1,19,0,FREE
1401,3,nan,1,15,1,BUSY
905,63,חברה,1,18,1,BUSY
905,63,חברה,1,10,1,BUSY
901,61,חברה,1,14,1,BUSY
901,61,חברה,1,11,0,FREE
403,69,מינץ,1,17,1,BUSY
403,69,מינץ,1,15,0,FREE
1401,63,nan,1,19,0,FREE
1401,63,nan,1,13,1,BUSY
1401,1,nan,1,9,1,BUSY
1401,1,nan,1,11,1,BUSY
507,1,מ.ישראל,1,10,1,BUSY
507,1,מ.ישראל,1,8,0,FREE
905,62,חברה,1,12,1,BUSY
905,62,חברה,1,9,1,BUSY
504,10,מ.ישראל,1,10,1,FREE
504,10,מ.ישראל,1,19,0,FREE
505,202,מ.ישראל,1,19,0,FREE
505,202,מ.ישראל,1,14,1,BUSY
1002,102,רוח,1,9,0,FREE
1002,102,רוח,1,12,1,BUSY
410,226,יהדות,1,14,1,BUSY
410,226,יהדות,1,18,0,FREE
410,225,יהדות,1,15,1,FREE
410,225,יהדות,1,17,1,FREE
1004,407,רוח,1,18,0,FREE
1004,407,רוח,1,17,0,FREE
1004,402,רוח,1,14,1,BUSY
1004,402,רוח,1,18,1,BUSY
505,65,מ.ישראל,1,10,0,FREE
505,65,מ.ישראל,1,8,0,FREE
505,204,מ.ישראל,1,17,1,BUSY
505,204,מ.ישראל,1,12,0,BUSY
304,1,משפטים,1,17,1,BUSY
304,1,משפטים,1,9,1,BUSY
605,63,מ.ישראל,1,9,1,BUSY
605,63,מ.ישראל,1,16,1,BUSY
305,10,משפטים,1,11,1,BUSY
305,10,משפטים,1,14,1,BUSY
304,61,משפטים,1,11,0,FREE
304,61,משפטים,1,9,0,FREE
604,202,מ.ישראל,1,13,0,FREE
604,202,מ.ישראל,1,19,0,FREE
211,25,nan,1,8,1,BUSY
211,25,nan,1,10,1,BUSY
304,25,משפטים,1,16,0,FREE
304,25,משפטים,1,8,0,FREE
1105,53,הנדסה,1,19,0,FREE
1105,53,הנדסה,1,16,1,BUSY
1401,53,nan,1,14,0,FREE
1401,53,nan,1,9,1,BUSY
305,2,משפטים,1,14,0,FREE
305,2,משפטים,1,13,0,FREE
305,4,משפטים,1,8,1,BUSY
305,4,משפטים,1,14,1,BUSY
502,23,מ.ישראל,1,17,1,BUSY
502,23,מ.ישראל,1,11,1,FREE
503,1,מ.ישראל,1,11,0,FREE
503,1,מ.ישראל,1,14,1,BUSY
404,113,יהדות,1,18,0,FREE
404,113,יהדות,1,11,0,FREE
404,201,יהדות,1,14,1,BUSY
404,201,יהדות,1,18,1,BUSY
505,203,מ.ישראל,1,10,0,FREE
505,203,מ.ישראל,1,19,0,FREE
1005,19,רוח,1,8,0,FREE
1005,19,רוח,1,18,0,FREE
1005,108,רוח,1,14,0,FREE
1005,108,רוח,1,15,0,BUSY
1005,201,רוח,1,13,1,BUSY
1005,201,רוח,1,19,1,BUSY
1005,209,רוח,1,14,1,BUSY
1005,209,רוח,1,18,0,FREE
1005,207,רוח,1,14,1,BUSY
1005,207,רוח,1,13,1,BUSY
1005,203,רוח,1,14,0,FREE
1005,203,רוח,1,13,0,FREE
604,201,מ.ישראל,1,10,0,FREE
604,201,מ.ישראל,1,11,0,FREE
305,105,משפטים,1,12,1,BUSY
305,105,משפטים,1,17,0,FREE
507,37,מ.ישראל,1,10,0,FREE
507,37,מ.ישראל,1,16,0,BUSY
1104,42,הנדסה,1,16,1,FREE
1104,42,הנדסה,1,9,1,FREE
1105,42,הנדסה,1,18,0,FREE
1105,42,הנדסה,1,12,0,FREE
1103,22,הנדסה,1,15,1,BUSY
1103,22,הנדסה,1,14,1,BUSY
902,9,חברה,1,18,0,FREE
902,9,חברה,1,12,1,BUSY
304,9,משפטים,1,16,0,FREE
304,9,משפטים,1,12,0,FREE
1105,271,הנדסה,1,16,1,BUSY
1105,271,הנדסה,1,15,1,BUSY
1104,271,הנדסה,1,8,0,FREE
1104,271,הנדסה,1,18,0,FREE
507,61,מ.ישראל,1,14,0,BUSY
507,61,מ.ישראל,1,11,0,FREE
213,304,טבע,1,14,1,BUSY
213,304,טבע,1,17,1,BUSY
213,320,טבע,1,17,0,FREE
213,320,טבע,1,15,0,BUSY
1004,203,רוח,1,19,0,FREE
1004,203,רוח,1,15,0,FREE
1004,212,רוח,1,13,1,BUSY
1004,212,רוח,1,11,1,BUSY
410,328,יהדות,1,18,0,FREE
410,328,יהדות,1,16,1,BUSY
410,332,יהדות,1,8,0,FREE
410,332,יהדות,1,19,0,FREE
604,204,מ.ישראל,1,13,0,BUSY
604,204,מ.ישראל,1,19,0,BUSY
1002,203,רוח,1,13,1,BUSY
1002,203,רוח,1,17,1,BUSY
202,301,טבע,1,13,1,FREE
202,301,טבע,1,15,1,BUSY
203,4,טבע,1,12,0,FREE
203,4,טבע,1,14,0,FREE
202,221,טבע,1,19,0,BUSY
202,221,טבע,1,8,0,FREE
202,205,טבע,1,9,1,BUSY
202,205,טבע,1,19,0,BUSY
202,304,טבע,1,13,1,BUSY
202,304,טבע,1,8,0,FREE
202,505,טבע,1,17,1,BUSY
202,505,טבע,1,13,0,BUSY
202,203,טבע,1,18,0,FREE
202,203,טבע,1,8,0,FREE
202,303,טבע,1,15,1,BUSY
202,303,טבע,1,10,1,FREE
202,201,טבע,1,17,0,FREE
202,201,טבע,1,19,0,FREE
202,204,טבע,1,9,0,FREE
202,204,טבע,1,17,1,BUSY
505,505,מ.ישראל,1,11,0,FREE
505,505,מ.ישראל,1,19,0,FREE
902,301,חברה,1,13,1,BUSY
902,301,חברה,1,14,1,BUSY
902,12,חברה,1,19,0,FREE
902,12,חברה,1,18,0,FREE
902,107,חברה,1,14,0,BUSY
902,107,חברה,1,8,1,FREE
905,217,חברה,1,15,1,BUSY
905,217,חברה,1,13,1,BUSY
902,217,חברה,1,13,0,FREE
902,217,חברה,1,12,0,FREE
902,110,חברה,1,14,0,FREE
902,110,חברה,1,9,0,FREE
902,109,חברה,1,15,1,BUSY
902,109,חברה,1,11,0,FREE
507,23,מ.ישראל,1,16,0,FREE
507,23,מ.ישראל,1,15,0,FREE
1004,406,רוח,1,19,0,FREE
1004,406,רוח,1,8,0,FREE
1105,368,הנדסה,1,8,0,FREE
1105,368,הנדסה,1,16,0,BUSY
1102,2,הנדסה,1,17,1,FREE
1102,2,הנדסה,1,12,1,BUSY
1104,244,הנדסה,1,11,1,BUSY
1104,244,הנדסה,1,16,1,BUSY
1104,249,הנדסה,1,13,1,BUSY
1104,249,הנדסה,1,18,1,BUSY
1104,243,הנדסה,1,12,1,BUSY
1104,243,הנדסה,1,9,1,BUSY
1103,42,הנדסה,1,16,0,FREE
1103,42,הנדסה,1,15,0,FREE
1401,4,nan,1,8,0,FREE
1401,4,nan,1,15,1,BUSY
1105,3,הנדסה,1,9,0,BUSY
1105,3,הנדסה,1,11,0,FREE
1102,4,הנדסה,1,12,0,BUSY
1102,4,הנדסה,1,14,0,FREE
A1300,2,מעונות,1,8,0,FREE
A1300,2,מעונות,1,16,1,BUSY
A1300,1,מעונות,1,12,0,BUSY
A1300,1,מעונות,1,10,1,FREE
901,4,חברה,1,16,0,FREE
901,4,חברה,1,12,0,BUSY
1103,223,הנדסה,1,14,1,BUSY
1103,223,הנדסה,1,16,1,BUSY
1102,205,הנדסה,1,8,0,FREE
1102,205,הנדסה,1,18,0,FREE
1105,366,הנדסה,1,12,1,BUSY
1105,366,הנדסה,1,9,0,BUSY
1104,344,הנדסה,1,17,0,BUSY
1104,344,הנדסה,1,14,0,FREE
1104,347,הנדסה,1,15,0,FREE
1104,347,הנדסה,1,11,0,FREE
1103,224,הנדסה,1,19,0,FREE
1103,224,הנדסה,1,10,0,BUSY
1002,112,רוח,1,15,0,BUSY
1002,112,רוח,1,14,0,BUSY
905,119,חברה,1,10,1,BUSY
905,119,חברה,1,9,1,BUSY
905,118,חברה,1,10,1,BUSY
905,118,חברה,1,15,1,BUSY
905,319,חברה,1,11,1,BUSY
905,319,חברה,1,17,0,FREE
905,418,חברה,1,15,1,BUSY
905,418,חברה,1,18,0,FREE
905,416,חברה,1,15,0,FREE
905,416,חברה,1,10,1,FREE
905,211,חברה,1,9,0,FREE
905,211,חברה,1,10,0,BUSY
905,321,חברה,1,11,1,BUSY
905,321,חברה,1,8,0,BUSY
905,311,חברה,1,11,0,FREE
905,311,חברה,1,19,0,BUSY
905,2,חברה,1,10,0,FREE
905,2,חברה,1,19,0,FREE
905,317,חברה,1,9,0,FREE
905,317,חברה,1,14,0,BUSY
502,63,מ.ישראל,1,10,0,FREE
502,63,מ.ישראל,1,8,0,FREE
212,214,טבע,1,11,0,BUSY
212,214,טבע,1,13,0,BUSY
211,21,nan,1,17,0,FREE
211,21,nan,1,15,0,FREE
211,17,nan,1,17,0,FREE
211,17,nan,1,11,0,FREE
505,7,מ.ישראל,1,12,0,FREE
505,7,מ.ישראל,1,10,0,FREE
212,212,nan,1,11,0,BUSY
212,212,nan,1,9,0,FREE
212,1,טבע,1,11,1,BUSY
212,1,טבע,1,12,1,BUSY
304,4,משפטים,1,8,0,FREE
304,4,משפטים,1,16,0,FREE
403,3,יהדות,1,15,0,FREE
403,3,יהדות,1,13,0,FREE
905,25,חברה,1,11,0,FREE
905,25,חברה,1,9,0,FREE
212,310,טבע,1,17,1,FREE
212,310,טבע,1,12,0,FREE
212,1,nan,1,18,0,FREE
212,1,nan,1,10,1,BUSY
212,3,טבע,1,11,0,FREE
212,3,טבע,1,17,0,FREE
212,21,nan,1,19,0,FREE
212,21,nan,1,8,1,BUSY
203,212,טבע,1,17,0,FREE
203,212,טבע,1,10,0,BUSY
304,69,משפטים,1,15,0,FREE
304,69,משפטים,1,11,0,FREE
305,11,משפטים,1,19,0,FREE
305,11,משפטים,1,10,1,BUSY
901,11,חברה,1,10,0,FREE
901,11,חברה,1,16,0,FREE
211,3,nan,1,12,0,BUSY
211,3,nan,1,9,0,FREE
213,61,טבע,1,19,0,FREE
213,61,טבע,1,10,0,BUSY
211,9,nan,1,11,1,FREE
211,9,nan,1,12,0,FREE
902,1,חברה,1,10,0,FREE
902,1,חברה,1,15,0,FREE
304,7,משפטים,1,8,0,FREE
304,7,משפטים,1,14,0,FREE
403,1,מינץ,1,14,0,FREE
403,1,מינץ,1,16,0,FREE
211,7,nan,1,8,0,FREE
211,7,nan,1,13,0,FREE
501,11,מ.ישראל,1,9,0,FREE
501,11,מ.ישראל,1,11,0,BUSY
507,11,מ.ישראל,1,12,0,FREE
507,11,מ.ישראל,1,14,0,BUSY
1401,7,nan,1,11,0,BUSY
1401,7,nan,1,18,0,BUSY
211,63,nan,1,19,0,FREE
211,63,nan,1,13,0,BUSY
105,134,סטודנטים,1,11,0,BUSY
105,134,סטודנטים,1,18,0,FREE
305,3,משפטים,1,19,0,FREE
305,3,משפטים,1,10,0,BUSY
404,133,יהדות,1,13,0,BUSY
404,133,יהדות,1,19,0,FREE
306,1,משפטים,1,16,0,FREE
306,1,משפטים,1,19,0,FREE
304,132,משפטים,1,12,0,FREE
304,132,משפטים,1,18,0,FREE
105,132,סטודנטים,1,9,0,BUSY
105,132,סטודנטים,1,13,0,BUSY
404,134,יהדות,1,18,0,FREE
404,134,יהדות,1,11,0,FREE
404,65,יהדות,1,8,0,FREE
404,65,יהדות,1,13,0,FREE
102,133,סטודנטים,1,8,0,FREE
102,133,סטודנטים,1,12,0,FREE
305,104,משפטים,1,14,0,BUSY
305,104,משפטים,1,12,0,FREE
507,10,מ.ישראל,1,15,0,BUSY
507,10,מ.ישראל,1,18,0,FREE
507,62,מ.ישראל,1,12,0,BUSY
507,62,מ.ישראל,1,11,0,FREE
604,309,מ.ישראל,1,19,0,FREE
604,309,מ.ישראל,1,11,0,FREE
901,101,חברה,1,8,1,BUSY
901,101,חברה,1,16,1,BUSY
901,102,חברה,1,14,0,BUSY
901,102,חברה,1,15,1,BUSY
301,202,פלדמן,1,19,0,FREE
301,202,פלדמן,1,18,0,FREE
905,104,חברה,1,8,0,FREE
905,104,חברה,1,9,0,FREE
507,107,מ.ישראל,2,15,0,FREE
507,107,מ.ישראל,2,12,1,BUSY
905,61,חברה,2,17,1,BUSY
905,61,חברה,2,19,1,BUSY
1401,2,nan,2,19,0,BUSY
1401,2,nan,2,12,0,FREE
402,63,יהדות,2,16,1,BUSY
402,63,יהדות,2,13,1,BUSY
203,221,טבע,2,19,0,FREE
203,221,טבע,2,11,1,BUSY
1002,1,רוח,2,8,1,BUSY
1002,1,רוח,2,16,0,FREE
604,63,מ.ישראל,2,18,1,FREE
604,63,מ.ישראל,2,10,1,BUSY
604,64,מ.ישראל,2,19,0,BUSY
604,64,מ.ישראל,2,12,1,BUSY
604,105,מ.ישראל,2,13,1,FREE
604,105,מ.ישראל,2,15,1,FREE
403,211,יהדות,2,14,1,BUSY
403,211,יהדות,2,9,0,BUSY
604,102,מ.ישראל,2,19,0,BUSY
604,102,מ.ישראל,2,18,1,FREE
403,217,יהדות,2,14,1,BUSY
403,217,יהדות,2,18,0,FREE
305,133,משפטים,2,17,1,FREE
305,133,משפטים,2,12,0,FREE
504,2,מ.ישראל,2,9,0,FREE
504,2,מ.ישראל,2,13,1,BUSY
507,102,מ.ישראל,2,8,1,BUSY
507,102,מ.ישראל,2,18,1,BUSY
604,62,מ.ישראל,2,13,1,BUSY
604,62,מ.ישראל,2,11,1,BUSY
1002,405,רוח,2,12,0,FREE
1002,405,רוח,2,10,0,FREE
902,210,חברה,2,18,1,BUSY
902,210,חברה,2,11,1,BUSY
508,7,מ.ישראל,2,8,1,BUSY
508,7,מ.ישראל,2,14,1,BUSY
502,8,מ.ישראל,2,17,1,BUSY
502,8,מ.ישראל,2,10,1,FREE
605,104,מ.ישראל,2,8,0,FREE
605,104,מ.ישראל,2,13,1,BUSY
1002,61,רוח,2,15,1,BUSY
1002,61,רוח,2,14,0,FREE
507,4,מ.ישראל,2,8,0,FREE
507,4,מ.ישראל,2,9,0,FREE
504,4,מ.ישראל,2,19,1,BUSY
504,4,מ.ישראל,2,15,1,BUSY
1002,202,רוח,2,15,1,BUSY
1002,202,רוח,2,11,1,BUSY
502,6,מ.ישראל,2,13,0,FREE
502,6,מ.ישראל,2,18,1,BUSY
502,7,מ.ישראל,2,8,0,FREE
502,7,מ.ישראל,2,9,0,FREE
505,4,מ.ישראל,2,9,0,FREE
505,4,מ.ישראל,2,18,1,BUSY
502,9,מ.ישראל,2,15,1,BUSY
502,9,מ.ישראל,2,13,1,BUSY
1005,109,רוח,2,10,1,BUSY
1005,109,רוח,2,16,1,BUSY
902,103,חברה,2,8,1,BUSY
902,103,חברה,2,9,1,BUSY
502,37,מ.ישראל,2,10,1,BUSY
502,37,מ.ישראל,2,15,1,BUSY
902,201,חברה,2,12,1,BUSY
902,201,חברה,2,15,1,FREE
604,205,מ.ישראל,2,18,1,BUSY
604,205,מ.ישראל,2,13,0,BUSY
505,63,מ.ישראל,2,19,1,FREE
505,63,מ.ישראל,2,13,1,BUSY
504,5,מ.ישראל,2,18,1,BUSY
504,5,מ.ישראל,2,13,1,BUSY
305,5,משפטים,2,19,0,FREE
305,5,משפטים,2,9,0,FREE
605,14,מ.ישראל,2,15,1,BUSY
605,14,מ.ישראל,2,16,1,BUSY
505,105,מ.ישראל,2,10,1,BUSY
505,105,מ.ישראל,2,18,1,BUSY
502,24,מ.ישראל,2,16,1,BUSY
502,24,מ.ישראל,2,9,1,FREE
505,5,מ.ישראל,2,18,1,BUSY
505,5,מ.ישראל,2,9,1,BUSY
404,68,יהדות,2,8,0,FREE
404,68,יהדות,2,14,1,BUSY
305,134,משפטים,2,11,1,BUSY
305,134,משפטים,2,9,1,BUSY
105,103,סטודנטים,2,11,1,BUSY
105,103,סטודנטים,2,12,1,BUSY
105,104,סטודנטים,2,17,1,BUSY
105,104,סטודנטים,2,16,1,BUSY
105,101,סטודנטים,2,8,1,BUSY
105,101,סטודנטים,2,12,1,BUSY
105,102,סטודנטים,2,13,1,BUSY
105,102,סטודנטים,2,10,1,FREE
105,1,סטודנטים,2,12,1,BUSY
105,1,סטודנטים,2,19,0,FREE
304,3,משפטים,2,8,1,BUSY
304,3,משפטים,2,11,1,BUSY
305,6,משפטים,2,17,1,BUSY
305,6,משפטים,2,11,0,FREE
105,61,סטודנטים,2,8,1,FREE
105,61,סטודנטים,2,10,1,BUSY
105,2,סטודנטים,2,11,1,FREE
105,2,סטודנטים,2,18,0,FREE
304,2,משפטים,2,9,0,FREE
304,2,משפטים,2,17,1,BUSY
105,3,סטודנטים,2,14,1,BUSY
105,3,סטודנטים,2,9,0,FREE
605,101,מ.ישראל,2,11,1,BUSY
605,101,מ.ישראל,2,18,1,BUSY
605,102,מ.ישראל,2,19,1,BUSY
605,102,מ.ישראל,2,18,1,FREE
604,11,מ.ישראל,2,10,1,BUSY
604,11,מ.ישראל,2,11,1,BUSY
605,11,מ.ישראל,2,15,1,BUSY
605,11,מ.ישראל,2,18,1,BUSY
604,12,מ.ישראל,2,16,1,BUSY
604,12,מ.ישראל,2,18,1,FREE
504,6,מ.ישראל,2,10,1,BUSY
504,6,מ.ישראל,2,15,1,BUSY
605,202,מ.ישראל,2,16,0,FREE
605,202,מ.ישראל,2,18,0,FREE
604,14,מ.ישראל,2,14,0,BUSY
604,14,מ.ישראל,2,10,1,BUSY
507,101,מ.ישראל,2,19,0,FREE
507,101,מ.ישראל,2,10,1,BUSY
507,103,מ.ישראל,2,15,1,BUSY
507,103,מ.ישראל,2,9,1,BUSY
504,7,מ.ישראל,2,11,1,BUSY
504,7,מ.ישראל,2,16,1,BUSY
604,13,מ.ישראל,2,16,1,BUSY
604,13,מ.ישראל,2,14,1,BUSY
505,1,מ.ישראל,2,16,1,BUSY
505,1,מ.ישראל,2,18,1,BUSY
504,3,מ.ישראל,2,9,0,BUSY
504,3,מ.ישראל,2,12,1,FREE
604,101,מ.ישראל,2,16,1,BUSY
604,101,מ.ישראל,2,18,1,BUSY
507,201,מ.ישראל,2,13,1,BUSY
507,201,מ.ישראל,2,18,1,BUSY
403,67,יהדות,2,16,1,BUSY
403,67,יהדות,2,10,1,BUSY
507,204,מ.ישראל,2,10,1,BUSY
507,204,מ.ישראל,2,13,1,BUSY
505,106,מ.ישראל,2,11,1,BUSY
505,106,מ.ישראל,2,14,1,BUSY
505,62,מ.ישראל,2,16,1,BUSY
505,62,מ.ישראל,2,17,1,BUSY
505,104,מ.ישראל,2,8,1,FREE
505,104,מ.ישראל,2,13,1,BUSY
605,13,מ.ישראל,2,17,0,BUSY
605,13,מ.ישראל,2,14,1,BUSY
501,25,מ.ישראל,2,11,1,BUSY
501,25,מ.ישראל,2,10,1,BUSY
505,201,מ.ישראל,2,16,0,FREE
505,201,מ.ישראל,2,8,0,FREE
505,3,מ.ישראל,2,16,1,BUSY
505,3,מ.ישראל,2,17,1,FREE
507,207,מ.ישראל,2,17,1,BUSY
507,207,מ.ישראל,2,9,0,FREE
604,61,מ.ישראל,2,10,1,FREE
604,61,מ.ישראל,2,15,1,BUSY
507,2,מ.ישראל,2,12,1,FREE
507,2,מ.ישראל,2,13,1,FREE
505,101,מ.ישראל,2,18,1,FREE
505,101,מ.ישראל,2,14,1,BUSY
905,417,חברה,2,8,0,FREE
905,417,חברה,2,15,1,BUSY
504,1,מ.ישראל,2,10,0,FREE
504,1,מ.ישראל,2,8,0,FREE
605,201,מ.ישראל,2,15,1,BUSY
605,201,מ.ישראל,2,11,1,BUSY
604,104,מ.ישראל,2,10,0,FREE
604,104,מ.ישראל,2,16,1,BUSY
213,4,טבע,2,8,1,BUSY
213,4,טבע,2,10,1,BUSY
105,4,סטודנטים,2,8,0,BUSY
105,4,סטודנטים,2,13,1,BUSY
102,2,סטודנטים,2,12,1,BUSY
102,2,סטודנטים,2,9,0,FREE
105,5,סטודנטים,2,17,1,BUSY
105,5,סטודנטים,2,18,1,BUSY
105,105,סטודנטים,2,8,1,FREE
105,105,סטודנטים,2,14,1,BUSY
207,1,טבע,2,12,1,BUSY
207,1,טבע,2,9,1,BUSY
105,106,סטודנטים,2,8,0,FREE
105,106,סטודנטים,2,12,0,FREE
404,115,יהדות,2,9,1,FREE
404,115,יהדות,2,15,1,BUSY
403,101,יהדות,2,17,0,FREE
403,101,יהדות,2,11,1,BUSY
404,102,יהדות,2,11,1,BUSY
404,102,יהדות,2,9,1,BUSY
105,6,סטודנטים,2,11,1,BUSY
105,6,סטודנטים,2,16,0,FREE
102,4,סטודנטים,2,14,1,BUSY
102,4,סטודנטים,2,16,1,BUSY
404,114,יהדות,2,14,1,BUSY
404,114,יהדות,2,9,1,BUSY
306,111,משפטים,2,17,1,FREE
306,111,משפטים,2,9,0,FREE
505,2,מ.ישראל,2,16,1,FREE
505,2,מ.ישראל,2,11,1,BUSY
604,2,מ.ישראל,2,16,0,BUSY
604,2,מ.ישראל,2,15,0,FREE
605,61,מ.ישראל,2,11,1,BUSY
605,61,מ.ישראל,2,19,1,BUSY
410,125,יהדות,2,12,1,BUSY
410,125,יהדות,2,13,1,BUSY
410,46,יהדות,2,12,1,BUSY
410,46,יהדות,2,11,1,FREE
403,66,יהדות,2,19,0,FREE
403,66,יהדות,2,18,0,FREE
502,26,מ.ישראל,2,9,1,BUSY
502,26,מ.ישראל,2,8,0,FREE
502,25,מ.ישראל,2,16,1,BUSY
502,25,מ.ישראל,2,18,0,BUSY
403,218,יהדות,2,16,1,BUSY
403,218,יהדות,2,18,0,FREE
403,113,יהדות,2,18,0,FREE
403,113,יהדות,2,9,0,FREE
410,142,יהדות,2,15,1,BUSY
410,142,יהדות,2,10,1,FREE
505,61,מ.ישראל,2,9,0,FREE
505,61,מ.ישראל,2,16,0,FREE
505,11,מ.ישראל,2,13,0,FREE
505,11,מ.ישראל,2,11,0,BUSY
605,105,מ.ישראל,2,15,1,BUSY
605,105,מ.ישראל,2,11,1,BUSY
604,1,מ.ישראל,2,8,0,FREE
604,1,מ.ישראל,2,17,0,BUSY
507,14,מ.ישראל,2,10,1,BUSY
507,14,מ.ישראל,2,9,1,BUSY
605,4,מ.ישראל,2,15,0,BUSY
605,4,מ.ישראל,2,8,0,FREE
502,62,מ.ישראל,2,11,0,FREE
502,62,מ.ישראל,2,12,0,FREE
605,7,מ.ישראל,2,8,0,FREE
605,7,מ.ישראל,2,12,0,FREE
507,206,מ.ישראל,2,8,0,FREE
507,206,מ.ישראל,2,13,1,FREE
504,206,מ.ישראל,2,11,0,FREE
504,206,מ.ישראל,2,10,0,FREE
508,103,מ.ישראל,2,16,1,BUSY
508,103,מ.ישראל,2,13,0,BUSY
507,106,מ.ישראל,2,18,0,FREE
507,106,מ.ישראל,2,15,1,BUSY
605,106,מ.ישראל,2,11,0,FREE
605,106,מ.ישראל,2,9,0,BUSY
507,108,מ.ישראל,2,18,1,BUSY
507,108,מ.ישראל,2,9,1,BUSY
505,108,מ.ישראל,2,9,0,FREE
505,108,מ.ישראל,2,12,0,FREE
505,102,מ.ישראל,2,9,0,FREE
505,102,מ.ישראל,2,17,1,FREE
507,6,מ.ישראל,2,10,1,BUSY
507,6,מ.ישראל,2,15,1,FREE
507,208,מ.ישראל,2,8,0,FREE
507,208,מ.ישראל,2,15,0,BUSY
507,205,מ.ישראל,2,9,1,BUSY
507,205,מ.ישראל,2,14,1,BUSY
507,3,מ.ישראל,2,10,1,BUSY
507,3,מ.ישראל,2,9,1,BUSY
505,103,מ.ישראל,2,19,1,BUSY
505,103,מ.ישראל,2,14,1,BUSY
507,209,מ.ישראל,2,13,1,BUSY
507,209,מ.ישראל,2,10,1,FREE
507,202,מ.ישראל,2,9,1,BUSY
507,202,מ.ישראל,2,10,1,FREE
605,103,מ.ישראל,2,15,0,FREE
605,103,מ.ישראל,2,16,1,BUSY
403,2,יהדות,2,10,1,BUSY
403,2,יהדות,2,12,1,BUSY
507,104,מ.ישראל,2,13,1,BUSY
507,104,מ.ישראל,2,19,1,BUSY
507,5,מ.ישראל,2,11,1,BUSY
507,5,מ.ישראל,2,12,1,BUSY
507,203,מ.ישראל,2,9,0,BUSY
507,203,מ.ישראל,2,11,1,FREE
305,132,משפטים,2,13,0,FREE
305,132,משפטים,2,9,1,BUSY
902,101,חברה,2,12,1,BUSY
902,101,חברה,2,13,1,BUSY
902,104,חברה,2,11,1,BUSY
902,104,חברה,2,17,1,BUSY
1005,112,רוח,2,9,0,FREE
1005,112,רוח,2,17,0,FREE
605,65,מ.ישראל,2,11,1,FREE
605,65,מ.ישראל,2,19,1,FREE
905,116,חברה,2,16,1,BUSY
905,116,חברה,2,9,0,BUSY
203,226,טבע,2,8,0,FREE
203,226,טבע,2,12,0,BUSY
902,202,חברה,2,12,1,BUSY
902,202,חברה,2,10,1,BUSY
902,102,חברה,2,18,0,FREE
902,102,חברה,2,19,0,FREE
1002,201,רוח,2,8,0,FREE
1002,201,רוח,2,19,1,BUSY
605,12,מ.ישראל,2,8,1,BUSY
605,12,מ.ישראל,2,12,1,BUSY
502,30,מ.ישראל,2,16,1,BUSY
502,30,מ.ישראל,2,14,1,BUSY
504,63,מ.ישראל,2,18,0,BUSY
504,63,מ.ישראל,2,8,0,FREE
507,13,מ.ישראל,2,13,0,BUSY
507,13,מ.ישראל,2,14,0,FREE
507,105,מ.ישראל,2,16,1,BUSY
507,105,מ.ישראל,2,10,1,BUSY
604,103,מ.ישראל,2,17,1,FREE
604,103,מ.ישראל,2,16,1,BUSY
410,26,יהדות,2,14,0,FREE
410,26,יהדות,2,17,1,BUSY
410,6,יהדות,2,9,1,BUSY
410,6,יהדות,2,17,1,BUSY
404,66,יהדות,2,11,0,BUSY
404,66,יהדות,2,17,0,FREE
605,64,מ.ישראל,2,15,1,BUSY
605,64,מ.ישראל,2,11,1,BUSY
505,64,מ.ישראל,2,12,0,BUSY
505,64,מ.ישראל,2,10,0,FREE
403,115,יהדות,2,16,0,FREE
403,115,יהדות,2,9,0,FREE
404,67,יהדות,2,12,0,FREE
404,67,יהדות,2,11,0,FREE
1005,111,רוח,2,15,0,FREE
1005,111,רוח,2,16,1,BUSY
1004,305,רוח,2,8,0,FREE
1004,305,רוח,2,11,0,FREE
404,101,יהדות,2,14,1,BUSY
404,101,יהדות,2,8,0,BUSY
1002,305,רוח,2,18,1,BUSY
1002,305,רוח,2,13,1,BUSY
504,208,מ.ישראל,2,8,0,FREE
504,208,מ.ישראל,2,12,0,FREE
211,112,טבע,2,12,1,FREE
211,112,טבע,2,17,1,BUSY
305,63,משפטים,2,11,0,FREE
305,63,משפטים,2,19,0,FREE
306,112,משפטים,2,17,0,FREE
306,112,משפטים,2,9,0,FREE
211,106,טבע,2,11,0,FREE
211,106,טבע,2,13,1,BUSY
207,201,טבע,2,8,1,BUSY
207,201,טבע,2,9,1,BUSY
305,101,משפטים,2,15,0,BUSY
305,101,משפטים,2,8,0,BUSY
403,61,יהדות,2,9,0,FREE
403,61,יהדות,2,13,0,BUSY
202,202,טבע,2,13,0,BUSY
202,202,טבע,2,16,1,BUSY
203,106,טבע,2,9,0,FREE
203,106,טבע,2,10,0,FREE
203,112,טבע,2,18,0,BUSY
203,112,טבע,2,13,0,BUSY
105,112,סטודנטים,2,16,0,FREE
105,112,סטודנטים,2,17,0,BUSY
207,6,טבע,2,11,0,BUSY
207,6,טבע,2,9,0,FREE
207,4,טבע,2,11,0,BUSY
207,4,טבע,2,19,0,FREE
207,101,טבע,2,18,0,FREE
207,101,טבע,2,8,0,FREE
604,6,מ.ישראל,2,9,0,BUSY
604,6,מ.ישראל,2,13,1,BUSY
211,22,nan,2,18,0,FREE
211,22,nan,2,13,0,FREE
211,4,טבע,2,16,0,BUSY
211,4,טבע,2,17,0,FREE
507,7,מ.ישראל,2,8,1,BUSY
507,7,מ.ישראל,2,16,1,BUSY
1401,3,nan,2,13,1,BUSY
1401,3,nan,2,17,1,BUSY
905,63,חברה,2,18,1,BUSY
905,63,חברה,2,11,1,BUSY
901,61,חברה,2,14,1,BUSY
901,61,חברה,2,18,0,FREE
403,69,מינץ,2,19,0,FREE
403,69,מינץ,2,10,0,FREE
1401,63,nan,2,10,0,FREE
1401,63,nan,2,18,0,FREE
1401,1,nan,2,13,0,BUSY
1401,1,nan,2,17,1,BUSY
507,1,מ.ישראל,2,19,0,FREE
507,1,מ.ישראל,2,18,0,BUSY
905,62,חברה,2,16,1,BUSY
905,62,חברה,2,12,1,BUSY
504,10,מ.ישראל,2,10,0,FREE
504,10,מ.ישראל,2,19,0,BUSY
505,202,מ.ישראל,2,8,0,FREE
505,202,מ.ישראל,2,9,0,FREE
1002,102,רוח,2,15,0,FREE
1002,102,רוח,2,9,1,BUSY
410,226,יהדות,2,11,1,BUSY
410,226,יהדות,2,16,1,BUSY
410,225,יהדות,2,13,0,FREE
410,225,יהדות,2,8,1,BUSY
1004,407,רוח,2,19,0,FREE
1004,407,רוח,2,10,0,FREE
1004,402,רוח,2,8,0,FREE
1004,402,רוח,2,18,1,BUSY
505,65,מ.ישראל,2,11,0,BUSY
505,65,מ.ישראל,2,17,0,FREE
505,204,מ.ישראל,2,19,0,FREE
505,204,מ.ישראל,2,16,0,FREE
304,1,משפטים,2,12,1,BUSY
304,1,משפטים,2,19,1,BUSY
605,63,מ.ישראל,2,16,1,BUSY
605,63,מ.ישראל,2,8,0,FREE
305,10,משפטים,2,15,0,FREE
305,10,משפטים,2,13,1,BUSY
304,61,משפטים,2,13,0,FREE
304,61,משפטים,2,11,0,FREE
604,202,מ.ישראל,2,15,0,FREE
604,202,מ.ישראל,2,10,0,BUSY
211,25,nan,2,9,1,BUSY
211,25,nan,2,11,1,BUSY
304,25,משפטים,2,14,0,FREE
304,25,משפטים,2,19,0,FREE
1105,53,הנדסה,2,13,1,BUSY
1105,53,הנדסה,2,11,1,FREE
1401,53,nan,2,11,0,FREE
1401,53,nan,2,13,0,FREE
305,2,משפטים,2,9,1,BUSY
305,2,משפטים,2,17,0,FREE
305,4,משפטים,2,11,1,BUSY
305,4,משפטים,2,12,1,BUSY
502,23,מ.ישראל,2,11,0,FREE
502,23,מ.ישראל,2,14,0,FREE
503,1,מ.ישראל,2,13,0,FREE
503,1,מ.ישראל,2,10,0,BUSY
404,113,יהדות,2,14,1,FREE
404,113,יהדות,2,12,1,BUSY
404,201,יהדות,2,15,1,BUSY
404,201,יהדות,2,16,1,BUSY
505,203,מ.ישראל,2,8,1,BUSY
505,203,מ.ישראל,2,13,1,FREE
1005,19,רוח,2,18,0,FREE
1005,19,רוח,2,12,0,FREE
1005,108,רוח,2,15,0,FREE
1005,108,רוח,2,10,0,BUSY
1005,201,רוח,2,10,1,BUSY
1005,201,רוח,2,16,1,BUSY
1005,209,רוח,2,17,0,BUSY
1005,209,רוח,2,9,0,FREE
1005,207,רוח,2,17,0,FREE
1005,207,רוח,2,9,0,FREE
1005,203,רוח,2,13,0,FREE
1005,203,רוח,2,16,0,FREE
604,201,מ.ישראל,2,14,0,BUSY
604,201,מ.ישראל,2,17,0,FREE
305,105,משפטים,2,12,0,FREE
305,105,משפטים,2,13,0,FREE
507,37,מ.ישראל,2,14,0,FREE
507,37,מ.ישראל,2,19,0,FREE
1104,42,הנדסה,2,8,0,FREE
1104,42,הנדסה,2,12,1,BUSY
1105,42,הנדסה,2,16,0,BUSY
1105,42,הנדסה,2,12,0,BUSY
1103,22,הנדסה,2,13,1,BUSY
1103,22,הנדסה,2,15,1,BUSY
902,9,חברה,2,13,1,BUSY
902,9,חברה,2,18,1,BUSY
304,9,משפטים,2,18,0,BUSY
304,9,משפטים,2,11,0,FREE
1105,271,הנדסה,2,11,1,BUSY
1105,271,הנדסה,2,9,1,BUSY
1104,271,הנדסה,2,9,0,FREE
1104,271,הנדסה,2,8,0,FREE
507,61,מ.ישראל,2,12,0,BUSY
507,61,מ.ישראל,2,14,0,BUSY
213,304,טבע,2,13,1,BUSY
213,304,טבע,2,18,0,FREE
213,320,טבע,2,12,0,BUSY
213,320,טבע,2,14,0,BUSY
1004,203,רוח,2,18,1,BUSY
1004,203,רוח,2,14,0,FREE
1004,212,רוח,2,11,1,BUSY
1004,212,רוח,2,10,1,BUSY
410,328,יהדות,2,18,0,FREE
410,328,יהדות,2,17,0,FREE
410,332,יהדות,2,19,0,FREE
410,332,יהדות,2,9,0,FREE
604,204,מ.ישראל,2,8,0,FREE
604,204,מ.ישראל,2,12,0,FREE
1002,203,רוח,2,13,1,BUSY
1002,203,רוח,2,16,1,BUSY
202,301,טבע,2,14,1,BUSY
202,301,טבע,2,9,0,BUSY
203,4,טבע,2,12,0,FREE
203,4,טבע,2,19,0,FREE
202,221,טבע,2,12,0,FREE
202,221,טבע,2,14,0,BUSY
202,205,טבע,2,19,0,FREE
202,205,טבע,2,11,0,BUSY
202,304,טבע,2,11,1,FREE
202,304,טבע,2,17,0,FREE
202,505,טבע,2,10,1,FREE
202,505,טבע,2,14,0,FREE
202,203,טבע,2,8,0,FREE
202,203,טבע,2,14,0,FREE
202,303,טבע,2,19,0,BUSY
202,303,טבע,2,11,1,BUSY
202,201,טבע,2,9,0,FREE
202,201,טבע,2,16,0,FREE
202,204,טבע,2,18,0,FREE
202,204,טבע,2,12,0,FREE
505,505,מ.ישראל,2,18,0,BUSY
505,505,מ.ישראל,2,15,0,FREE
902,301,חברה,2,12,0,BUSY
902,301,חברה,2,19,1,BUSY
902,12,חברה,2,12,0,BUSY
902,12,חברה,2,17,1,BUSY
902,107,חברה,2,12,0,BUSY
902,107,חברה,2,13,0,BUSY
905,217,חברה,2,16,1,BUSY
905,217,חברה,2,15,0,FREE
902,217,חברה,2,9,0,FREE
902,217,חברה,2,8,0,BUSY
902,110,חברה,2,16,0,FREE
902,110,חברה,2,8,0,FREE
902,109,חברה,2,14,0,BUSY
902,109,חברה,2,9,0,FREE
507,23,מ.ישראל,2,10,0,FREE
507,23,מ.ישראל,2,12,0,FREE
1004,406,רוח,2,11,1,BUSY
1004,406,רוח,2,16,0,FREE
1105,368,הנדסה,2,8,0,BUSY
1105,368,הנדסה,2,19,1,BUSY
1102,2,הנדסה,2,18,0,BUSY
1102,2,הנדסה,2,19,0,FREE
1104,244,הנדסה,2,16,1,BUSY
1104,244,הנדסה,2,12,1,BUSY
1104,249,הנדסה,2,15,1,FREE
1104,249,הנדסה,2,17,1,BUSY
1104,243,הנדסה,2,16,1,BUSY
1104,243,הנדסה,2,10,1,FREE
1103,42,הנדסה,2,19,0,FREE
1103,42,הנדסה,2,11,0,BUSY
1401,4,nan,2,8,0,FREE
1401,4,nan,2,17,1,FREE
1105,3,הנדסה,2,8,0,FREE
1105,3,הנדסה,2,16,0,FREE
1102,4,הנדסה,2,17,0,FREE
1102,4,הנדסה,2,10,0,FREE
A1300,2,מעונות,2,8,0,FREE
A1300,2,מעונות,2,19,0,FREE
A1300,1,מעונות,2,15,0,FREE
A1300,1,מעונות,2,8,0,FREE
901,4,חברה,2,19,0,FREE
901,4,חברה,2,18,0,FREE
1103,223,הנדסה,2,11,0,BUSY
1103,223,הנדסה,2,19,0,BUSY
1102,205,הנדסה,2,10,0,BUSY
1102,205,הנדסה,2,13,1,BUSY
1105,366,הנדסה,2,11,0,FREE
1105,366,הנדסה,2,9,0,BUSY
1104,344,הנדסה,2,17,1,BUSY
1104,344,הנדסה,2,10,0,FREE
1104,347,הנדסה,2,17,0,FREE
1104,347,הנדסה,2,10,0,BUSY
1103,224,הנדסה,2,10,0,BUSY
1103,224,הנדסה,2,17,0,BUSY
1002,112,רוח,2,15,0,FREE
1002,112,רוח,2,8,0,BUSY
905,119,חברה,2,9,0,BUSY
905,119,חברה,2,16,1,BUSY
905,118,חברה,2,19,0,FREE
905,118,חברה,2,12,0,FREE
905,319,חברה,2,8,0,FREE
905,319,חברה,2,18,0,BUSY
905,418,חברה,2,18,0,FREE
905,418,חברה,2,19,0,FREE
905,416,חברה,2,9,0,BUSY
905,416,חברה,2,11,1,BUSY
905,211,חברה,2,12,0,FREE
905,211,חברה,2,9,0,BUSY
905,321,חברה,2,14,0,FREE
905,321,חברה,2,9,0,FREE
905,311,חברה,2,12,0,FREE
905,311,חברה,2,14,0,FREE
905,2,חברה,2,13,0,FREE
905,2,חברה,2,8,0,FREE
905,317,חברה,2,14,0,BUSY
905,317,חברה,2,18,0,FREE
502,63,מ.ישראל,2,14,0,FREE
502,63,מ.ישראל,2,17,0,BUSY
212,214,טבע,2,11,1,BUSY
212,214,טבע,2,13,0,BUSY
211,21,nan,2,12,1,BUSY
211,21,nan,2,8,0,BUSY
211,17,nan,2,12,0,FREE
211,17,nan,2,15,0,FREE
505,7,מ.ישראל,2,12,1,FREE
505,7,מ.ישראל,2,17,0,BUSY
212,212,nan,2,9,0,FREE
212,212,nan,2,17,1,BUSY
212,1,טבע,2,18,0,FREE
212,1,טבע,2,16,1,BUSY
304,4,משפטים,2,12,0,BUSY
304,4,משפטים,2,11,0,FREE
403,3,יהדות,2,18,1,BUSY
403,3,יהדות,2,11,0,FREE
905,25,חברה,2,14,0,FREE
905,25,חברה,2,9,0,FREE
212,310,טבע,2,17,1,BUSY
212,310,טבע,2,16,1,BUSY
212,1,nan,2,13,0,FREE
212,1,nan,2,10,0,FREE
212,3,טבע,2,17,0,BUSY
212,3,טבע,2,13,0,BUSY
212,21,nan,2,13,0,FREE
212,21,nan,2,14,0,BUSY
203,212,טבע,2,13,0,BUSY
203,212,טבע,2,11,0,FREE
304,69,משפטים,2,8,0,FREE
304,69,משפטים,2,18,0,FREE
305,11,משפטים,2,8,0,FREE
305,11,משפטים,2,14,0,FREE
901,11,חברה,2,8,0,FREE
901,11,חברה,2,15,0,FREE
211,3,nan,2,8,0,FREE
211,3,nan,2,9,0,FREE
213,61,טבע,2,16,0,FREE
213,61,טבע,2,13,0,BUSY
211,9,nan,2,19,0,FREE
211,9,nan,2,8,0,FREE
902,1,חברה,2,17,0,FREE
902,1,חברה,2,14,0,FREE
304,7,משפטים,2,13,0,FREE
304,7,משפטים,2,9,0,FREE
403,1,מינץ,2,18,0,FREE
403,1,מינץ,2,14,0,FREE
211,7,nan,2,18,0,FREE
211,7,nan,2,9,0,FREE
501,11,מ.ישראל,2,9,0,FREE
501,11,מ.ישראל,2,19,0,FREE
507,11,מ.ישראל,2,11,0,BUSY
507,11,מ.ישראל,2,19,0,FREE
1401,7,nan,2,13,1,BUSY
1401,7,nan,2,11,1,BUSY
211,63,nan,2,16,0,BUSY
211,63,nan,2,13,0,BUSY
105,134,סטודנטים,2,8,0,FREE
105,134,סטודנטים,2,13,0,FREE
305,3,משפטים,2,18,0,FREE
305,3,משפטים,2,19,0,FREE
404,133,יהדות,2,16,0,BUSY
404,133,יהדות,2,10,0,FREE
306,1,משפטים,2,14,1,BUSY
306,1,משפטים,2,15,1,BUSY
304,132,משפטים,2,12,0,FREE
304,132,משפטים,2,16,0,FREE
105,132,סטודנטים,2,16,0,FREE
105,132,סטודנטים,2,18,0,FREE
404,134,יהדות,2,15,0,FREE
404,134,יהדות,2,18,0,FREE
404,65,יהדות,2,18,0,FREE
404,65,יהדות,2,9,0,FREE
102,133,סטודנטים,2,17,0,FREE
102,133,סטודנטים,2,14,0,BUSY
305,104,משפטים,2,19,0,FREE
305,104,משפטים,2,18,0,FREE
507,10,מ.ישראל,2,12,0,BUSY
507,10,מ.ישראל,2,16,0,FREE
507,62,מ.ישראל,2,8,0,FREE
507,62,מ.ישראל,2,14,0,BUSY
604,309,מ.ישראל,2,9,1,BUSY
604,309,מ.ישראל,2,8,1,BUSY
901,101,חברה,2,15,1,BUSY
901,101,חברה,2,18,0,FREE
901,102,חברה,2,16,0,BUSY
901,102,חברה,2,17,0,FREE
301,202,פלדמן,2,8,0,FREE
301,202,פלדמן,2,13,0,FREE
905,104,חברה,2,19,0,FREE
905,104,חברה,2,17,0,FREE
507,107,מ.ישראל,3,17,1,BUSY
507,107,מ.ישראל,3,14,1,FREE
905,61,חברה,3,15,1,BUSY
905,61,חברה,3,17,1,BUSY
1401,2,nan,3,19,0,FREE
1401,2,nan,3,17,0,FREE
402,63,יהדות,3,17,1,FREE
402,63,יהדות,3,10,1,FREE
203,221,טבע,3,12,0,BUSY
203,221,טבע,3,11,1,FREE
1002,1,רוח,3,14,1,BUSY
1002,1,רוח,3,18,1,FREE
604,63,מ.ישראל,3,19,1,BUSY
604,63,מ.ישראל,3,17,1,BUSY
604,64,מ.ישראל,3,13,1,BUSY
604,64,מ.ישראל,3,12,1,FREE
604,105,מ.ישראל,3,18,1,BUSY
604,105,מ.ישראל,3,15,1,BUSY
403,211,יהדות,3,9,0,FREE
403,211,יהדות,3,10,1,BUSY
604,102,מ.ישראל,3,13,0,FREE
604,102,מ.ישראל,3,8,0,FREE
403,217,יהדות,3,9,0,FREE
403,217,יהדות,3,17,0,FREE
305,133,משפטים,3,12,1,BUSY
305,133,משפטים,3,16,1,BUSY
504,2,מ.ישראל,3,19,0,FREE
504,2,מ.ישראל,3,11,1,BUSY
507,102,מ.ישראל,3,9,1,BUSY
507,102,מ.ישראל,3,17,0,FREE
604,62,מ.ישראל,3,13,1,BUSY
604,62,מ.ישראל,3,18,1,BUSY
1002,405,רוח,3,17,0,FREE
1002,405,רוח,3,9,0,BUSY
902,210,חברה,3,12,1,FREE
902,210,חברה,3,13,1,BUSY
508,7,מ.ישראל,3,13,0,BUSY
508,7,מ.ישראל,3,9,0,FREE
502,8,מ.ישראל,3,19,0,FREE
502,8,מ.ישראל,3,10,1,BUSY
605,104,מ.ישראל,3,9,0,FREE
605,104,מ.ישראל,3,17,1,BUSY
1002,61,רוח,3,8,1,FREE
1002,61,רוח,3,10,1,BUSY
507,4,מ.ישראל,3,10,1,BUSY
507,4,מ.ישראל,3,19,0,FREE
504,4,מ.ישראל,3,19,0,FREE
504,4,מ.ישראל,3,14,1,BUSY
1002,202,רוח,3,18,1,BUSY
1002,202,רוח,3,15,1,FREE
502,6,מ.ישראל,3,14,1,BUSY
502,6,מ.ישראל,3,13,1,BUSY
502,7,מ.ישראל,3,15,0,BUSY
502,7,מ.ישראל,3,18,0,FREE
505,4,מ.ישראל,3,18,1,BUSY
505,4,מ.ישראל,3,10,1,BUSY
502,9,מ.ישראל,3,18,0,FREE
502,9,מ.ישראל,3,19,0,FREE
1005,109,רוח,3,12,1,BUSY
1005,109,רוח,3,10,1,BUSY
902,103,חברה,3,9,0,BUSY
902,103,חברה,3,11,1,FREE
502,37,מ.ישראל,3,9,0,FREE
502,37,מ.ישראל,3,12,0,BUSY
902,201,חברה,3,17,1,BUSY
902,201,חברה,3,18,1,BUSY
604,205,מ.ישראל,3,9,1,BUSY
604,205,מ.ישראל,3,19,0,BUSY
505,63,מ.ישראל,3,14,1,BUSY
505,63,מ.ישראל,3,16,1,BUSY
504,5,מ.ישראל,3,13,1,BUSY
504,5,מ.ישראל,3,8,0,BUSY
305,5,משפטים,3,18,0,FREE
305,5,משפטים,3,10,0,FREE
605,14,מ.ישראל,3,11,1,BUSY
605,14,מ.ישראל,3,10,1,BUSY
505,105,מ.ישראל,3,14,1,BUSY
505,105,מ.ישראל,3,15,0,FREE
502,24,מ.ישראל,3,11,1,BUSY
502,24,מ.ישראל,3,12,1,BUSY
505,5,מ.ישראל,3,19,1,BUSY
505,5,מ.ישראל,3,8,1,BUSY
404,68,יהדות,3,17,1,BUSY
404,68,יהדות,3,12,1,BUSY
305,134,משפטים,3,8,1,BUSY
305,134,משפטים,3,11,1,BUSY
105,103,סטודנטים,3,12,1,FREE
105,103,סטודנטים,3,14,0,FREE
105,104,סטודנטים,3,9,0,BUSY
105,104,סטודנטים,3,16,0,BUSY
105,101,סטודנטים,3,11,1,FREE
105,101,סטודנטים,3,10,1,BUSY
105,102,סטודנטים,3,8,1,BUSY
105,102,סטודנטים,3,9,1,FREE
105,1,סטודנטים,3,8,1,BUSY
105,1,סטודנטים,3,10,0,BUSY
304,3,משפטים,3,14,0,FREE
304,3,משפטים,3,19,1,BUSY
305,6,משפטים,3,8,0,BUSY
305,6,משפטים,3,18,0,FREE
105,61,סטודנטים,3,18,0,FREE
105,61,סטודנטים,3,11,1,FREE
105,2,סטודנטים,3,10,0,FREE
105,2,סטודנטים,3,9,0,BUSY
304,2,משפטים,3,16,1,BUSY
304,2,משפטים,3,8,0,BUSY
105,3,סטודנטים,3,9,0,FREE
105,3,סטודנטים,3,15,0,FREE
605,101,מ.ישראל,3,9,1,BUSY
605,101,מ.ישראל,3,19,1,BUSY
605,102,מ.ישראל,3,11,1,BUSY
605,102,מ.ישראל,3,13,1,BUSY
604,11,מ.ישראל,3,14,1,BUSY
604,11,מ.ישראל,3,15,1,BUSY
605,11,מ.ישראל,3,12,1,BUSY
605,11,מ.ישראל,3,19,0,FREE
604,12,מ.ישראל,3,12,1,BUSY
604,12,מ.ישראל,3,13,1,BUSY
504,6,מ.ישראל,3,18,0,FREE
504,6,מ.ישראל,3,14,0,FREE
605,202,מ.ישראל,3,16,0,FREE
605,202,מ.ישראל,3,15,0,FREE
604,14,מ.ישראל,3,14,1,BUSY
604,14,מ.ישראל,3,8,0,FREE
507,101,מ.ישראל,3,14,0,FREE
507,101,מ.ישראל,3,12,0,FREE
507,103,מ.ישראל,3,16,1,BUSY
507,103,מ.ישראל,3,8,1,BUSY
504,7,מ.ישראל,3,17,0,BUSY
504,7,מ.ישראל,3,14,0,FREE
604,13,מ.ישראל,3,10,1,BUSY
604,13,מ.ישראל,3,8,0,FREE
505,1,מ.ישראל,3,15,1,BUSY
505,1,מ.ישראל,3,8,0,FREE
504,3,מ.ישראל,3,10,0,FREE
504,3,מ.ישראל,3,19,0,FREE
604,101,מ.ישראל,3,19,1,BUSY
604,101,מ.ישראל,3,18,1,BUSY
507,201,מ.ישראל,3,13,1,BUSY
507,201,מ.ישראל,3,16,1,BUSY
403,67,יהדות,3,8,0,BUSY
403,67,יהדות,3,10,1,BUSY
507,204,מ.ישראל,3,11,1,BUSY
507,204,מ.ישראל,3,16,1,BUSY
505,106,מ.ישראל,3,9,0,BUSY
505,106,מ.ישראל,3,13,1,BUSY
505,62,מ.ישראל,3,10,0,BUSY
505,62,מ.ישראל,3,19,0,FREE
505,104,מ.ישראל,3,17,1,BUSY
505,104,מ.ישראל,3,19,1,BUSY
605,13,מ.ישראל,3,8,0,FREE
605,13,מ.ישראל,3,18,1,FREE
501,25,מ.ישראל,3,19,0,FREE
501,25,מ.ישראל,3,18,1,BUSY
505,201,מ.ישראל,3,9,0,BUSY
505,201,מ.ישראל,3,8,0,FREE
505,3,מ.ישראל,3,16,0,FREE
505,3,מ.ישראל,3,18,1,BUSY
507,207,מ.ישראל,3,10,1,BUSY
507,207,מ.ישראל,3,19,0,FREE
604,61,מ.ישראל,3,9,0,FREE
604,61,מ.ישראל,3,14,1,BUSY
507,2,מ.ישראל,3,17,1,BUSY
507,2,מ.ישראל,3,16,1,FREE
505,101,מ.ישראל,3,16,1,BUSY
505,101,מ.ישראל,3,12,1,FREE
905,417,חברה,3,18,1,BUSY
905,417,חברה,3,15,1,FREE
504,1,מ.ישראל,3,8,1,FREE
504,1,מ.ישראל,3,12,0,FREE
605,201,מ.ישראל,3,8,0,FREE
605,201,מ.ישראל,3,17,1,BUSY
604,104,מ.ישראל,3,15,1,FREE
604,104,מ.ישראל,3,14,1,BUSY
213,4,טבע,3,11,1,FREE
213,4,טבע,3,16,1,FREE
105,4,סטודנטים,3,10,0,FREE
105,4,סטודנטים,3,18,1,BUSY
102,2,סטודנטים,3,8,0,FREE
102,2,סטודנטים,3,13,0,BUSY
105,5,סטודנטים,3,19,0,FREE
105,5,סטודנטים,3,11,0,BUSY
105,105,סטודנטים,3,18,0,BUSY
105,105,סטודנטים,3,8,0,BUSY
207,1,טבע,3,15,0,FREE
207,1,טבע,3,16,0,FREE
105,106,סטודנטים,3,14,0,FREE
105,106,סטודנטים,3,10,0,BUSY
404,115,יהדות,3,11,1,BUSY
404,115,יהדות,3,8,1,BUSY
403,101,יהדות,3,9,1,BUSY
403,101,יהדות,3,16,1,BUSY
404,102,יהדות,3,12,1,FREE
404,102,יהדות,3,10,1,FREE
105,6,סטודנטים,3,14,1,BUSY
105,6,סטודנטים,3,19,0,FREE
102,4,סטודנטים,3,13,0,FREE
102,4,סטודנטים,3,16,1,BUSY
404,114,יהדות,3,8,1,BUSY
404,114,יהדות,3,13,0,FREE
306,111,משפטים,3,16,0,FREE
306,111,משפטים,3,8,1,BUSY
505,2,מ.ישראל,3,19,0,BUSY
505,2,מ.ישראל,3,11,1,BUSY
604,2,מ.ישראל,3,15,0,BUSY
604,2,מ.ישראל,3,13,0,BUSY
605,61,מ.ישראל,3,17,1,BUSY
605,61,מ.ישראל,3,10,1,BUSY
410,125,יהדות,3,15,1,BUSY
410,125,יהדות,3,14,1,BUSY
410,46,יהדות,3,18,1,BUSY
410,46,יהדות,3,13,0,FREE
403,66,יהדות,3,13,1,BUSY
403,66,יהדות,3,14,1,FREE
502,26,מ.ישראל,3,10,1,BUSY
502,26,מ.ישראל,3,8,0,FREE
502,25,מ.ישראל,3,8,0,BUSY
502,25,מ.ישראל,3,16,0,FREE
403,218,יהדות,3,11,1,BUSY
403,218,יהדות,3,12,1,BUSY
403,113,יהדות,3,10,1,BUSY
403,113,יהדות,3,17,1,BUSY
410,142,יהדות,3,12,1,BUSY
410,142,יהדות,3,19,0,FREE
505,61,מ.ישראל,3,12,0,FREE
505,61,מ.ישראל,3,17,0,FREE
505,11,מ.ישראל,3,10,1,FREE
505,11,מ.ישראל,3,19,0,BUSY
605,105,מ.ישראל,3,14,0,BUSY
605,105,מ.ישראל,3,9,0,BUSY
604,1,מ.ישראל,3,14,0,FREE
604,1,מ.ישראל,3,19,0,FREE
507,14,מ.ישראל,3,9,0,BUSY
507,14,מ.ישראל,3,10,0,FREE
605,4,מ.ישראל,3,17,0,FREE
605,4,מ.ישראל,3,14,0,BUSY
502,62,מ.ישראל,3,14,0,FREE
502,62,מ.ישראל,3,12,1,BUSY
605,7,מ.ישראל,3,18,1,BUSY
605,7,מ.ישראל,3,19,1,FREE
507,206,מ.ישראל,3,10,1,BUSY
507,206,מ.ישראל,3,11,1,BUSY
504,206,מ.ישראל,3,10,0,FREE
504,206,מ.ישראל,3,18,1,BUSY
508,103,מ.ישראל,3,11,0,BUSY
508,103,מ.ישראל,3,16,0,FREE
507,106,מ.ישראל,3,11,1,BUSY
507,106,מ.ישראל,3,16,1,BUSY
605,106,מ.ישראל,3,13,0,BUSY
605,106,מ.ישראל,3,19,0,FREE
507,108,מ.ישראל,3,17,0,BUSY
507,108,מ.ישראל,3,19,0,BUSY
505,108,מ.ישראל,3,10,0,FREE
505,108,מ.ישראל,3,13,0,FREE
505,102,מ.ישראל,3,8,1,BUSY
505,102,מ.ישראל,3,11,1,BUSY
507,6,מ.ישראל,3,18,1,BUSY
507,6,מ.ישראל,3,16,1,BUSY
507,208,מ.ישראל,3,14,0,FREE
507,208,מ.ישראל,3,16,1,BUSY
507,205,מ.ישראל,3,16,1,FREE
507,205,מ.ישראל,3,12,0,FREE
507,3,מ.ישראל,3,15,1,BUSY
507,3,מ.ישראל,3,9,1,BUSY
505,103,מ.ישראל,3,12,1,BUSY
505,103,מ.ישראל,3,18,1,BUSY
507,209,מ.ישראל,3,16,1,BUSY
507,209,מ.ישראל,3,13,0,FREE
507,202,מ.ישראל,3,9,1,BUSY
507,202,מ.ישראל,3,14,1,FREE
605,103,מ.ישראל,3,8,1,BUSY
605,103,מ.ישראל,3,18,1,BUSY
403,2,יהדות,3,14,1,BUSY
403,2,יהדות,3,8,0,FREE
507,104,מ.ישראל,3,13,1,BUSY
507,104,מ.ישראל,3,16,1,BUSY
507,5,מ.ישראל,3,9,0,FREE
507,5,מ.ישראל,3,11,1,BUSY
507,203,מ.ישראל,3,12,1,FREE
507,203,מ.ישראל,3,19,1,BUSY
305,132,משפטים,3,16,1,BUSY
305,132,משפטים,3,14,0,FREE
902,101,חברה,3,16,1,BUSY
902,101,חברה,3,15,1,FREE
902,104,חברה,3,19,1,BUSY
902,104,חברה,3,10,1,BUSY
1005,112,רוח,3,18,1,BUSY
1005,112,רוח,3,15,0,FREE
605,65,מ.ישראל,3,12,1,FREE
605,65,מ.ישראל,3,11,1,BUSY
905,116,חברה,3,19,1,BUSY
905,116,חברה,3,14,1,FREE
203,226,טבע,3,9,0,FREE
203,226,טבע,3,19,1,BUSY
902,202,חברה,3,13,1,BUSY
902,202,חברה,3,12,1,BUSY
902,102,חברה,3,16,1,BUSY
902,102,חברה,3,14,1,BUSY
1002,201,רוח,3,19,1,BUSY
1002,201,רוח,3,17,1,BUSY
605,12,מ.ישראל,3,17,1,BUSY
605,12,מ.ישראל,3,16,1,BUSY
502,30,מ.ישראל,3,12,0,FREE
502,30,מ.ישראל,3,18,0,FREE
504,63,מ.ישראל,3,8,0,FREE
504,63,מ.ישראל,3,13,0,FREE
507,13,מ.ישראל,3,12,0,BUSY
507,13,מ.ישראל,3,17,0,FREE
507,105,מ.ישראל,3,16,1,FREE
507,105,מ.ישראל,3,17,1,BUSY
604,103,מ.ישראל,3,18,1,BUSY
604,103,מ.ישראל,3,11,1,BUSY
410,26,יהדות,3,16,0,FREE
410,26,יהדות,3,15,0,FREE
410,6,יהדות,3,17,1,BUSY
410,6,יהדות,3,12,1,BUSY
404,66,יהדות,3,15,0,BUSY
404,66,יהדות,3,11,0,FREE
605,64,מ.ישראל,3,13,1,BUSY
605,64,מ.ישראל,3,19,1,BUSY
505,64,מ.ישראל,3,15,0,FREE
505,64,מ.ישראל,3,9,0,FREE
403,115,יהדות,3,11,1,BUSY
403,115,יהדות,3,14,1,BUSY
404,67,יהדות,3,10,0,FREE
404,67,יהדות,3,16,0,FREE
1005,111,רוח,3,19,1,BUSY
1005,111,רוח,3,11,1,BUSY
1004,305,רוח,3,15,0,FREE
1004,305,רוח,3,18,1,BUSY
404,101,יהדות,3,19,1,BUSY
404,101,יהדות,3,18,1,BUSY
1002,305,רוח,3,18,0,FREE
1002,305,רוח,3,14,1,BUSY
504,208,מ.ישראל,3,11,0,BUSY
504,208,מ.ישראל,3,16,0,BUSY
211,112,טבע,3,13,1,BUSY
211,112,טבע,3,14,1,BUSY
305,63,משפטים,3,12,0,FREE
305,63,משפטים,3,19,0,FREE
306,112,משפטים,3,10,0,FREE
306,112,משפטים,3,8,0,FREE
211,106,טבע,3,16,0,FREE
211,106,טבע,3,17,0,BUSY
207,201,טבע,3,12,0,BUSY
207,201,טבע,3,15,0,FREE
305,101,משפטים,3,18,0,FREE
305,101,משפטים,3,13,0,FREE
403,61,יהדות,3,13,0,FREE
403,61,יהדות,3,19,0,FREE
202,202,טבע,3,10,1,BUSY
202,202,טבע,3,15,0,BUSY
203,106,טבע,3,17,0,BUSY
203,106,טבע,3,9,0,FREE
203,112,טבע,3,10,0,FREE
203,112,טבע,3,14,0,BUSY
105,112,סטודנטים,3,14,0,FREE
105,112,סטודנטים,3,13,0,BUSY
207,6,טבע,3,18,0,FREE
207,6,טבע,3,8,0,FREE
207,4,טבע,3,15,1,BUSY
207,4,טבע,3,10,1,FREE
207,101,טבע,3,16,1,BUSY
207,101,טבע,3,17,0,BUSY
604,6,מ.ישראל,3,17,0,BUSY
604,6,מ.ישראל,3,13,0,BUSY
211,22,nan,3,18,0,FREE
211,22,nan,3,10,0,FREE
211,4,טבע,3,11,0,FREE
211,4,טבע,3,18,0,FREE
507,7,מ.ישראל,3,16,1,BUSY
507,7,מ.ישראל,3,12,1,BUSY
1401,3,nan,3,10,0,FREE
1401,3,nan,3,12,0,FREE
905,63,חברה,3,13,1,FREE
905,63,חברה,3,19,1,FREE
901,61,חברה,3,12,1,BUSY
901,61,חברה,3,13,1,BUSY
403,69,מינץ,3,13,1,BUSY
403,69,מינץ,3,11,0,BUSY
1401,63,nan,3,18,0,FREE
1401,63,nan,3,8,0,FREE
1401,1,nan,3,13,0,FREE
1401,1,nan,3,16,0,FREE
507,1,מ.ישראל,3,17,1,BUSY
507,1,מ.ישראל,3,9,1,BUSY
905,62,חברה,3,15,1,BUSY
905,62,חברה,3,13,1,BUSY
504,10,מ.ישראל,3,10,1,BUSY
504,10,מ.ישראל,3,12,1,BUSY
505,202,מ.ישראל,3,16,1,BUSY
505,202,מ.ישראל,3,17,1,BUSY
1002,102,רוח,3,10,0,FREE
1002,102,רוח,3,16,1,BUSY
410,226,יהדות,3,15,0,FREE
410,226,יהדות,3,17,1,BUSY
410,225,יהדות,3,14,1,FREE
410,225,יהדות,3,15,1,BUSY
1004,407,רוח,3,13,0,FREE
1004,407,רוח,3,14,0,FREE
1004,402,רוח,3,10,1,FREE
1004,402,רוח,3,17,1,BUSY
505,65,מ.ישראל,3,12,1,BUSY
505,65,מ.ישראל,3,9,0,FREE
505,204,מ.ישראל,3,12,0,BUSY
505,204,מ.ישראל,3,14,1,BUSY
304,1,משפטים,3,10,1,BUSY
304,1,משפטים,3,15,1,BUSY
605,63,מ.ישראל,3,18,0,FREE
605,63,מ.ישראל,3,17,1,BUSY
305,10,משפטים,3,8,0,FREE
305,10,משפטים,3,11,1,FREE
304,61,משפטים,3,13,0,FREE
304,61,משפטים,3,11,1,BUSY
604,202,מ.ישראל,3,17,0,FREE
604,202,מ.ישראל,3,8,0,FREE
211,25,nan,3,14,0,FREE
211,25,nan,3,18,0,FREE
304,25,משפטים,3,8,1,BUSY
304,25,משפטים,3,9,1,BUSY
1105,53,הנדסה,3,12,1,BUSY
1105,53,הנדסה,3,11,1,BUSY
1401,53,nan,3,10,0,FREE
1401,53,nan,3,16,0,FREE
305,2,משפטים,3,10,0,FREE
305,2,משפטים,3,18,0,FREE
305,4,משפטים,3,16,1,FREE
305,4,משפטים,3,9,1,BUSY
502,23,מ.ישראל,3,14,1,FREE
502,23,מ.ישראל,3,11,0,FREE
503,1,מ.ישראל,3,10,0,FREE
503,1,מ.ישראל,3,19,0,BUSY
404,113,יהדות,3,12,1,BUSY
404,113,יהדות,3,14,1,BUSY
404,201,יהדות,3,14,1,BUSY
404,201,יהדות,3,8,1,BUSY
505,203,מ.ישראל,3,12,0,BUSY
505,203,מ.ישראל,3,17,0,FREE
1005,19,רוח,3,11,0,FREE
1005,19,רוח,3,10,0,FREE
1005,108,רוח,3,14,0,FREE
1005,108,רוח,3,8,0,FREE
1005,201,רוח,3,19,0,FREE
1005,201,רוח,3,16,1,BUSY
1005,209,רוח,3,9,0,FREE
1005,209,רוח,3,13,0,BUSY
1005,207,רוח,3,10,0,FREE
1005,207,רוח,3,11,0,FREE
1005,203,רוח,3,14,0,FREE
1005,203,רוח,3,15,0,BUSY
604,201,מ.ישראל,3,16,0,FREE
604,201,מ.ישראל,3,9,0,FREE
305,105,משפטים,3,17,0,BUSY
305,105,משפטים,3,18,0,FREE
507,37,מ.ישראל,3,13,0,BUSY
507,37,מ.ישראל,3,10,0,FREE
1104,42,הנדסה,3,10,1,BUSY
1104,42,הנדסה,3,18,0,FREE
1105,42,הנדסה,3,11,0,FREE
1105,42,הנדסה,3,16,0,BUSY
1103,22,הנדסה,3,15,1,BUSY
1103,22,הנדסה,3,11,1,BUSY
902,9,חברה,3,19,0,FREE
902,9,חברה,3,14,1,BUSY
304,9,משפטים,3,14,0,FREE
304,9,משפטים,3,11,0,FREE
1105,271,הנדסה,3,13,1,BUSY
1105,271,הנדסה,3,12,1,BUSY
1104,271,הנדסה,3,10,0,FREE
1104,271,הנדסה,3,15,1,BUSY
507,61,מ.ישראל,3,8,0,FREE
507,61,מ.ישראל,3,13,0,FREE
213,304,טבע,3,8,1,BUSY
213,304,טבע,3,18,1,FREE
213,320,טבע,3,16,0,BUSY
213,320,טבע,3,14,0,BUSY
1004,203,רוח,3,10,1,BUSY
1004,203,רוח,3,18,0,BUSY
1004,212,רוח,3,14,1,BUSY
1004,212,רוח,3,10,0,FREE
410,328,יהדות,3,9,0,BUSY
410,328,יהדות,3,19,0,BUSY
410,332,יהדות,3,17,0,FREE
410,332,יהדות,3,13,1,BUSY
604,204,מ.ישראל,3,16,0,FREE
604,204,מ.ישראל,3,15,0,BUSY
1002,203,רוח,3,14,1,BUSY
1002,203,רוח,3,11,0,FREE
202,301,טבע,3,11,1,BUSY
202,301,טבע,3,12,1,FREE
203,4,טבע,3,15,0,FREE
203,4,טבע,3,16,0,BUSY
202,221,טבע,3,15,0,FREE
202,221,טבע,3,12,0,FREE
202,205,טבע,3,17,1,BUSY
202,205,טבע,3,10,0,FREE
202,304,טבע,3,12,1,BUSY
202,304,טבע,3,14,0,FREE
202,505,טבע,3,10,0,FREE
202,505,טבע,3,11,1,FREE
202,203,טבע,3,17,0,FREE
202,203,טבע,3,15,0,FREE
202,303,טבע,3,8,0,FREE
202,303,טבע,3,18,0,FREE
202,201,טבע,3,9,0,FREE
202,201,טבע,3,11,0,FREE
202,204,טבע,3,13,0,BUSY
202,204,טבע,3,18,0,FREE
505,505,מ.ישראל,3,19,0,FREE
505,505,מ.ישראל,3,11,0,FREE
902,301,חברה,3,14,1,BUSY
902,301,חברה,3,15,1,BUSY
902,12,חברה,3,11,1,BUSY
902,12,חברה,3,8,1,BUSY
902,107,חברה,3,18,0,BUSY
902,107,חברה,3,12,1,BUSY
905,217,חברה,3,13,1,BUSY
905,217,חברה,3,9,1,FREE
902,217,חברה,3,10,0,FREE
902,217,חברה,3,11,0,FREE
902,110,חברה,3,18,0,FREE
902,110,חברה,3,10,0,FREE
902,109,חברה,3,13,0,BUSY
902,109,חברה,3,16,0,FREE
507,23,מ.ישראל,3,11,1,BUSY
507,23,מ.ישראל,3,15,0,FREE
1004,406,רוח,3,10,0,FREE
1004,406,רוח,3,18,0,BUSY
1105,368,הנדסה,3,11,0,FREE
1105,368,הנדסה,3,19,1,BUSY
1102,2,הנדסה,3,16,1,BUSY
1102,2,הנדסה,3,19,0,BUSY
1104,244,הנדסה,3,14,1,BUSY
1104,244,הנדסה,3,17,1,BUSY
1104,249,הנדסה,3,15,1,BUSY
1104,249,הנדסה,3,11,1,BUSY
1104,243,הנדסה,3,8,0,FREE
1104,243,הנדסה,3,17,1,BUSY
1103,42,הנדסה,3,12,0,BUSY
1103,42,הנדסה,3,18,0,FREE
1401,4,nan,3,9,0,FREE
1401,4,nan,3,16,0,FREE
1105,3,הנדסה,3,8,0,FREE
1105,3,הנדסה,3,17,0,BUSY
1102,4,הנדסה,3,17,0,FREE
1102,4,הנדסה,3,16,0,FREE
A1300,2,מעונות,3,13,1,BUSY
A1300,2,מעונות,3,9,0,FREE
A1300,1,מעונות,3,15,1,BUSY
A1300,1,מעונות,3,8,0,FREE
901,4,חברה,3,14,0,FREE
901,4,חברה,3,10,0,FREE
1103,223,הנדסה,3,14,1,BUSY
1103,223,הנדסה,3,11,0,FREE
1102,205,הנדסה,3,14,0,BUSY
1102,205,הנדסה,3,13,0,BUSY
1105,366,הנדסה,3,9,0,BUSY
1105,366,הנדסה,3,10,1,BUSY
1104,344,הנדסה,3,8,0,FREE
1104,344,הנדסה,3,16,0,FREE
1104,347,הנדסה,3,17,0,BUSY
1104,347,הנדסה,3,15,0,FREE
1103,224,הנדסה,3,8,0,BUSY
1103,224,הנדסה,3,9,0,BUSY
1002,112,רוח,3,17,0,FREE
1002,112,רוח,3,13,0,FREE
905,119,חברה,3,8,1,BUSY
905,119,חברה,3,12,1,BUSY
905,118,חברה,3,17,0,FREE
905,118,חברה,3,11,0,FREE
905,319,חברה,3,16,0,BUSY
905,319,חברה,3,18,0,FREE
905,418,חברה,3,19,0,FREE
905,418,חברה,3,13,1,FREE
905,416,חברה,3,13,0,FREE
905,416,חברה,3,11,0,BUSY
905,211,חברה,3,17,0,BUSY
905,211,חברה,3,12,0,FREE
905,321,חברה,3,8,0,FREE
905,321,חברה,3,12,0,BUSY
905,311,חברה,3,9,0,BUSY
905,311,חברה,3,12,0,FREE
905,2,חברה,3,17,0,FREE
905,2,חברה,3,19,0,FREE
905,317,חברה,3,17,0,FREE
905,317,חברה,3,9,0,BUSY
502,63,מ.ישראל,3,18,0,FREE
502,63,מ.ישראל,3,12,1,BUSY
212,214,טבע,3,8,0,FREE
212,214,טבע,3,14,0,BUSY
211,21,nan,3,16,1,BUSY
211,21,nan,3,8,1,FREE
211,17,nan,3,18,0,FREE
211,17,nan,3,14,0,FREE
505,7,מ.ישראל,3,15,0,FREE
505,7,מ.ישראל,3,9,0,BUSY
212,212,nan,3,19,0,FREE
212,212,nan,3,9,0,BUSY
212,1,טבע,3,9,0,FREE
212,1,טבע,3,15,0,BUSY
304,4,משפטים,3,10,0,FREE
304,4,משפטים,3,9,0,FREE
403,3,יהדות,3,14,0,BUSY
403,3,יהדות,3,10,0,FREE
905,25,חברה,3,8,0,BUSY
905,25,חברה,3,12,0,FREE
212,310,טבע,3,19,0,FREE
212,310,טבע,3,13,1,BUSY
212,1,nan,3,17,0,FREE
212,1,nan,3,19,0,FREE
212,3,טבע,3,19,0,BUSY
212,3,טבע,3,10,0,FREE
212,21,nan,3,18,0,FREE
212,21,nan,3,15,0,FREE
203,212,טבע,3,13,0,BUSY
203,212,טבע,3,17,0,FREE
304,69,משפטים,3,11,0,FREE
304,69,משפטים,3,8,0,FREE
305,11,משפטים,3,13,0,FREE
305,11,משפטים,3,9,1,BUSY
901,11,חברה,3,8,0,FREE
901,11,חברה,3,11,0,BUSY
211,3,nan,3,10,0,FREE
211,3,nan,3,9,0,FREE
213,61,טבע,3,15,0,FREE
213,61,טבע,3,18,0,BUSY
211,9,nan,3,12,0,FREE
211,9,nan,3,8,0,FREE
902,1,חברה,3,14,0,BUSY
902,1,חברה,3,15,0,BUSY
304,7,משפטים,3,19,0,FREE
304,7,משפטים,3,17,0,FREE
403,1,מינץ,3,13,0,FREE
403,1,מינץ,3,12,0,FREE
211,7,nan,3,11,0,FREE
211,7,nan,3,12,0,FREE
501,11,מ.ישראל,3,17,0,FREE
501,11,מ.ישראל,3,13,0,BUSY
507,11,מ.ישראל,3,18,0,FREE
507,11,מ.ישראל,3,10,1,BUSY
1401,7,nan,3,17,0,FREE
1401,7,nan,3,16,0,FREE
211,63,nan,3,10,0,FREE
211,63,nan,3,17,0,FREE
105,134,סטודנטים,3,17,0,FREE
105,134,סטודנטים,3,8,0,FREE
305,3,משפטים,3,11,0,FREE
305,3,משפטים,3,12,0,FREE
404,133,יהדות,3,11,0,FREE
404,133,יהדות,3,19,0,FREE
306,1,משפטים,3,12,0,BUSY
306,1,משפטים,3,9,0,FREE
304,132,משפטים,3,13,0,FREE
304,132,משפטים,3,11,0,FREE
105,132,סטודנטים,3,10,0,BUSY
105,132,סטודנטים,3,12,0,BUSY
404,134,יהדות,3,19,0,FREE
404,134,יהדות,3,17,0,FREE
404,65,יהדות,3,10,0,FREE
404,65,יהדות,3,17,0,FREE
102,133,סטודנטים,3,11,0,FREE
102,133,סטודנטים,3,17,1,BUSY
305,104,משפטים,3,16,0,FREE
305,104,משפטים,3,17,0,FREE
507,10,מ.ישראל,3,13,0,BUSY
507,10,מ.ישראל,3,19,0,FREE
507,62,מ.ישראל,3,8,0,FREE
507,62,מ.ישראל,3,10,1,BUSY
604,309,מ.ישראל,3,9,1,BUSY
604,309,מ.ישראל,3,14,1,BUSY
901,101,חברה,3,11,1,BUSY
901,101,חברה,3,16,1,BUSY
901,102,חברה,3,12,0,FREE
901,102,חברה,3,18,0,BUSY
301,202,פלדמן,3,17,0,FREE
301,202,פלדמן,3,18,0,FREE
905,104,חברה,3,8,0,FREE
905,104,חברה,3,16,0,FREE
507,107,מ.ישראל,4,16,0,BUSY
507,107,מ.ישראל,4,12,1,BUSY
905,61,חברה,4,13,1,FREE
905,61,חברה,4,11,1,BUSY
1401,2,nan,4,12,0,FREE
1401,2,nan,4,19,0,FREE
402,63,יהדות,4,14,0,FREE
402,63,יהדות,4,16,0,FREE
203,221,טבע,4,18,1,BUSY
203,221,טבע,4,11,1,FREE
1002,1,רוח,4,19,0,FREE
1002,1,רוח,4,15,0,FREE
604,63,מ.ישראל,4,17,0,FREE
604,63,מ.ישראל,4,18,1,BUSY
604,64,מ.ישראל,4,19,0,FREE
604,64,מ.ישראל,4,17,1,BUSY
604,105,מ.ישראל,4,12,1,BUSY
604,105,מ.ישראל,4,19,0,FREE
403,211,יהדות,4,8,0,FREE
403,211,יהדות,4,19,0,FREE
604,102,מ.ישראל,4,14,1,BUSY
604,102,מ.ישראל,4,12,1,BUSY
403,217,יהדות,4,18,0,FREE
403,217,יהדות,4,13,0,FREE
305,133,משפטים,4,13,1,BUSY
305,133,משפטים,4,19,0,FREE
504,2,מ.ישראל,4,8,0,BUSY
504,2,מ.ישראל,4,14,0,FREE
507,102,מ.ישראל,4,14,1,BUSY
507,102,מ.ישראל,4,12,1,BUSY
604,62,מ.ישראל,4,11,0,BUSY
604,62,מ.ישראל,4,13,0,FREE
1002,405,רוח,4,10,0,FREE
1002,405,רוח,4,15,0,FREE
902,210,חברה,4,19,0,FREE
902,210,חברה,4,10,1,BUSY
508,7,מ.ישראל,4,14,1,FREE
508,7,מ.ישראל,4,13,0,BUSY
502,8,מ.ישראל,4,12,0,FREE
502,8,מ.ישראל,4,10,0,FREE
605,104,מ.ישראל,4,8,1,BUSY
605,104,מ.ישראל,4,18,1,BUSY
1002,61,רוח,4,15,0,FREE
1002,61,רוח,4,17,0,FREE
507,4,מ.ישראל,4,8,1,BUSY
507,4,מ.ישראל,4,9,1,BUSY
504,4,מ.ישראל,4,13,1,BUSY
504,4,מ.ישראל,4,12,1,BUSY
1002,202,רוח,4,9,0,FREE
1002,202,רוח,4,19,1,BUSY
502,6,מ.ישראל,4,8,0,FREE
502,6,מ.ישראל,4,17,0,FREE
502,7,מ.ישראל,4,18,0,FREE
502,7,מ.ישראל,4,19,0,FREE
505,4,מ.ישראל,4,16,0,FREE
505,4,מ.ישראל,4,14,0,FREE
502,9,מ.ישראל,4,15,0,FREE
502,9,מ.ישראל,4,18,0,FREE
1005,109,רוח,4,16,0,FREE
1005,109,רוח,4,9,0,BUSY
902,103,חברה,4,18,0,FREE
902,103,חברה,4,13,1,FREE
502,37,מ.ישראל,4,12,0,BUSY
502,37,מ.ישראל,4,17,1,FREE
902,201,חברה,4,8,0,FREE
902,201,חברה,4,15,1,BUSY
604,205,מ.ישראל,4,10,1,BUSY
604,205,מ.ישראל,4,17,1,FREE
505,63,מ.ישראל,4,9,1,BUSY
505,63,מ.ישראל,4,13,0,BUSY
504,5,מ.ישראל,4,18,1,BUSY
504,5,מ.ישראל,4,13,0,FREE
305,5,משפטים,4,8,0,FREE
305,5,משפטים,4,12,0,FREE
605,14,מ.ישראל,4,17,0,FREE
605,14,מ.ישראל,4,19,0,FREE
505,105,מ.ישראל,4,12,1,FREE
505,105,מ.ישראל,4,16,1,BUSY
502,24,מ.ישראל,4,17,0,FREE
502,24,מ.ישראל,4,15,0,BUSY
505,5,מ.ישראל,4,19,0,FREE
505,5,מ.ישראל,4,13,1,BUSY
404,68,יהדות,4,18,1,FREE
404,68,יהדות,4,15,0,FREE
305,134,משפטים,4,12,1,BUSY
305,134,משפטים,4,15,1,BUSY
105,103,סטודנטים,4,14,1,BUSY
105,103,סטודנטים,4,12,1,FREE
105,104,סטודנטים,4,15,1,BUSY
105,104,סטודנטים,4,18,0,FREE
105,101,סטודנטים,4,10,1,BUSY
105,101,סטודנטים,4,13,1,FREE
105,102,סטודנטים,4,13,1,BUSY
105,102,סטודנטים,4,11,1,BUSY
105,1,סטודנטים,4,17,1,BUSY
105,1,סטודנטים,4,13,0,FREE
304,3,משפטים,4,8,1,BUSY
304,3,משפטים,4,13,1,BUSY
305,6,משפטים,4,11,1,BUSY
305,6,משפטים,4,16,1,BUSY
105,61,סטודנטים,4,14,1,BUSY
105,61,סטודנטים,4,19,1,FREE
105,2,סטודנטים,4,12,1,BUSY
105,2,סטודנטים,4,16,0,FREE
304,2,משפטים,4,10,0,FREE
304,2,משפטים,4,18,0,FREE
105,3,סטודנטים,4,17,0,FREE
105,3,סטודנטים,4,16,0,FREE
605,101,מ.ישראל,4,10,1,BUSY
605,101,מ.ישראל,4,18,0,FREE
605,102,מ.ישראל,4,9,1,FREE
605,102,מ.ישראל,4,17,0,FREE
604,11,מ.ישראל,4,15,0,FREE
604,11,מ.ישראל,4,13,0,FREE
605,11,מ.ישראל,4,9,0,FREE
605,11,מ.ישראל,4,16,1,FREE
604,12,מ.ישראל,4,12,0,BUSY
604,12,מ.ישראל,4,11,0,FREE
504,6,מ.ישראל,4,13,1,BUSY
504,6,מ.ישראל,4,16,0,BUSY
605,202,מ.ישראל,4,17,0,FREE
605,202,מ.ישראל,4,9,0,FREE
604,14,מ.ישראל,4,9,0,FREE
604,14,מ.ישראל,4,17,1,BUSY
507,101,מ.ישראל,4,18,1,BUSY
507,101,מ.ישראל,4,17,1,FREE
507,103,מ.ישראל,4,14,1,BUSY
507,103,מ.ישראל,4,13,1,BUSY
504,7,מ.ישראל,4,19,1,FREE
504,7,מ.ישראל,4,14,0,FREE
604,13,מ.ישראל,4,14,1,BUSY
604,13,מ.ישראל,4,12,1,BUSY
505,1,מ.ישראל,4,17,0,FREE
505,1,מ.ישראל,4,10,0,FREE
504,3,מ.ישראל,4,10,0,FREE
504,3,מ.ישראל,4,18,1,FREE
604,101,מ.ישראל,4,18,1,FREE
604,101,מ.ישראל,4,16,1,FREE
507,201,מ.ישראל,4,16,0,FREE
507,201,מ.ישראל,4,11,0,FREE
403,67,יהדות,4,17,1,BUSY
403,67,יהדות,4,15,1,BUSY
507,204,מ.ישראל,4,17,1,FREE
507,204,מ.ישראל,4,12,0,FREE
505,106,מ.ישראל,4,16,1,BUSY
505,106,מ.ישראל,4,18,1,BUSY
505,62,מ.ישראל,4,13,1,BUSY
505,62,מ.ישראל,4,11,1,BUSY
505,104,מ.ישראל,4,9,1,BUSY
505,104,מ.ישראל,4,15,1,BUSY
605,13,מ.ישראל,4,11,1,BUSY
605,13,מ.ישראל,4,14,0,FREE
501,25,מ.ישראל,4,12,1,BUSY
501,25,מ.ישראל,4,11,1,BUSY
505,201,מ.ישראל,4,9,0,FREE
505,201,מ.ישראל,4,10,0,FREE
505,3,מ.ישראל,4,8,0,FREE
505,3,מ.ישראל,4,13,0,FREE
507,207,מ.ישראל,4,14,1,BUSY
507,207,מ.ישראל,4,9,1,FREE
604,61,מ.ישראל,4,14,0,FREE
604,61,מ.ישראל,4,17,0,FREE
507,2,מ.ישראל,4,9,1,BUSY
507,2,מ.ישראל,4,8,1,BUSY
505,101,מ.ישראל,4,11,0,FREE
505,101,מ.ישראל,4,15,0,FREE
905,417,חברה,4,19,1,BUSY
905,417,חברה,4,12,1,FREE
504,1,מ.ישראל,4,9,0,FREE
504,1,מ.ישראל,4,15,1,BUSY
605,201,מ.ישראל,4,16,0,FREE
605,201,מ.ישראל,4,9,0,FREE
604,104,מ.ישראל,4,17,1,BUSY
604,104,מ.ישראל,4,14,1,BUSY
213,4,טבע,4,16,0,FREE
213,4,טבע,4,9,0,FREE
105,4,סטודנטים,4,16,1,FREE
105,4,סטודנטים,4,17,1,BUSY
102,2,סטודנטים,4,15,1,BUSY
102,2,סטודנטים,4,17,1,BUSY
105,5,סטודנטים,4,9,0,FREE
105,5,סטודנטים,4,19,0,FREE
105,105,סטודנטים,4,15,1,BUSY
105,105,סטודנטים,4,16,0,BUSY
207,1,טבע,4,12,1,BUSY
207,1,טבע,4,11,1,BUSY
105,106,סטודנטים,4,19,1,FREE
105,106,סטודנטים,4,17,1,BUSY
404,115,יהדות,4,8,1,BUSY
404,115,יהדות,4,11,1,BUSY
403,101,יהדות,4,14,0,FREE
403,101,יהדות,4,18,0,FREE
404,102,יהדות,4,16,1,BUSY
404,102,יהדות,4,11,0,FREE
105,6,סטודנטים,4,12,1,BUSY
105,6,סטודנטים,4,19,0,FREE
102,4,סטודנטים,4,10,1,BUSY
102,4,סטודנטים,4,17,0,BUSY
404,114,יהדות,4,17,1,BUSY
404,114,יהדות,4,16,1,FREE
306,111,משפטים,4,15,1,BUSY
306,111,משפטים,4,19,0,FREE
505,2,מ.ישראל,4,19,1,BUSY
505,2,מ.ישראל,4,8,1,BUSY
604,2,מ.ישראל,4,16,1,BUSY
604,2,מ.ישראל,4,15,1,BUSY
605,61,מ.ישראל,4,19,0,FREE
605,61,מ.ישראל,4,17,0,FREE
410,125,יהדות,4,18,0,FREE
410,125,יהדות,4,17,1,FREE
410,46,יהדות,4,17,1,BUSY
410,46,יהדות,4,8,1,BUSY
403,66,יהדות,4,19,0,FREE
403,66,יהדות,4,14,1,BUSY
502,26,מ.ישראל,4,9,0,FREE
502,26,מ.ישראל,4,12,1,BUSY
502,25,מ.ישראל,4,19,0,FREE
502,25,מ.ישראל,4,14,0,FREE
403,218,יהדות,4,8,1,FREE
403,218,יהדות,4,16,1,FREE
403,113,יהדות,4,13,0,FREE
403,113,יהדות,4,10,0,FREE
410,142,יהדות,4,19,0,FREE
410,142,יהדות,4,8,0,FREE
505,61,מ.ישראל,4,15,1,BUSY
505,61,מ.ישראל,4,18,0,FREE
505,11,מ.ישראל,4,8,0,FREE
505,11,מ.ישראל,4,13,0,FREE
605,105,מ.ישראל,4,16,1,FREE
605,105,מ.ישראל,4,8,0,FREE
604,1,מ.ישראל,4,11,0,BUSY
604,1,מ.ישראל,4,16,1,FREE
507,14,מ.ישראל,4,8,0,FREE
507,14,מ.ישראל,4,12,0,BUSY
605,4,מ.ישראל,4,12,0,BUSY
605,4,מ.ישראל,4,8,1,BUSY
502,62,מ.ישראל,4,13,0,FREE
502,62,מ.ישראל,4,17,0,FREE
605,7,מ.ישראל,4,9,0,FREE
605,7,מ.ישראל,4,18,0,FREE
507,206,מ.ישראל,4,9,1,BUSY
507,206,מ.ישראל,4,16,1,BUSY
504,206,מ.ישראל,4,8,0,FREE
504,206,מ.ישראל,4,11,0,FREE
508,103,מ.ישראל,4,9,0,FREE
508,103,מ.ישראל,4,19,0,FREE
507,106,מ.ישראל,4,13,1,BUSY
507,106,מ.ישראל,4,9,1,BUSY
605,106,מ.ישראל,4,10,0,FREE
605,106,מ.ישראל,4,9,0,BUSY
507,108,מ.ישראל,4,12,0,FREE
507,108,מ.ישראל,4,19,1,BUSY
505,108,מ.ישראל,4,14,0,FREE
505,108,מ.ישראל,4,19,0,FREE
505,102,מ.ישראל,4,15,1,BUSY
505,102,מ.ישראל,4,16,0,FREE
507,6,מ.ישראל,4,12,0,FREE
507,6,מ.ישראל,4,13,0,FREE
507,208,מ.ישראל,4,15,1,BUSY
507,208,מ.ישראל,4,10,1,BUSY
507,205,מ.ישראל,4,13,1,BUSY
507,205,מ.ישראל,4,16,0,FREE
507,3,מ.ישראל,4,16,1,FREE
507,3,מ.ישראל,4,9,0,FREE
505,103,מ.ישראל,4,9,1,BUSY
505,103,מ.ישראל,4,8,1,BUSY
507,209,מ.ישראל,4,13,1,BUSY
507,209,מ.ישראל,4,10,1,FREE
507,202,מ.ישראל,4,16,0,FREE
507,202,מ.ישראל,4,19,0,FREE
605,103,מ.ישראל,4,16,1,FREE
605,103,מ.ישראל,4,13,0,BUSY
403,2,יהדות,4,8,0,FREE
403,2,יהדות,4,18,1,FREE
507,104,מ.ישראל,4,9,1,FREE
507,104,מ.ישראל,4,16,1,BUSY
507,5,מ.ישראל,4,8,0,FREE
507,5,מ.ישראל,4,15,0,FREE
507,203,מ.ישראל,4,15,1,BUSY
507,203,מ.ישראל,4,17,1,BUSY
305,132,משפטים,4,16,1,BUSY
305,132,משפטים,4,14,1,BUSY
902,101,חברה,4,10,0,FREE
902,101,חברה,4,18,0,FREE
902,104,חברה,4,17,0,FREE
902,104,חברה,4,9,0,FREE
1005,112,רוח,4,13,0,BUSY
1005,112,רוח,4,15,0,FREE
605,65,מ.ישראל,4,19,1,BUSY
605,65,מ.ישראל,4,9,0,FREE
905,116,חברה,4,15,1,BUSY
905,116,חברה,4,11,1,BUSY
203,226,טבע,4,13,0,FREE
203,226,טבע,4,12,0,BUSY
902,202,חברה,4,15,1,BUSY
902,202,חברה,4,11,1,BUSY
902,102,חברה,4,14,1,FREE
902,102,חברה,4,19,0,FREE
1002,201,רוח,4,13,1,FREE
1002,201,רוח,4,17,1,FREE
605,12,מ.ישראל,4,11,0,FREE
605,12,מ.ישראל,4,18,0,FREE
502,30,מ.ישראל,4,9,0,FREE
502,30,מ.ישראל,4,11,0,FREE
504,63,מ.ישראל,4,16,0,FREE
504,63,מ.ישראל,4,9,0,FREE
507,13,מ.ישראל,4,19,0,FREE
507,13,מ.ישראל,4,10,0,FREE
507,105,מ.ישראל,4,9,0,FREE
507,105,מ.ישראל,4,11,0,FREE
604,103,מ.ישראל,4,17,1,FREE
604,103,מ.ישראל,4,8,0,BUSY
410,26,יהדות,4,11,0,FREE
410,26,יהדות,4,8,0,FREE
410,6,יהדות,4,14,0,BUSY
410,6,יהדות,4,18,0,FREE
404,66,יהדות,4,17,0,FREE
404,66,יהדות,4,8,0,BUSY
605,64,מ.ישראל,4,18,1,BUSY
605,64,מ.ישראל,4,17,0,FREE
505,64,מ.ישראל,4,13,1,BUSY
505,64,מ.ישראל,4,17,0,FREE
403,115,יהדות,4,18,0,FREE
403,115,יהדות,4,8,0,FREE
404,67,יהדות,4,10,0,FREE
404,67,יהדות,4,9,0,FREE
1005,111,רוח,4,19,0,FREE
1005,111,רוח,4,14,1,BUSY
1004,305,רוח,4,12,0,BUSY
1004,305,רוח,4,15,0,FREE
404,101,יהדות,4,8,1,BUSY
404,101,יהדות,4,10,1,FREE
1002,305,רוח,4,8,0,FREE
1002,305,רוח,4,19,0,FREE
504,208,מ.ישראל,4,15,0,BUSY
504,208,מ.ישראל,4,12,0,BUSY
211,112,טבע,4,9,1,BUSY
211,112,טבע,4,14,1,BUSY
305,63,משפטים,4,10,0,FREE
305,63,משפטים,4,14,1,BUSY
306,112,משפטים,4,14,0,FREE
306,112,משפטים,4,11,0,FREE
211,106,טבע,4,9,0,FREE
211,106,טבע,4,11,0,BUSY
207,201,טבע,4,14,0,FREE
207,201,טבע,4,16,1,BUSY
305,101,משפטים,4,11,0,FREE
305,101,משפטים,4,17,0,FREE
403,61,יהדות,4,19,0,FREE
403,61,יהדות,4,16,0,BUSY
202,202,טבע,4,11,0,FREE
202,202,טבע,4,9,0,FREE
203,106,טבע,4,13,1,BUSY
203,106,טבע,4,11,0,FREE
203,112,טבע,4,11,0,BUSY
203,112,טבע,4,18,0,FREE
105,112,סטודנטים,4,14,1,BUSY
105,112,סטודנטים,4,15,0,FREE
207,6,טבע,4,15,0,FREE
207,6,טבע,4,8,0,BUSY
207,4,טבע,4,10,0,BUSY
207,4,טבע,4,9,0,FREE
207,101,טבע,4,12,1,BUSY
207,101,טבע,4,15,0,BUSY
604,6,מ.ישראל,4,16,0,FREE
604,6,מ.ישראל,4,11,0,FREE
211,22,nan,4,13,0,FREE
211,22,nan,4,16,0,FREE
211,4,טבע,4,11,0,FREE
211,4,טבע,4,13,0,FREE
507,7,מ.ישראל,4,10,0,FREE
507,7,מ.ישראל,4,19,1,BUSY
1401,3,nan,4,10,0,FREE
1401,3,nan,4,8,0,FREE
905,63,חברה,4,19,1,FREE
905,63,חברה,4,13,1,BUSY
901,61,חברה,4,15,0,FREE
901,61,חברה,4,10,0,FREE
403,69,מינץ,4,13,0,FREE
403,69,מינץ,4,17,0,FREE
1401,63,nan,4,14,0,BUSY
1401,63,nan,4,16,0,FREE
1401,1,nan,4,9,0,FREE
1401,1,nan,4,14,0,FREE
507,1,מ.ישראל,4,16,0,FREE
507,1,מ.ישראל,4,8,0,FREE
905,62,חברה,4,19,1,FREE
905,62,חברה,4,15,0,FREE
504,10,מ.ישראל,4,9,0,FREE
504,10,מ.ישראל,4,19,1,BUSY
505,202,מ.ישראל,4,17,0,FREE
505,202,מ.ישראל,4,16,0,FREE
1002,102,רוח,4,14,0,FREE
1002,102,רוח,4,9,0,FREE
410,226,יהדות,4,19,0,FREE
410,226,יהדות,4,16,1,BUSY
410,225,יהדות,4,19,0,FREE
410,225,יהדות,4,15,0,FREE
1004,407,רוח,4,16,0,FREE
1004,407,רוח,4,13,0,FREE
1004,402,רוח,4,19,0,FREE
1004,402,רוח,4,16,1,BUSY
505,65,מ.ישראל,4,17,1,FREE
505,65,מ.ישראל,4,10,0,FREE
505,204,מ.ישראל,4,9,0,FREE
505,204,מ.ישראל,4,8,0,BUSY
304,1,משפטים,4,15,1,FREE
304,1,משפטים,4,10,1,BUSY
605,63,מ.ישראל,4,17,0,FREE
605,63,מ.ישראל,4,9,0,FREE
305,10,משפטים,4,19,1,FREE
305,10,משפטים,4,14,0,FREE
304,61,משפטים,4,13,0,BUSY
304,61,משפטים,4,10,0,FREE
604,202,מ.ישראל,4,11,0,FREE
604,202,מ.ישראל,4,8,0,FREE
211,25,nan,4,14,1,BUSY
211,25,nan,4,19,0,FREE
304,25,משפטים,4,15,0,FREE
304,25,משפטים,4,13,0,FREE
1105,53,הנדסה,4,14,0,FREE
1105,53,הנדסה,4,17,1,BUSY
1401,53,nan,4,14,0,FREE
1401,53,nan,4,17,0,FREE
305,2,משפטים,4,14,0,FREE
305,2,משפטים,4,19,0,FREE
305,4,משפטים,4,16,1,BUSY
305,4,משפטים,4,13,0,FREE
502,23,מ.ישראל,4,16,0,FREE
502,23,מ.ישראל,4,15,0,FREE
503,1,מ.ישראל,4,11,0,BUSY
503,1,מ.ישראל,4,10,0,FREE
404,113,יהדות,4,17,0,FREE
404,113,יהדות,4,13,0,FREE
404,201,יהדות,4,14,0,FREE
404,201,יהדות,4,8,0,FREE
505,203,מ.ישראל,4,9,1,BUSY
505,203,מ.ישראל,4,17,0,FREE
1005,19,רוח,4,11,1,BUSY
1005,19,רוח,4,15,1,BUSY
1005,108,רוח,4,8,1,BUSY
1005,108,רוח,4,19,0,FREE
1005,201,רוח,4,9,0,FREE
1005,201,רוח,4,10,0,FREE
1005,209,רוח,4,15,0,FREE
1005,209,רוח,4,18,0,FREE
1005,207,רוח,4,14,0,FREE
1005,207,רוח,4,12,0,FREE
1005,203,רוח,4,9,0,FREE
1005,203,רוח,4,14,0,FREE
604,201,מ.ישראל,4,15,1,BUSY
604,201,מ.ישראל,4,16,1,BUSY
305,105,משפטים,4,15,0,FREE
305,105,משפטים,4,9,0,FREE
507,37,מ.ישראל,4,9,0,FREE
507,37,מ.ישראל,4,8,0,FREE
1104,42,הנדסה,4,8,0,BUSY
1104,42,הנדסה,4,19,0,BUSY
1105,42,הנדסה,4,14,0,FREE
1105,42,הנדסה,4,11,0,BUSY
1103,22,הנדסה,4,9,0,FREE
1103,22,הנדסה,4,17,1,BUSY
902,9,חברה,4,11,1,BUSY
902,9,חברה,4,15,1,BUSY
304,9,משפטים,4,11,0,FREE
304,9,משפטים,4,13,0,FREE
1105,271,הנדסה,4,16,1,BUSY
1105,271,הנדסה,4,18,1,BUSY
1104,271,הנדסה,4,15,0,BUSY
1104,271,הנדסה,4,18,0,FREE
507,61,מ.ישראל,4,8,0,FREE
507,61,מ.ישראל,4,17,0,FREE
213,304,טבע,4,12,0,FREE
213,304,טבע,4,10,0,FREE
213,320,טבע,4,19,0,FREE
213,320,טבע,4,15,0,FREE
1004,203,רוח,4,14,0,FREE
1004,203,רוח,4,18,0,FREE
1004,212,רוח,4,10,0,FREE
1004,212,רוח,4,17,0,FREE
410,328,יהדות,4,13,0,FREE
410,328,יהדות,4,16,0,FREE
410,332,יהדות,4,9,0,FREE
410,332,יהדות,4,14,0,BUSY
604,204,מ.ישראל,4,19,0,FREE
604,204,מ.ישראל,4,15,1,BUSY
1002,203,רוח,4,19,1,BUSY
1002,203,רוח,4,18,1,FREE
202,301,טבע,4,14,1,BUSY
202,301,טבע,4,9,0,BUSY
203,4,טבע,4,17,1,BUSY
203,4,טבע,4,18,0,FREE
202,221,טבע,4,10,0,FREE
202,221,טבע,4,11,0,FREE
202,205,טבע,4,19,0,FREE
202,205,טבע,4,13,0,BUSY
202,304,טבע,4,16,1,BUSY
202,304,טבע,4,9,0,FREE
202,505,טבע,4,9,0,BUSY
202,505,טבע,4,18,1,BUSY
202,203,טבע,4,18,0,BUSY
202,203,טבע,4,10,0,BUSY
202,303,טבע,4,16,1,BUSY
202,303,טבע,4,9,0,BUSY
202,201,טבע,4,13,1,BUSY
202,201,טבע,4,14,0,BUSY
202,204,טבע,4,13,0,BUSY
202,204,טבע,4,11,0,BUSY
505,505,מ.ישראל,4,17,0,BUSY
505,505,מ.ישראל,4,15,0,FREE
902,301,חברה,4,12,1,BUSY
902,301,חברה,4,19,0,FREE
902,12,חברה,4,16,1,FREE
902,12,חברה,4,14,0,FREE
902,107,חברה,4,13,0,FREE
902,107,חברה,4,19,0,BUSY
905,217,חברה,4,19,1,BUSY
905,217,חברה,4,12,1,BUSY
902,217,חברה,4,11,0,FREE
902,217,חברה,4,18,0,FREE
902,110,חברה,4,11,0,FREE
902,110,חברה,4,19,0,FREE
902,109,חברה,4,17,0,FREE
902,109,חברה,4,14,0,FREE
507,23,מ.ישראל,4,17,0,FREE
507,23,מ.ישראל,4,15,0,FREE
1004,406,רוח,4,16,0,FREE
1004,406,רוח,4,9,0,FREE
1105,368,הנדסה,4,18,0,FREE
1105,368,הנדסה,4,15,1,BUSY
1102,2,הנדסה,4,18,0,FREE
1102,2,הנדסה,4,14,0,BUSY
1104,244,הנדסה,4,19,0,FREE
1104,244,הנדסה,4,11,1,BUSY
1104,249,הנדסה,4,10,1,BUSY
1104,249,הנדסה,4,13,1,BUSY
1104,243,הנדסה,4,9,1,BUSY
1104,243,הנדסה,4,13,1,BUSY
1103,42,הנדסה,4,16,0,FREE
1103,42,הנדסה,4,11,0,FREE
1401,4,nan,4,18,0,FREE
1401,4,nan,4,13,0,FREE
1105,3,הנדסה,4,8,0,BUSY
1105,3,הנדסה,4,13,0,BUSY
1102,4,הנדסה,4,9,0,FREE
1102,4,הנדסה,4,10,0,FREE
A1300,2,מעונות,4,8,0,FREE
A1300,2,מעונות,4,10,1,BUSY
A1300,1,מעונות,4,9,1,BUSY
A1300,1,מעונות,4,12,1,BUSY
901,4,חברה,4,11,0,FREE
901,4,חברה,4,18,0,FREE
1103,223,הנדסה,4,16,1,BUSY
1103,223,הנדסה,4,18,0,FREE
1102,205,הנדסה,4,18,0,FREE
1102,205,הנדסה,4,11,0,FREE
1105,366,הנדסה,4,18,0,BUSY
1105,366,הנדסה,4,9,0,FREE
1104,344,הנדסה,4,11,1,FREE
1104,344,הנדסה,4,8,0,BUSY
1104,347,הנדסה,4,18,0,FREE
1104,347,הנדסה,4,8,0,BUSY
1103,224,הנדסה,4,15,1,BUSY
1103,224,הנדסה,4,12,1,BUSY
1002,112,רוח,4,15,0,FREE
1002,112,רוח,4,10,0,BUSY
905,119,חברה,4,10,1,BUSY
905,119,חברה,4,16,1,FREE
905,118,חברה,4,19,0,FREE
905,118,חברה,4,10,1,BUSY
905,319,חברה,4,10,0,FREE
905,319,חברה,4,9,0,FREE
905,418,חברה,4,11,1,FREE
905,418,חברה,4,15,1,BUSY
905,416,חברה,4,10,0,FREE
905,416,חברה,4,16,0,FREE
905,211,חברה,4,11,0,FREE
905,211,חברה,4,18,0,FREE
905,321,חברה,4,17,0,FREE
905,321,חברה,4,8,0,FREE
905,311,חברה,4,19,0,FREE
905,311,חברה,4,11,0,FREE
905,2,חברה,4,14,1,BUSY
905,2,חברה,4,9,0,BUSY
905,317,חברה,4,17,0,FREE
905,317,חברה,4,8,0,FREE
502,63,מ.ישראל,4,16,0,FREE
502,63,מ.ישראל,4,15,0,BUSY
212,214,טבע,4,11,0,FREE
212,214,טבע,4,19,0,FREE
211,21,nan,4,19,0,FREE
211,21,nan,4,14,0,FREE
211,17,nan,4,18,0,FREE
211,17,nan,4,19,0,FREE
505,7,מ.ישראל,4,9,0,FREE
505,7,מ.ישראל,4,19,0,FREE
212,212,nan,4,19,0,FREE
212,212,nan,4,12,0,FREE
212,1,טבע,4,14,0,BUSY
212,1,טבע,4,15,0,FREE
304,4,משפטים,4,12,1,BUSY
304,4,משפטים,4,11,0,FREE
403,3,יהדות,4,11,0,FREE
403,3,יהדות,4,10,0,FREE
905,25,חברה,4,9,0,FREE
905,25,חברה,4,14,1,BUSY
212,310,טבע,4,15,1,BUSY
212,310,טבע,4,18,0,FREE
212,1,nan,4,19,0,FREE
212,1,nan,4,15,0,FREE
212,3,טבע,4,8,0,FREE
212,3,טבע,4,14,1,BUSY
212,21,nan,4,13,0,BUSY
212,21,nan,4,15,0,FREE
203,212,טבע,4,8,0,FREE
203,212,טבע,4,9,0,FREE
304,69,משפטים,4,13,0,BUSY
304,69,משפטים,4,17,0,FREE
305,11,משפטים,4,13,0,FREE
305,11,משפטים,4,14,0,FREE
901,11,חברה,4,10,1,FREE
901,11,חברה,4,13,1,FREE
211,3,nan,4,11,1,BUSY
211,3,nan,4,17,0,FREE
213,61,טבע,4,8,0,FREE
213,61,טבע,4,19,0,FREE
211,9,nan,4,14,0,FREE
211,9,nan,4,10,0,FREE
902,1,חברה,4,16,1,BUSY
902,1,חברה,4,18,1,BUSY
304,7,משפטים,4,15,1,BUSY
304,7,משפטים,4,11,0,FREE
403,1,מינץ,4,15,1,FREE
403,1,מינץ,4,17,0,FREE
211,7,nan,4,18,0,FREE
211,7,nan,4,8,0,FREE
501,11,מ.ישראל,4,10,0,FREE
501,11,מ.ישראל,4,17,0,FREE
507,11,מ.ישראל,4,13,0,FREE
507,11,מ.ישראל,4,8,1,BUSY
1401,7,nan,4,17,0,FREE
1401,7,nan,4,19,0,FREE
211,63,nan,4,15,1,BUSY
211,63,nan,4,18,0,FREE
105,134,סטודנטים,4,12,0,BUSY
105,134,סטודנטים,4,19,0,FREE
305,3,משפטים,4,18,0,FREE
305,3,משפטים,4,8,0,FREE
404,133,יהדות,4,17,0,FREE
404,133,יהדות,4,9,0,FREE
306,1,משפטים,4,10,0,BUSY
306,1,משפטים,4,17,0,FREE
304,132,משפטים,4,11,0,BUSY
304,132,משפטים,4,12,0,BUSY
105,132,סטודנטים,4,17,0,FREE
105,132,סטודנטים,4,18,0,FREE
404,134,יהדות,4,17,0,FREE
404,134,יהדות,4,12,0,FREE
404,65,יהדות,4,10,0,FREE
404,65,יהדות,4,8,0,FREE
102,133,סטודנטים,4,10,0,FREE
102,133,סטודנטים,4,13,0,BUSY
305,104,משפטים,4,13,0,FREE
305,104,משפטים,4,12,0,FREE
507,10,מ.ישראל,4,19,0,FREE
507,10,מ.ישראל,4,11,0,BUSY
507,62,מ.ישראל,4,11,0,FREE
507,62,מ.ישראל,4,12,0,FREE
604,309,מ.ישראל,4,9,0,FREE
604,309,מ.ישראל,4,11,0,FREE
901,101,חברה,4,16,1,FREE
901,101,חברה,4,13,1,BUSY
901,102,חברה,4,15,1,BUSY
901,102,חברה,4,11,1,BUSY
301,202,פלדמן,4,12,0,BUSY
301,202,פלדמן,4,17,0,FREE
905,104,חברה,4,17,0,FREE
905,104,חברה,4,9,0,BUSY
507,107,מ.ישראל,0,12,1,BUSY
507,107,מ.ישראל,0,19,1,BUSY
905,61,חברה,0,18,1,FREE
905,61,חברה,0,16,1,BUSY
1401,2,nan,0,14,1,BUSY
1401,2,nan,0,9,0,FREE
402,63,יהדות,0,13,1,BUSY
402,63,יהדות,0,15,1,BUSY
203,221,טבע,0,8,0,FREE
203,221,טבע,0,15,1,BUSY
1002,1,רוח,0,18,1,BUSY
1002,1,רוח,0,12,1,BUSY
604,63,מ.ישראל,0,14,1,BUSY
604,63,מ.ישראל,0,13,1,BUSY
604,64,מ.ישראל,0,14,1,BUSY
604,64,מ.ישראל,0,8,0,BUSY
604,105,מ.ישראל,0,11,1,FREE
604,105,מ.ישראל,0,9,1,FREE
403,211,יהדות,0,17,0,FREE
403,211,יהדות,0,19,0,FREE
604,102,מ.ישראל,0,19,1,FREE
604,102,מ.ישראל,0,8,1,BUSY
403,217,יהדות,0,13,1,BUSY
403,217,יהדות,0,11,1,BUSY
305,133,משפטים,0,10,1,BUSY
305,133,משפטים,0,8,1,BUSY
504,2,מ.ישראל,0,10,1,BUSY
504,2,מ.ישראל,0,11,1,BUSY
507,102,מ.ישראל,0,17,1,BUSY
507,102,מ.ישראל,0,16,1,FREE
604,62,מ.ישראל,0,16,1,BUSY
604,62,מ.ישראל,0,15,1,BUSY
1002,405,רוח,0,19,0,FREE
1002,405,רוח,0,14,1,BUSY
902,210,חברה,0,15,1,BUSY
902,210,חברה,0,11,0,FREE
508,7,מ.ישראל,0,9,0,BUSY
508,7,מ.ישראל,0,16,1,BUSY
502,8,מ.ישראל,0,11,1,BUSY
502,8,מ.ישראל,0,13,1,BUSY
605,104,מ.ישראל,0,18,1,BUSY
605,104,מ.ישראל,0,12,0,BUSY
1002,61,רוח,0,8,0,FREE
1002,61,רוח,0,19,0,FREE
507,4,מ.ישראל,0,19,1,BUSY
507,4,מ.ישראל,0,15,1,BUSY
504,4,מ.ישראל,0,13,1,BUSY
504,4,מ.ישראל,0,8,0,BUSY
1002,202,רוח,0,12,1,BUSY
1002,202,רוח,0,16,1,FREE
502,6,מ.ישראל,0,19,0,FREE
502,6,מ.ישראל,0,8,0,FREE
502,7,מ.ישראל,0,8,0,FREE
502,7,מ.ישראל,0,15,0,FREE
505,4,מ.ישראל,0,19,1,FREE
505,4,מ.ישראל,0,16,0,FREE
502,9,מ.ישראל,0,14,0,FREE
502,9,מ.ישראל,0,8,0,BUSY
1005,109,רוח,0,10,0,FREE
1005,109,רוח,0,19,0,FREE
902,103,חברה,0,18,0,BUSY
902,103,חברה,0,15,0,FREE
502,37,מ.ישראל,0,14,0,BUSY
502,37,מ.ישראל,0,18,1,BUSY
902,201,חברה,0,19,1,BUSY
902,201,חברה,0,17,1,BUSY
604,205,מ.ישראל,0,10,1,BUSY
604,205,מ.ישראל,0,18,1,BUSY
505,63,מ.ישראל,0,11,1,BUSY
505,63,מ.ישראל,0,8,0,BUSY
504,5,מ.ישראל,0,12,1,BUSY
504,5,מ.ישראל,0,18,1,BUSY
305,5,משפטים,0,19,0,BUSY
305,5,משפטים,0,12,0,BUSY
605,14,מ.ישראל,0,17,0,FREE
605,14,מ.ישראל,0,18,1,BUSY
505,105,מ.ישראל,0,10,0,FREE
505,105,מ.ישראל,0,13,1,BUSY
502,24,מ.ישראל,0,8,0,FREE
502,24,מ.ישראל,0,14,1,BUSY
505,5,מ.ישראל,0,14,1,BUSY
505,5,מ.ישראל,0,19,0,FREE
404,68,יהדות,0,9,1,FREE
404,68,יהדות,0,18,0,FREE
305,134,משפטים,0,16,1,FREE
305,134,משפטים,0,13,1,BUSY
105,103,סטודנטים,0,11,1,BUSY
105,103,סטודנטים,0,19,0,BUSY
105,104,סטודנטים,0,15,0,BUSY
105,104,סטודנטים,0,14,0,FREE
105,101,סטודנטים,0,13,1,BUSY
105,101,סטודנטים,0,11,1,BUSY
105,102,סטודנטים,0,19,0,FREE
105,102,סטודנטים,0,17,0,FREE
105,1,סטודנטים,0,15,1,BUSY
105,1,סטודנטים,0,16,1,BUSY
304,3,משפטים,0,9,1,BUSY
304,3,משפטים,0,15,1,BUSY
305,6,משפטים,0,15,0,FREE
305,6,משפטים,0,14,0,FREE
105,61,סטודנטים,0,19,0,FREE
105,61,סטודנטים,0,13,1,BUSY
105,2,סטודנטים,0,10,0,FREE
105,2,סטודנטים,0,9,0,FREE
304,2,משפטים,0,11,1,BUSY
304,2,משפטים,0,17,1,BUSY
105,3,סטודנטים,0,8,0,FREE
105,3,סטודנטים,0,12,0,BUSY
605,101,מ.ישראל,0,14,0,BUSY
605,101,מ.ישראל,0,8,1,BUSY
605,102,מ.ישראל,0,14,1,BUSY
605,102,מ.ישראל,0,11,1,BUSY
604,11,מ.ישראל,0,8,1,BUSY
604,11,מ.ישראל,0,17,1,BUSY
605,11,מ.ישראל,0,15,1,BUSY
605,11,מ.ישראל,0,12,1,BUSY
604,12,מ.ישראל,0,19,1,BUSY
604,12,מ.ישראל,0,14,1,BUSY
504,6,מ.ישראל,0,16,0,BUSY
504,6,מ.ישראל,0,15,0,FREE
605,202,מ.ישראל,0,16,1,BUSY
605,202,מ.ישראל,0,15,0,FREE
604,14,מ.ישראל,0,10,1,BUSY
604,14,מ.ישראל,0,8,0,BUSY
507,101,מ.ישראל,0,8,0,FREE
507,101,מ.ישראל,0,9,0,FREE
507,103,מ.ישראל,0,19,1,FREE
507,103,מ.ישראל,0,12,1,BUSY
504,7,מ.ישראל,0,8,0,FREE
504,7,מ.ישראל,0,11,1,BUSY
604,13,מ.ישראל,0,9,1,BUSY
604,13,מ.ישראל,0,13,1,BUSY
505,1,מ.ישראל,0,11,0,FREE
505,1,מ.ישראל,0,17,0,BUSY
504,3,מ.ישראל,0,14,1,BUSY
504,3,מ.ישראל,0,9,0,FREE
604,101,מ.ישראל,0,8,0,FREE
604,101,מ.ישראל,0,11,1,BUSY
507,201,מ.ישראל,0,18,1,BUSY
507,201,מ.ישראל,0,10,1,BUSY
403,67,יהדות,0,16,1,BUSY
403,67,יהדות,0,18,1,BUSY
507,204,מ.ישראל,0,12,1,BUSY
507,204,מ.ישראל,0,9,0,FREE
505,106,מ.ישראל,0,9,0,FREE
505,106,מ.ישראל,0,8,0,FREE
505,62,מ.ישראל,0,11,0,FREE
505,62,מ.ישראל,0,18,1,BUSY
505,104,מ.ישראל,0,9,0,FREE
505,104,מ.ישראל,0,8,0,FREE
605,13,מ.ישראל,0,19,1,BUSY
605,13,מ.ישראל,0,16,1,BUSY
501,25,מ.ישראל,0,10,0,FREE
501,25,מ.ישראל,0,9,0,FREE
505,201,מ.ישראל,0,16,1,BUSY
505,201,מ.ישראל,0,15,1,BUSY
505,3,מ.ישראל,0,12,1,BUSY
505,3,מ.ישראל,0,18,0,FREE
507,207,מ.ישראל,0,12,1,BUSY
507,207,מ.ישראל,0,10,1,BUSY
604,61,מ.ישראל,0,16,1,BUSY
604,61,מ.ישראל,0,17,1,BUSY
507,2,מ.ישראל,0,19,1,BUSY
507,2,מ.ישראל,0,14,1,BUSY
505,101,מ.ישראל,0,14,0,FREE
505,101,מ.ישראל,0,12,0,FREE
905,417,חברה,0,8,1,BUSY
905,417,חברה,0,15,1,BUSY
504,1,מ.ישראל,0,17,1,BUSY
504,1,מ.ישראל,0,14,0,BUSY
605,201,מ.ישראל,0,17,1,BUSY
605,201,מ.ישראל,0,11,1,BUSY
604,104,מ.ישראל,0,13,1,BUSY
604,104,מ.ישראל,0,18,1,BUSY
213,4,טבע,0,10,1,BUSY
213,4,טבע,0,9,0,BUSY
105,4,סטודנטים,0,16,1,BUSY
105,4,סטודנטים,0,15,0,FREE
102,2,סטודנטים,0,11,0,FREE
102,2,סטודנטים,0,12,1,BUSY
105,5,סטודנטים,0,15,0,FREE
105,5,סטודנטים,0,9,0,FREE
105,105,סטודנטים,0,18,0,FREE
105,105,סטודנטים,0,10,0,FREE
207,1,טבע,0,17,1,BUSY
207,1,טבע,0,15,1,BUSY
105,106,סטודנטים,0,10,1,BUSY
105,106,סטודנטים,0,14,0,BUSY
404,115,יהדות,0,11,1,FREE
404,115,יהדות,0,15,1,BUSY
403,101,יהדות,0,18,0,FREE
403,101,יהדות,0,10,0,BUSY
404,102,יהדות,0,18,0,FREE
404,102,יהדות,0,12,1,BUSY
105,6,סטודנטים,0,19,0,BUSY
105,6,סטודנטים,0,18,0,FREE
102,4,סטודנטים,0,15,1,BUSY
102,4,סטודנטים,0,14,1,FREE
404,114,יהדות,0,19,1,BUSY
404,114,יהדות,0,11,0,FREE
306,111,משפטים,0,15,0,FREE
306,111,משפטים,0,17,1,BUSY
505,2,מ.ישראל,0,12,1,BUSY
505,2,מ.ישראל,0,8,0,BUSY
604,2,מ.ישראל,0,10,0,BUSY
604,2,מ.ישראל,0,12,0,BUSY
605,61,מ.ישראל,0,14,0,FREE
605,61,מ.ישראל,0,10,0,FREE
410,125,יהדות,0,19,1,BUSY
410,125,יהדות,0,18,1,BUSY
410,46,יהדות,0,14,1,BUSY
410,46,יהדות,0,10,1,BUSY
403,66,יהדות,0,16,1,BUSY
403,66,יהדות,0,13,1,FREE
502,26,מ.ישראל,0,9,0,FREE
502,26,מ.ישראל,0,11,0,FREE
502,25,מ.ישראל,0,16,1,BUSY
502,25,מ.ישראל,0,8,0,BUSY
403,218,יהדות,0,13,1,BUSY
403,218,יהדות,0,18,0,FREE
403,113,יהדות,0,18,0,FREE
403,113,יהדות,0,12,0,BUSY
410,142,יהדות,0,19,1,BUSY
410,142,יהדות,0,10,1,BUSY
505,61,מ.ישראל,0,15,1,BUSY
505,61,מ.ישראל,0,14,1,BUSY
505,11,מ.ישראל,0,15,0,FREE
505,11,מ.ישראל,0,8,0,BUSY
605,105,מ.ישראל,0,18,0,FREE
605,105,מ.ישראל,0,10,0,FREE
604,1,מ.ישראל,0,16,0,BUSY
604,1,מ.ישראל,0,9,0,FREE
507,14,מ.ישראל,0,11,0,BUSY
507,14,מ.ישראל,0,18,0,FREE
605,4,מ.ישראל,0,10,0,FREE
605,4,מ.ישראל,0,14,0,FREE
502,62,מ.ישראל,0,17,0,FREE
502,62,מ.ישראל,0,9,0,FREE
605,7,מ.ישראל,0,13,0,BUSY
605,7,מ.ישראל,0,11,0,FREE
507,206,מ.ישראל,0,16,1,FREE
507,206,מ.ישראל,0,11,0,FREE
504,206,מ.ישראל,0,15,0,BUSY
504,206,מ.ישראל,0,12,0,BUSY
508,103,מ.ישראל,0,12,0,FREE
508,103,מ.ישראל,0,17,0,FREE
507,106,מ.ישראל,0,10,1,BUSY
507,106,מ.ישראל,0,19,0,FREE
605,106,מ.ישראל,0,10,0,FREE
605,106,מ.ישראל,0,19,0,FREE
507,108,מ.ישראל,0,13,1,BUSY
507,108,מ.ישראל,0,8,0,FREE
505,108,מ.ישראל,0,16,0,FREE
505,108,מ.ישראל,0,10,0,FREE
505,102,מ.ישראל,0,12,1,BUSY
505,102,מ.ישראל,0,19,1,BUSY
507,6,מ.ישראל,0,10,1,BUSY
507,6,מ.ישראל,0,8,0,FREE
507,208,מ.ישראל,0,10,0,FREE
507,208,מ.ישראל,0,16,0,FREE
507,205,מ.ישראל,0,13,0,BUSY
507,205,מ.ישראל,0,11,0,BUSY
507,3,מ.ישראל,0,17,1,FREE
507,3,מ.ישראל,0,18,1,BUSY
505,103,מ.ישראל,0,9,1,BUSY
505,103,מ.ישראל,0,11,1,BUSY
507,209,מ.ישראל,0,13,1,BUSY
507,209,מ.ישראל,0,10,1,BUSY
507,202,מ.ישראל,0,17,0,BUSY
507,202,מ.ישראל,0,18,0,FREE
605,103,מ.ישראל,0,15,1,FREE
605,103,מ.ישראל,0,11,0,FREE
403,2,יהדות,0,9,0,FREE
403,2,יהדות,0,8,0,FREE
507,104,מ.ישראל,0,16,1,BUSY
507,104,מ.ישראל,0,14,1,BUSY
507,5,מ.ישראל,0,14,0,FREE
507,5,מ.ישראל,0,15,0,FREE
507,203,מ.ישראל,0,13,0,FREE
507,203,מ.ישראל,0,16,0,FREE
305,132,משפטים,0,18,0,FREE
305,132,משפטים,0,16,1,BUSY
902,101,חברה,0,13,1,BUSY
902,101,חברה,0,12,1,BUSY
902,104,חברה,0,18,0,BUSY
902,104,חברה,0,19,0,FREE
1005,112,רוח,0,9,0,BUSY
1005,112,רוח,0,8,0,FREE
605,65,מ.ישראל,0,16,1,BUSY
605,65,מ.ישראל,0,12,0,FREE
905,116,חברה,0,10,1,BUSY
905,116,חברה,0,12,1,FREE
203,226,טבע,0,11,1,BUSY
203,226,טבע,0,16,1,FREE
902,202,חברה,0,9,0,FREE
902,202,חברה,0,18,1,BUSY
902,102,חברה,0,12,1,BUSY
902,102,חברה,0,10,1,BUSY
1002,201,רוח,0,12,1,BUSY
1002,201,רוח,0,9,0,FREE
605,12,מ.ישראל,0,10,1,BUSY
605,12,מ.ישראל,0,12,0,BUSY
502,30,מ.ישראל,0,17,0,FREE
502,30,מ.ישראל,0,16,0,BUSY
504,63,מ.ישראל,0,13,0,FREE
504,63,מ.ישראל,0,17,0,BUSY
507,13,מ.ישראל,0,11,0,FREE
507,13,מ.ישראל,0,14,0,BUSY
507,105,מ.ישראל,0,13,0,BUSY
507,105,מ.ישראל,0,16,0,FREE
604,103,מ.ישראל,0,16,1,BUSY
604,103,מ.ישראל,0,11,1,BUSY
410,26,יהדות,0,14,1,BUSY
410,26,יהדות,0,10,0,FREE
410,6,יהדות,0,14,0,FREE
410,6,יהדות,0,13,0,FREE
404,66,יהדות,0,15,0,FREE
404,66,יהדות,0,12,0,FREE
605,64,מ.ישראל,0,9,1,FREE
605,64,מ.ישראל,0,8,0,FREE
505,64,מ.ישראל,0,18,0,FREE
505,64,מ.ישראל,0,14,1,BUSY
403,115,יהדות,0,14,0,BUSY
403,115,יהדות,0,16,0,FREE
404,67,יהדות,0,13,0,FREE
404,67,יהדות,0,12,0,FREE
1005,111,רוח,0,8,0,FREE
1005,111,רוח,0,17,0,FREE
1004,305,רוח,0,8,0,FREE
1004,305,רוח,0,18,1,BUSY
404,101,יהדות,0,18,1,BUSY
404,101,יהדות,0,17,1,FREE
1002,305,רוח,0,11,0,FREE
1002,305,רוח,0,19,0,FREE
504,208,מ.ישראל,0,13,0,BUSY
504,208,מ.ישראל,0,8,0,FREE
211,112,טבע,0,9,1,BUSY
211,112,טבע,0,14,1,BUSY
305,63,משפטים,0,13,0,FREE
305,63,משפטים,0,15,0,FREE
306,112,משפטים,0,12,0,FREE
306,112,משפטים,0,10,0,FREE
211,106,טבע,0,9,0,BUSY
211,106,טבע,0,17,0,BUSY
207,201,טבע,0,15,0,FREE
207,201,טבע,0,16,1,FREE
305,101,משפטים,0,12,0,FREE
305,101,משפטים,0,17,0,FREE
403,61,יהדות,0,14,0,BUSY
403,61,יהדות,0,10,0,FREE
202,202,טבע,0,17,0,BUSY
202,202,טבע,0,10,0,FREE
203,106,טבע,0,13,0,BUSY
203,106,טבע,0,18,0,BUSY
203,112,טבע,0,15,0,FREE
203,112,טבע,0,19,0,BUSY
105,112,סטודנטים,0,14,0,FREE
105,112,סטודנטים,0,18,0,BUSY
207,6,טבע,0,16,0,BUSY
207,6,טבע,0,10,0,FREE
207,4,טבע,0,9,1,BUSY
207,4,טבע,0,12,0,BUSY
207,101,טבע,0,8,0,BUSY
207,101,טבע,0,18,0,FREE
604,6,מ.ישראל,0,12,0,BUSY
604,6,מ.ישראל,0,10,0,FREE
211,22,nan,0,10,1,BUSY
211,22,nan,0,16,1,BUSY
211,4,טבע,0,12,0,BUSY
211,4,טבע,0,13,0,FREE
507,7,מ.ישראל,0,9,0,FREE
507,7,מ.ישראל,0,14,1,BUSY
1401,3,nan,0,12,1,BUSY
1401,3,nan,0,14,1,FREE
905,63,חברה,0,13,1,BUSY
905,63,חברה,0,14,1,BUSY
901,61,חברה,0,13,1,FREE
901,61,חברה,0,18,1,BUSY
403,69,מינץ,0,15,1,FREE
403,69,מינץ,0,16,1,FREE
1401,63,nan,0,19,0,FREE
1401,63,nan,0,16,0,FREE
1401,1,nan,0,17,1,FREE
1401,1,nan,0,18,0,FREE
507,1,מ.ישראל,0,19,1,BUSY
507,1,מ.ישראל,0,17,1,FREE
905,62,חברה,0,12,1,BUSY
905,62,חברה,0,8,1,BUSY
504,10,מ.ישראל,0,19,0,BUSY
504,10,מ.ישראל,0,17,0,FREE
505,202,מ.ישראל,0,10,0,FREE
505,202,מ.ישראל,0,13,1,BUSY
1002,102,רוח,0,19,1,BUSY
1002,102,רוח,0,12,0,FREE
410,226,יהדות,0,18,0,FREE
410,226,יהדות,0,16,1,BUSY
410,225,יהדות,0,11,0,FREE
410,225,יהדות,0,18,0,FREE
1004,407,רוח,0,11,0,FREE
1004,407,רוח,0,15,0,FREE
1004,402,רוח,0,16,0,FREE
1004,402,רוח,0,18,0,BUSY
505,65,מ.ישראל,0,18,1,BUSY
505,65,מ.ישראל,0,12,0,FREE
505,204,מ.ישראל,0,17,0,FREE
505,204,מ.ישראל,0,14,0,BUSY
304,1,משפטים,0,10,1,BUSY
304,1,משפטים,0,11,1,BUSY
605,63,מ.ישראל,0,9,0,FREE
605,63,מ.ישראל,0,10,0,FREE
305,10,משפטים,0,13,1,BUSY
305,10,משפטים,0,16,1,FREE
304,61,משפטים,0,10,0,FREE
304,61,משפטים,0,8,0,FREE
604,202,מ.ישראל,0,19,0,FREE
604,202,מ.ישראל,0,9,0,FREE
211,25,nan,0,15,1,BUSY
211,25,nan,0,10,1,BUSY
304,25,משפטים,0,12,0,FREE
304,25,משפטים,0,13,0,FREE
1105,53,הנדסה,0,19,0,BUSY
1105,53,הנדסה,0,12,1,BUSY
1401,53,nan,0,14,0,FREE
1401,53,nan,0,11,0,FREE
305,2,משפטים,0,12,0,FREE
305,2,משפטים,0,14,0,FREE
305,4,משפטים,0,9,1,BUSY
305,4,משפטים,0,17,1,FREE
502,23,מ.ישראל,0,14,1,BUSY
502,23,מ.ישראל,0,13,0,FREE
503,1,מ.ישראל,0,12,1,BUSY
503,1,מ.ישראל,0,15,1,BUSY
404,113,יהדות,0,10,0,FREE
404,113,יהדות,0,13,0,BUSY
404,201,יהדות,0,13,1,FREE
404,201,יהדות,0,8,1,BUSY
505,203,מ.ישראל,0,10,0,BUSY
505,203,מ.ישראל,0,17,0,FREE
1005,19,רוח,0,11,0,FREE
1005,19,רוח,0,14,0,FREE
1005,108,רוח,0,11,0,FREE
1005,108,רוח,0,13,0,FREE
1005,201,רוח,0,17,1,BUSY
1005,201,רוח,0,14,0,BUSY
1005,209,רוח,0,18,0,FREE
1005,209,רוח,0,19,0,FREE
1005,207,רוח,0,17,0,FREE
1005,207,רוח,0,10,0,FREE
1005,203,רוח,0,9,0,FREE
1005,203,רוח,0,17,0,FREE
604,201,מ.ישראל,0,16,0,FREE
604,201,מ.ישראל,0,12,0,FREE
305,105,משפטים,0,12,0,FREE
305,105,משפטים,0,18,0,BUSY
507,37,מ.ישראל,0,17,0,FREE
507,37,מ.ישראל,0,18,0,FREE
1104,42,הנדסה,0,17,1,BUSY
1104,42,הנדסה,0,13,1,BUSY
1105,42,הנדסה,0,14,0,BUSY
1105,42,הנדסה,0,8,0,FREE
1103,22,הנדסה,0,18,1,BUSY
1103,22,הנדסה,0,15,1,FREE
902,9,חברה,0,17,1,BUSY
902,9,חברה,0,18,1,BUSY
304,9,משפטים,0,17,0,FREE
304,9,משפטים,0,9,0,FREE
1105,271,הנדסה,0,19,0,FREE
1105,271,הנדסה,0,10,1,FREE
1104,271,הנדסה,0,18,0,FREE
1104,271,הנדסה,0,12,0,FREE
507,61,מ.ישראל,0,10,0,FREE
507,61,מ.ישראל,0,11,0,FREE
213,304,טבע,0,9,0,FREE
213,304,טבע,0,8,0,FREE
213,320,טבע,0,15,0,FREE
213,320,טבע,0,19,0,FREE
1004,203,רוח,0,18,0,FREE
1004,203,רוח,0,11,0,FREE
1004,212,רוח,0,12,0,FREE
1004,212,רוח,0,15,1,BUSY
410,328,יהדות,0,14,1,BUSY
410,328,יהדות,0,10,0,FREE
410,332,יהדות,0,10,0,FREE
410,332,יהדות,0,15,0,FREE
604,204,מ.ישראל,0,14,0,FREE
604,204,מ.ישראל,0,15,0,BUSY
1002,203,רוח,0,9,0,FREE
1002,203,רוח,0,8,0,FREE
202,301,טבע,0,11,1,BUSY
202,301,טבע,0,12,1,BUSY
203,4,טבע,0,14,0,BUSY
203,4,טבע,0,13,0,FREE
202,221,טבע,0,12,0,BUSY
202,221,טבע,0,19,0,BUSY
202,205,טבע,0,11,0,FREE
202,205,טבע,0,9,0,FREE
202,304,טבע,0,8,0,FREE
202,304,טבע,0,13,0,BUSY
202,505,טבע,0,13,0,FREE
202,505,טבע,0,15,0,FREE
202,203,טבע,0,9,0,BUSY
202,203,טבע,0,14,0,BUSY
202,303,טבע,0,12,1,BUSY
202,303,טבע,0,19,0,FREE
202,201,טבע,0,16,0,BUSY
202,201,טבע,0,10,1,BUSY
202,204,טבע,0,17,1,BUSY
202,204,טבע,0,16,1,BUSY
505,505,מ.ישראל,0,11,0,FREE
505,505,מ.ישראל,0,17,0,FREE
902,301,חברה,0,16,0,FREE
902,301,חברה,0,8,1,BUSY
902,12,חברה,0,14,1,FREE
902,12,חברה,0,11,1,BUSY
902,107,חברה,0,16,0,FREE
902,107,חברה,0,9,0,BUSY
905,217,חברה,0,11,0,FREE
905,217,חברה,0,14,1,BUSY
902,217,חברה,0,18,0,FREE
902,217,חברה,0,8,0,BUSY
902,110,חברה,0,13,0,FREE
902,110,חברה,0,8,0,FREE
902,109,חברה,0,16,0,BUSY
902,109,חברה,0,13,0,FREE
507,23,מ.ישראל,0,9,0,FREE
507,23,מ.ישראל,0,14,0,BUSY
1004,406,רוח,0,17,0,FREE
1004,406,רוח,0,9,0,FREE
1105,368,הנדסה,0,16,0,FREE
1105,368,הנדסה,0,19,0,FREE
1102,2,הנדסה,0,19,1,BUSY
1102,2,הנדסה,0,8,0,FREE
1104,244,הנדסה,0,10,1,BUSY
1104,244,הנדסה,0,12,1,BUSY
1104,249,הנדסה,0,11,1,BUSY
1104,249,הנדסה,0,18,1,BUSY
1104,243,הנדסה,0,12,1,BUSY
1104,243,הנדסה,0,9,1,BUSY
1103,42,הנדסה,0,18,0,FREE
1103,42,הנדסה,0,15,0,BUSY
1401,4,nan,0,13,1,BUSY
1401,4,nan,0,8,0,FREE
1105,3,הנדסה,0,17,0,BUSY
1105,3,הנדסה,0,13,0,FREE
1102,4,הנדסה,0,13,0,BUSY
1102,4,הנדסה,0,11,0,FREE
A1300,2,מעונות,0,19,0,FREE
A1300,2,מעונות,0,8,0,FREE
A1300,1,מעונות,0,14,0,FREE
A1300,1,מעונות,0,18,1,BUSY
901,4,חברה,0,14,0,BUSY
901,4,חברה,0,17,0,FREE
1103,223,הנדסה,0,14,0,FREE
1103,223,הנדסה,0,8,0,FREE
1102,205,הנדסה,0,13,0,BUSY
1102,205,הנדסה,0,8,0,BUSY
1105,366,הנדסה,0,17,0,FREE
1105,366,הנדסה,0,9,0,FREE
1104,344,הנדסה,0,8,0,BUSY
1104,344,הנדסה,0,11,1,BUSY
1104,347,הנדסה,0,11,0,BUSY
1104,347,הנדסה,0,14,1,BUSY
1103,224,הנדסה,0,15,0,BUSY
1103,224,הנדסה,0,19,0,FREE
1002,112,רוח,0,8,0,FREE
1002,112,רוח,0,19,0,FREE
905,119,חברה,0,8,0,FREE
905,119,חברה,0,19,1,BUSY
905,118,חברה,0,15,0,BUSY
905,118,חברה,0,10,1,BUSY
905,319,חברה,0,13,0,FREE
905,319,חברה,0,19,0,FREE
905,418,חברה,0,19,1,BUSY
905,418,חברה,0,13,1,BUSY
905,416,חברה,0,17,0,FREE
905,416,חברה,0,18,0,FREE
905,211,חברה,0,9,0,FREE
905,211,חברה,0,16,1,FREE
905,321,חברה,0,16,0,FREE
905,321,חברה,0,14,0,FREE
905,311,חברה,0,10,0,FREE
905,311,חברה,0,18,0,BUSY
905,2,חברה,0,15,0,FREE
905,2,חברה,0,12,0,FREE
905,317,חברה,0,13,0,FREE
905,317,חברה,0,17,0,FREE
502,63,מ.ישראל,0,19,0,BUSY
502,63,מ.ישראל,0,8,0,FREE
212,214,טבע,0,17,0,FREE
212,214,טבע,0,13,0,BUSY
211,21,nan,0,15,0,FREE
211,21,nan,0,10,0,FREE
211,17,nan,0,17,0,FREE
211,17,nan,0,15,0,BUSY
505,7,מ.ישראל,0,9,0,FREE
505,7,מ.ישראל,0,10,0,FREE
212,212,nan,0,8,0,FREE
212,212,nan,0,14,0,FREE
212,1,טבע,0,15,0,FREE
212,1,טבע,0,16,0,FREE
304,4,משפטים,0,11,0,FREE
304,4,משפטים,0,8,0,BUSY
403,3,יהדות,0,9,0,FREE
403,3,יהדות,0,8,0,FREE
905,25,חברה,0,15,0,FREE
905,25,חברה,0,11,0,FREE
212,310,טבע,0,14,0,BUSY
212,310,טבע,0,11,1,BUSY
212,1,nan,0,14,0,BUSY
212,1,nan,0,19,0,FREE
212,3,טבע,0,13,0,BUSY
212,3,טבע,0,16,0,FREE
212,21,nan,0,8,0,FREE
212,21,nan,0,14,0,FREE
203,212,טבע,0,10,0,FREE
203,212,טבע,0,9,0,BUSY
304,69,משפטים,0,16,0,FREE
304,69,משפטים,0,14,0,FREE
305,11,משפטים,0,17,0,FREE
305,11,משפטים,0,11,0,FREE
901,11,חברה,0,16,0,FREE
901,11,חברה,0,14,0,BUSY
211,3,nan,0,14,0,FREE
211,3,nan,0,13,0,FREE
213,61,טבע,0,8,0,BUSY
213,61,טבע,0,16,0,FREE
211,9,nan,0,14,0,BUSY
211,9,nan,0,11,0,FREE
902,1,חברה,0,19,0,FREE
902,1,חברה,0,12,0,BUSY
304,7,משפטים,0,19,0,FREE
304,7,משפטים,0,16,0,FREE
403,1,מינץ,0,19,0,BUSY
403,1,מינץ,0,10,0,FREE
211,7,nan,0,14,0,BUSY
211,7,nan,0,13,0,FREE
501,11,מ.ישראל,0,12,0,FREE
501,11,מ.ישראל,0,8,0,FREE
507,11,מ.ישראל,0,11,0,BUSY
507,11,מ.ישראל,0,13,0,FREE
1401,7,nan,0,16,0,FREE
1401,7,nan,0,14,0,FREE
211,63,nan,0,13,0,FREE
211,63,nan,0,11,0,FREE
105,134,סטודנטים,0,14,0,FREE
105,134,סטודנטים,0,12,0,FREE
305,3,משפטים,0,11,0,FREE
305,3,משפטים,0,17,0,BUSY
404,133,יהדות,0,16,0,FREE
404,133,יהדות,0,8,0,FREE
306,1,משפטים,0,18,0,FREE
306,1,משפטים,0,19,0,BUSY
304,132,משפטים,0,13,0,FREE
304,132,משפטים,0,10,0,FREE
105,132,סטודנטים,0,14,0,FREE
105,132,סטודנטים,0,17,0,FREE
404,134,יהדות,0,8,0,FREE
404,134,יהדות,0,16,0,FREE
404,65,יהדות,0,13,0,FREE
404,65,יהדות,0,17,0,FREE
102,133,סטודנטים,0,19,0,FREE
102,133,סטודנטים,0,10,0,FREE
305,104,משפטים,0,9,0,FREE
305,104,משפטים,0,15,0,FREE
507,10,מ.ישראל,0,17,0,BUSY
507,10,מ.ישראל,0,18,0,FREE
507,62,מ.ישראל,0,9,0,BUSY
507,62,מ.ישראל,0,14,0,BUSY
604,309,מ.ישראל,0,17,1,BUSY
604,309,מ.ישראל,0,14,1,BUSY
901,101,חברה,0,14,1,FREE
901,101,חברה,0,16,1,BUSY
901,102,חברה,0,9,1,FREE
901,102,חברה,0,18,0,FREE
301,202,פלדמן,0,8,0,FREE
301,202,פלדמן,0,11,1,BUSY
905,104,חברה,0,15,0,FREE
905,104,חברה,0,17,0,BUSY
507,107,מ.ישראל,1,12,1,BUSY
507,107,מ.ישראל,1,14,0,FREE
905,61,חברה,1,14,1,BUSY
905,61,חברה,1,9,1,BUSY
1401,2,nan,1,9,0,FREE
1401,2,nan,1,12,1,BUSY
402,63,יהדות,1,8,1,BUSY
402,63,יהדות,1,11,1,FREE
203,221,טבע,1,11,0,BUSY
203,221,טבע,1,15,1,FREE
1002,1,רוח,1,17,1,BUSY
1002,1,רוח,1,18,0,FREE
604,63,מ.ישראל,1,9,0,FREE
604,63,מ.ישראל,1,12,1,BUSY
604,64,מ.ישראל,1,8,0,FREE
604,64,מ.ישראל,1,19,1,BUSY
604,105,מ.ישראל,1,9,0,FREE
604,105,מ.ישראל,1,16,1,BUSY
403,211,יהדות,1,15,1,BUSY
403,211,יהדות,1,14,1,FREE
604,102,מ.ישראל,1,13,1,BUSY
604,102,מ.ישראל,1,17,1,BUSY
403,217,יהדות,1,19,0,BUSY
403,217,יהדות,1,12,1,BUSY
305,133,משפטים,1,18,1,BUSY
305,133,משפטים,1,14,0,FREE
504,2,מ.ישראל,1,16,0,FREE
504,2,מ.ישראל,1,12,1,BUSY
507,102,מ.ישראל,1,14,1,BUSY
507,102,מ.ישראל,1,15,1,BUSY
604,62,מ.ישראל,1,8,1,BUSY
604,62,מ.ישראל,1,9,1,BUSY
1002,405,רוח,1,16,0,FREE
1002,405,רוח,1,17,0,FREE
902,210,חברה,1,10,0,FREE
902,210,חברה,1,13,1,BUSY
508,7,מ.ישראל,1,9,0,FREE
508,7,מ.ישראל,1,19,1,FREE
502,8,מ.ישראל,1,12,0,FREE
502,8,מ.ישראל,1,15,1,BUSY
605,104,מ.ישראל,1,13,0,BUSY
605,104,מ.ישראל,1,14,0,BUSY
1002,61,רוח,1,10,1,FREE
1002,61,רוח,1,8,0,FREE
507,4,מ.ישראל,1,9,0,FREE
507,4,מ.ישראל,1,12,1,BUSY
504,4,מ.ישראל,1,17,0,FREE
504,4,מ.ישראל,1,9,1,BUSY
1002,202,רוח,1,11,1,BUSY
1002,202,רוח,1,12,1,BUSY
502,6,מ.ישראל,1,8,0,FREE
502,6,מ.ישראל,1,17,0,BUSY
502,7,מ.ישראל,1,17,1,FREE
502,7,מ.ישראל,1,10,1,BUSY
505,4,מ.ישראל,1,10,1,BUSY
505,4,מ.ישראל,1,8,0,FREE
502,9,מ.ישראל,1,18,0,FREE
502,9,מ.ישראל,1,8,0,FREE
1005,109,רוח,1,18,0,FREE
1005,109,רוח,1,9,1,BUSY
902,103,חברה,1,16,0,BUSY
902,103,חברה,1,12,1,FREE
502,37,מ.ישראל,1,18,1,FREE
502,37,מ.ישראל,1,15,1,BUSY
902,201,חברה,1,19,1,BUSY
902,201,חברה,1,12,1,FREE
604,205,מ.ישראל,1,10,0,FREE
604,205,מ.ישראל,1,19,0,FREE
505,63,מ.ישראל,1,9,0,FREE
505,63,מ.ישראל,1,19,0,FREE
504,5,מ.ישראל,1,9,1,BUSY
504,5,מ.ישראל,1,12,0,BUSY
305,5,משפטים,1,10,0,FREE
305,5,משפטים,1,15,0,FREE
605,14,מ.ישראל,1,16,1,BUSY
605,14,מ.ישראל,1,11,1,BUSY
505,105,מ.ישראל,1,10,0,FREE
505,105,מ.ישראל,1,16,1,BUSY
502,24,מ.ישראל,1,11,1,BUSY
502,24,מ.ישראל,1,16,0,BUSY
505,5,מ.ישראל,1,9,0,BUSY
505,5,מ.ישראל,1,16,1,BUSY
404,68,יהדות,1,17,1,BUSY
404,68,יהדות,1,9,1,BUSY
305,134,משפטים,1,9,1,BUSY
305,134,משפטים,1,18,1,BUSY
105,103,סטודנטים,1,16,0,FREE
105,103,סטודנטים,1,15,0,FREE
105,104,סטודנטים,1,15,0,FREE
105,104,סטודנטים,1,12,0,BUSY
105,101,סטודנטים,1,13,1,BUSY
105,101,סטודנטים,1,10,1,BUSY
105,102,סטודנטים,1,18,0,BUSY
105,102,סטודנטים,1,13,1,FREE
105,1,סטודנטים,1,8,0,FREE
105,1,סטודנטים,1,19,1,BUSY
304,3,משפטים,1,17,1,FREE
304,3,משפטים,1,14,1,BUSY
305,6,משפטים,1,11,1,BUSY
305,6,משפטים,1,19,0,BUSY
105,61,סטודנטים,1,9,0,FREE
105,61,סטודנטים,1,18,1,BUSY
105,2,סטודנטים,1,12,1,BUSY
105,2,סטודנטים,1,16,0,FREE
304,2,משפטים,1,17,1,BUSY
304,2,משפטים,1,16,1,BUSY
105,3,סטודנטים,1,18,0,BUSY
105,3,סטודנטים,1,13,1,BUSY
605,101,מ.ישראל,1,13,1,BUSY
605,101,מ.ישראל,1,16,1,BUSY
605,102,מ.ישראל,1,10,1,BUSY
605,102,מ.ישראל,1,9,1,BUSY
604,11,מ.ישראל,1,15,1,BUSY
604,11,מ.ישראל,1,18,1,BUSY
605,11,מ.ישראל,1,15,1,BUSY
605,11,מ.ישראל,1,8,1,BUSY
604,12,מ.ישראל,1,14,1,FREE
604,12,מ.ישראל,1,16,1,BUSY
504,6,מ.ישראל,1,9,1,BUSY
504,6,מ.ישראל,1,15,0,FREE
605,202,מ.ישראל,1,12,0,FREE
605,202,מ.ישראל,1,10,0,FREE
604,14,מ.ישראל,1,10,1,BUSY
604,14,מ.ישראל,1,9,1,BUSY
507,101,מ.ישראל,1,8,1,BUSY
507,101,מ.ישראל,1,11,1,BUSY
507,103,מ.ישראל,1,9,0,FREE
507,103,מ.ישראל,1,13,1,BUSY
504,7,מ.ישראל,1,15,0,FREE
504,7,מ.ישראל,1,12,0,BUSY
604,13,מ.ישראל,1,15,1,BUSY
604,13,מ.ישראל,1,12,1,BUSY
505,1,מ.ישראל,1,11,1,BUSY
505,1,מ.ישראל,1,18,1,FREE
504,3,מ.ישראל,1,11,0,FREE
504,3,מ.ישראל,1,14,0,FREE
604,101,מ.ישראל,1,10,1,BUSY
604,101,מ.ישראל,1,11,1,BUSY
507,201,מ.ישראל,1,9,1,BUSY
507,201,מ.ישראל,1,10,1,BUSY
403,67,יהדות,1,19,1,FREE
403,67,יהדות,1,17,1,BUSY
507,204,מ.ישראל,1,19,0,FREE
507,204,מ.ישראל,1,14,1,BUSY
505,106,מ.ישראל,1,15,1,FREE
505,106,מ.ישראל,1,16,1,BUSY
505,62,מ.ישראל,1,18,0,BUSY
505,62,מ.ישראל,1,17,1,BUSY
505,104,מ.ישראל,1,15,1,BUSY
505,104,מ.ישראל,1,17,1,BUSY
605,13,מ.ישראל,1,9,0,FREE
605,13,מ.ישראל,1,16,1,BUSY
501,25,מ.ישראל,1,12,1,BUSY
501,25,מ.ישראל,1,13,1,BUSY
505,201,מ.ישראל,1,17,0,FREE
505,201,מ.ישראל,1,18,1,BUSY
505,3,מ.ישראל,1,11,1,BUSY
505,3,מ.ישראל,1,15,1,BUSY
507,207,מ.ישראל,1,15,1,BUSY
507,207,מ.ישראל,1,10,1,BUSY
604,61,מ.ישראל,1,8,1,BUSY
604,61,מ.ישראל,1,16,1,BUSY
507,2,מ.ישראל,1,16,1,BUSY
507,2,מ.ישראל,1,18,1,BUSY
505,101,מ.ישראל,1,9,1,BUSY
505,101,מ.ישראל,1,10,0,FREE
905,417,חברה,1,19,1,BUSY
905,417,חברה,1,14,0,FREE
504,1,מ.ישראל,1,10,1,BUSY
504,1,מ.ישראל,1,15,1,BUSY
605,201,מ.ישראל,1,19,0,FREE
605,201,מ.ישראל,1,18,1,BUSY
604,104,מ.ישראל,1,10,1,BUSY
604,104,מ.ישראל,1,13,1,BUSY
213,4,טבע,1,12,1,BUSY
213,4,טבע,1,18,1,BUSY
105,4,סטודנטים,1,18,1,BUSY
105,4,סטודנטים,1,10,0,FREE
102,2,סטודנטים,1,15,1,BUSY
102,2,סטודנטים,1,18,1,FREE
105,5,סטודנטים,1,8,0,FREE
105,5,סטודנטים,1,10,0,FREE
105,105,סטודנטים,1,9,0,FREE
105,105,סטודנטים,1,19,0,BUSY
207,1,טבע,1,9,1,FREE
207,1,טבע,1,8,0,FREE
105,106,סטודנטים,1,19,1,BUSY
105,106,סטודנטים,1,10,0,FREE
404,115,יהדות,1,14,1,BUSY
404,115,יהדות,1,18,0,BUSY
403,101,יהדות,1,10,0,FREE
403,101,יהדות,1,8,0,FREE
404,102,יהדות,1,8,1,BUSY
404,102,יהדות,1,16,1,BUSY
105,6,סטודנטים,1,14,0,BUSY
105,6,סטודנטים,1,19,0,FREE
102,4,סטודנטים,1,13,1,BUSY
102,4,סטודנטים,1,19,1,FREE
404,114,יהדות,1,10,1,BUSY
404,114,יהדות,1,8,1,BUSY
306,111,משפטים,1,18,1,BUSY
306,111,משפטים,1,8,1,BUSY
505,2,מ.ישראל,1,9,1,BUSY
505,2,מ.ישראל,1,17,1,BUSY
604,2,מ.ישראל,1,12,0,FREE
604,2,מ.ישראל,1,17,0,FREE
605,61,מ.ישראל,1,18,1,BUSY
605,61,מ.ישראל,1,12,0,BUSY
410,125,יהדות,1,17,1,BUSY
410,125,יהדות,1,11,1,BUSY
410,46,יהדות,1,12,1,BUSY
410,46,יהדות,1,14,1,BUSY
403,66,יהדות,1,13,1,BUSY
403,66,יהדות,1,10,1,BUSY
502,26,מ.ישראל,1,12,1,BUSY
502,26,מ.ישראל,1,17,1,BUSY
502,25,מ.ישראל,1,19,1,BUSY
502,25,מ.ישראל,1,16,0,FREE
403,218,יהדות,1,19,0,FREE
403,218,יהדות,1,16,0,FREE
403,113,יהדות,1,10,1,BUSY
403,113,יהדות,1,19,0,FREE
410,142,יהדות,1,18,0,FREE
410,142,יהדות,1,15,1,BUSY
505,61,מ.ישראל,1,18,1,FREE
505,61,מ.ישראל,1,15,1,BUSY
505,11,מ.ישראל,1,17,0,FREE
505,11,מ.ישראל,1,16,0,FREE
605,105,מ.ישראל,1,14,0,FREE
605,105,מ.ישראל,1,10,1,BUSY
604,1,מ.ישראל,1,17,0,BUSY
604,1,מ.ישראל,1,9,0,BUSY
507,14,מ.ישראל,1,10,0,FREE
507,14,מ.ישראל,1,17,0,BUSY
605,4,מ.ישראל,1,9,0,FREE
605,4,מ.ישראל,1,8,0,FREE
502,62,מ.ישראל,1,12,0,FREE
502,62,מ.ישראל,1,11,0,BUSY
605,7,מ.ישראל,1,18,0,FREE
605,7,מ.ישראל,1,15,0,FREE
507,206,מ.ישראל,1,14,1,BUSY
507,206,מ.ישראל,1,18,1,BUSY
504,206,מ.ישראל,1,13,0,FREE
504,206,מ.ישראל,1,15,0,BUSY
508,103,מ.ישראל,1,19,0,BUSY
508,103,מ.ישראל,1,14,0,FREE
507,106,מ.ישראל,1,16,1,BUSY
507,106,מ.ישראל,1,12,1,BUSY
605,106,מ.ישראל,1,11,0,FREE
605,106,מ.ישראל,1,17,0,FREE
507,108,מ.ישראל,1,16,1,BUSY
507,108,מ.ישראל,1,15,1,BUSY
505,108,מ.ישראל,1,19,0,FREE
505,108,מ.ישראל,1,17,0,FREE
505,102,מ.ישראל,1,12,1,FREE
505,102,מ.ישראל,1,14,1,BUSY
507,6,מ.ישראל,1,12,1,BUSY
507,6,מ.ישראל,1,18,1,BUSY
507,208,מ.ישראל,1,15,1,BUSY
507,208,מ.ישראל,1,16,1,BUSY
507,205,מ.ישראל,1,10,1,BUSY
507,205,מ.ישראל,1,9,1,BUSY
507,3,מ.ישראל,1,12,1,BUSY
507,3,מ.ישראל,1,19,1,BUSY
505,103,מ.ישראל,1,8,1,BUSY
505,103,מ.ישראל,1,11,1,BUSY
507,209,מ.ישראל,1,14,1,BUSY
507,209,מ.ישראל,1,16,1,BUSY
507,202,מ.ישראל,1,9,1,BUSY
507,202,מ.ישראל,1,12,1,FREE
605,103,מ.ישראל,1,16,1,BUSY
605,103,מ.ישראל,1,13,1,BUSY
403,2,יהדות,1,8,1,BUSY
403,2,יהדות,1,12,1,BUSY
507,104,מ.ישראל,1,10,1,FREE
507,104,מ.ישראל,1,12,1,BUSY
507,5,מ.ישראל,1,15,0,FREE
507,5,מ.ישראל,1,16,1,BUSY
507,203,מ.ישראל,1,15,1,BUSY
507,203,מ.ישראל,1,14,1,BUSY
305,132,משפטים,1,8,0,BUSY
305,132,משפטים,1,15,0,FREE
902,101,חברה,1,12,1,BUSY
902,101,חברה,1,19,1,BUSY
902,104,חברה,1,8,1,BUSY
902,104,חברה,1,14,1,BUSY
1005,112,רוח,1,19,1,BUSY
1005,112,רוח,1,16,1,BUSY
605,65,מ.ישראל,1,16,1,BUSY
605,65,מ.ישראל,1,19,1,BUSY
905,116,חברה,1,18,1,BUSY
905,116,חברה,1,15,1,BUSY
203,226,טבע,1,10,1,BUSY
203,226,טבע,1,18,1,BUSY
902,202,חברה,1,16,0,BUSY
902,202,חברה,1,13,1,BUSY
902,102,חברה,1,12,1,BUSY
902,102,חברה,1,10,1,BUSY
1002,201,רוח,1,16,1,BUSY
1002,201,רוח,1,9,1,BUSY
605,12,מ.ישראל,1,11,1,BUSY
605,12,מ.ישראל,1,13,1,BUSY
502,30,מ.ישראל,1,12,0,FREE
502,30,מ.ישראל,1,8,0,FREE
504,63,מ.ישראל,1,8,0,FREE
504,63,מ.ישראל,1,18,0,FREE
507,13,מ.ישראל,1,8,0,FREE
507,13,מ.ישראל,1,18,0,FREE
507,105,מ.ישראל,1,16,1,BUSY
507,105,מ.ישראל,1,13,0,BUSY
604,103,מ.ישראל,1,17,1,BUSY
604,103,מ.ישראל,1,14,1,BUSY
410,26,יהדות,1,17,0,FREE
410,26,יהדות,1,19,0,BUSY
410,6,יהדות,1,8,0,FREE
410,6,יהדות,1,14,1,BUSY
404,66,יהדות,1,13,0,FREE
404,66,יהדות,1,12,0,FREE
605,64,מ.ישראל,1,15,1,BUSY
605,64,מ.ישראל,1,14,1,FREE
505,64,מ.ישראל,1,11,1,BUSY
505,64,מ.ישראל,1,16,0,FREE
403,115,יהדות,1,15,0,BUSY
403,115,יהדות,1,12,0,BUSY
404,67,יהדות,1,18,0,FREE
404,67,יהדות,1,9,0,FREE
1005,111,רוח,1,12,0,FREE
1005,111,רוח,1,9,0,FREE
1004,305,רוח,1,10,0,FREE
1004,305,רוח,1,17,0,BUSY
404,101,יהדות,1,17,1,BUSY
404,101,יהדות,1,11,1,BUSY
1002,305,רוח,1,17,1,FREE
1002,305,רוח,1,19,0,FREE
504,208,מ.ישראל,1,13,0,FREE
504,208,מ.ישראל,1,15,0,FREE
211,112,טבע,1,9,1,BUSY
211,112,טבע,1,13,1,FREE
305,63,משפטים,1,17,0,FREE
305,63,משפטים,1,12,0,FREE
306,112,משפטים,1,10,0,FREE
306,112,משפטים,1,13,0,FREE
211,106,טבע,1,12,0,FREE
211,106,טבע,1,11,0,FREE
207,201,טבע,1,12,0,BUSY
207,201,טבע,1,8,0,FREE
305,101,משפטים,1,9,0,FREE
305,101,משפטים,1,16,0,FREE
403,61,יהדות,1,18,0,FREE
403,61,יהדות,1,16,0,FREE
202,202,טבע,1,17,0,FREE
202,202,טבע,1,13,0,BUSY
203,106,טבע,1,15,0,FREE
203,106,טבע,1,11,0,FREE
203,112,טבע,1,16,0,BUSY
203,112,טבע,1,9,0,FREE
105,112,סטודנטים,1,9,0,FREE
105,112,סטודנטים,1,18,0,FREE
207,6,טבע,1,16,0,FREE
207,6,טבע,1,9,0,BUSY
207,4,טבע,1,10,0,BUSY
207,4,טבע,1,17,0,FREE
207,101,טבע,1,11,0,FREE
207,101,טבע,1,9,0,FREE
604,6,מ.ישראל,1,10,0,FREE
604,6,מ.ישראל,1,13,0,BUSY
211,22,nan,1,12,0,FREE
211,22,nan,1,17,1,BUSY
211,4,טבע,1,17,0,FREE
211,4,טבע,1,15,0,BUSY
507,7,מ.ישראל,1,17,1,FREE
507,7,מ.ישראל,1,14,1,BUSY
1401,3,nan,1,15,1,BUSY
1401,3,nan,1,10,1,BUSY
905,63,חברה,1,13,1,FREE
905,63,חברה,1,11,1,BUSY
901,61,חברה,1,11,0,FREE
901,61,חברה,1,10,0,FREE
403,69,מינץ,1,19,0,FREE
403,69,מינץ,1,16,1,BUSY
1401,63,nan,1,19,0,FREE
1401,63,nan,1,8,0,BUSY
1401,1,nan,1,9,1,BUSY
1401,1,nan,1,13,1,BUSY
507,1,מ.ישראל,1,11,1,BUSY
507,1,מ.ישראל,1,10,1,BUSY
905,62,חברה,1,10,1,FREE
905,62,חברה,1,8,1,BUSY
504,10,מ.ישראל,1,18,0,FREE
504,10,מ.ישראל,1,9,1,BUSY
505,202,מ.ישראל,1,12,0,BUSY
505,202,מ.ישראל,1,10,0,BUSY
1002,102,רוח,1,16,0,FREE
1002,102,רוח,1,11,1,BUSY
410,226,יהדות,1,18,0,FREE
410,226,יהדות,1,16,1,BUSY
410,225,יהדות,1,11,1,FREE
410,225,יהדות,1,8,1,BUSY
1004,407,רוח,1,9,0,FREE
1004,407,רוח,1,10,0,FREE
1004,402,רוח,1,9,0,FREE
1004,402,רוח,1,8,0,FREE
505,65,מ.ישראל,1,16,0,FREE
505,65,מ.ישראל,1,8,0,FREE
505,204,מ.ישראל,1,17,1,BUSY
505,204,מ.ישראל,1,11,0,FREE
304,1,משפטים,1,17,1,BUSY
304,1,משפטים,1,19,0,FREE
605,63,מ.ישראל,1,13,1,FREE
605,63,מ.ישראל,1,12,1,BUSY
305,10,משפטים,1,16,0,FREE
305,10,משפטים,1,11,1,BUSY
304,61,משפטים,1,10,0,FREE
304,61,משפטים,1,12,0,FREE
604,202,מ.ישראל,1,10,0,BUSY
604,202,מ.ישראל,1,16,0,FREE
211,25,nan,1,19,0,FREE
211,25,nan,1,8,1,BUSY
304,25,משפטים,1,19,0,FREE
304,25,משפטים,1,10,0,FREE
1105,53,הנדסה,1,18,1,BUSY
1105,53,הנדסה,1,13,1,BUSY
1401,53,nan,1,13,0,FREE
1401,53,nan,1,8,1,BUSY
305,2,משפטים,1,12,0,BUSY
305,2,משפטים,1,11,0,FREE
305,4,משפטים,1,8,1,BUSY
305,4,משפטים,1,17,1,FREE
502,23,מ.ישראל,1,19,1,BUSY
502,23,מ.ישראל,1,14,0,FREE
503,1,מ.ישראל,1,15,1,BUSY
503,1,מ.ישראל,1,13,1,BUSY
404,113,יהדות,1,8,1,BUSY
404,113,יהדות,1,9,1,BUSY
404,201,יהדות,1,14,1,BUSY
404,201,יהדות,1,11,1,BUSY
505,203,מ.ישראל,1,11,0,FREE
505,203,מ.ישראל,1,18,0,FREE
1005,19,רוח,1,11,0,FREE
1005,19,רוח,1,16,1,BUSY
1005,108,רוח,1,19,0,FREE
1005,108,רוח,1,10,0,BUSY
1005,201,רוח,1,13,1,BUSY
1005,201,רוח,1,10,0,FREE
1005,209,רוח,1,8,1,BUSY
1005,209,רוח,1,13,1,BUSY
1005,207,רוח,1,10,0,FREE
1005,207,רוח,1,16,1,BUSY
1005,203,רוח,1,15,0,FREE
1005,203,רוח,1,8,0,FREE
604,201,מ.ישראל,1,16,0,FREE
604,201,מ.ישראל,1,9,0,FREE
305,105,משפטים,1,14,0,FREE
305,105,משפטים,1,10,0,FREE
507,37,מ.ישראל,1,17,0,FREE
507,37,מ.ישראל,1,16,0,BUSY
1104,42,הנדסה,1,14,1,BUSY
1104,42,הנדסה,1,15,1,BUSY
1105,42,הנדסה,1,14,0,FREE
1105,42,הנדסה,1,9,0,FREE
1103,22,הנדסה,1,11,1,BUSY
1103,22,הנדסה,1,18,1,BUSY
902,9,חברה,1,14,1,BUSY
902,9,חברה,1,17,1,BUSY
304,9,משפטים,1,16,0,FREE
304,9,משפטים,1,12,0,FREE
1105,271,הנדסה,1,15,1,BUSY
1105,271,הנדסה,1,12,1,BUSY
1104,271,הנדסה,1,19,0,FREE
1104,271,הנדסה,1,13,0,BUSY
507,61,מ.ישראל,1,17,0,BUSY
507,61,מ.ישראל,1,12,0,FREE
213,304,טבע,1,15,1,BUSY
213,304,טבע,1,16,1,BUSY
213,320,טבע,1,13,0,FREE
213,320,טבע,1,12,0,BUSY
1004,203,רוח,1,8,0,FREE
1004,203,רוח,1,16,0,FREE
1004,212,רוח,1,16,0,FREE
1004,212,רוח,1,10,1,FREE
410,328,יהדות,1,13,1,BUSY
410,328,יהדות,1,19,0,FREE
410,332,יהדות,1,14,1,BUSY
410,332,יהדות,1,8,0,FREE
604,204,מ.ישראל,1,19,0,FREE
604,204,מ.ישראל,1,8,0,BUSY
1002,203,רוח,1,15,1,BUSY
1002,203,רוח,1,8,0,FREE
202,301,טבע,1,15,1,FREE
202,301,טבע,1,10,1,BUSY
203,4,טבע,1,14,0,FREE
203,4,טבע,1,11,0,FREE
202,221,טבע,1,9,0,FREE
202,221,טבע,1,10,0,FREE
202,205,טבע,1,11,1,BUSY
202,205,טבע,1,14,0,FREE
202,304,טבע,1,15,0,FREE
202,304,טבע,1,9,0,FREE
202,505,טבע,1,18,0,FREE
202,505,טבע,1,9,0,FREE
202,203,טבע,1,11,1,FREE
202,203,טבע,1,18,0,BUSY
202,303,טבע,1,17,1,BUSY
202,303,טבע,1,9,0,FREE
202,201,טבע,1,19,0,FREE
202,201,טבע,1,16,0,BUSY
202,204,טבע,1,13,0,FREE
202,204,טבע,1,9,0,BUSY
505,505,מ.ישראל,1,18,0,FREE
505,505,מ.ישראל,1,12,0,FREE
902,301,חברה,1,17,1,BUSY
902,301,חברה,1,18,0,FREE
902,12,חברה,1,8,1,BUSY
902,12,חברה,1,15,1,BUSY
902,107,חברה,1,19,1,BUSY
902,107,חברה,1,18,1,BUSY
905,217,חברה,1,15,1,BUSY
905,217,חברה,1,12,1,BUSY
902,217,חברה,1,17,1,BUSY
902,217,חברה,1,11,0,FREE
902,110,חברה,1,14,0,FREE
902,110,חברה,1,10,0,FREE
902,109,חברה,1,12,1,BUSY
902,109,חברה,1,17,0,FREE
507,23,מ.ישראל,1,12,0,FREE
507,23,מ.ישראל,1,15,0,FREE
1004,406,רוח,1,18,0,FREE
1004,406,רוח,1,8,0,FREE
1105,368,הנדסה,1,10,1,FREE
1105,368,הנדסה,1,9,1,BUSY
1102,2,הנדסה,1,19,1,BUSY
1102,2,הנדסה,1,18,1,BUSY
1104,244,הנדסה,1,17,1,FREE
1104,244,הנדסה,1,15,1,FREE
1104,249,הנדסה,1,10,1,BUSY
1104,249,הנדסה,1,12,1,BUSY
1104,243,הנדסה,1,14,1,BUSY
1104,243,הנדסה,1,12,1,FREE
1103,42,הנדסה,1,8,0,FREE
1103,42,הנדסה,1,10,1,BUSY
1401,4,nan,1,8,0,FREE
1401,4,nan,1,16,0,FREE
1105,3,הנדסה,1,19,0,FREE
1105,3,הנדסה,1,8,0,BUSY
1102,4,הנדסה,1,15,0,BUSY
1102,4,הנדסה,1,14,0,FREE
A1300,2,מעונות,1,9,1,BUSY
A1300,2,מעונות,1,14,0,FREE
A1300,1,מעונות,1,8,0,FREE
A1300,1,מעונות,1,16,1,BUSY
901,4,חברה,1,9,0,FREE
901,4,חברה,1,12,0,BUSY
1103,223,הנדסה,1,10,0,FREE
1103,223,הנדסה,1,14,1,BUSY
1102,205,הנדסה,1,10,0,BUSY
1102,205,הנדסה,1,19,0,BUSY
1105,366,הנדסה,1,19,0,FREE
1105,366,הנדסה,1,12,1,FREE
1104,344,הנדסה,1,13,0,FREE
1104,344,הנדסה,1,12,0,BUSY
1104,347,הנדסה,1,15,0,FREE
1104,347,הנדסה,1,10,0,BUSY
1103,224,הנדסה,1,18,1,BUSY
1103,224,הנדסה,1,19,0,BUSY
1002,112,רוח,1,14,0,BUSY
1002,112,רוח,1,11,0,FREE
905,119,חברה,1,10,1,BUSY
905,119,חברה,1,14,1,BUSY
905,118,חברה,1,12,1,BUSY
905,118,חברה,1,10,1,FREE
905,319,חברה,1,10,1,BUSY
905,319,חברה,1,17,0,FREE
905,418,חברה,1,13,1,BUSY
905,418,חברה,1,19,0,FREE
905,416,חברה,1,8,1,BUSY
905,416,חברה,1,10,1,BUSY
905,211,חברה,1,15,1,BUSY
905,211,חברה,1,8,0,FREE
905,321,חברה,1,11,1,BUSY
905,321,חברה,1,10,1,FREE
905,311,חברה,1,13,0,FREE
905,311,חברה,1,16,0,FREE
905,2,חברה,1,16,0,FREE
905,2,חברה,1,14,0,FREE
905,317,חברה,1,8,0,BUSY
905,317,חברה,1,10,1,BUSY
502,63,מ.ישראל,1,10,0,BUSY
502,63,מ.ישראל,1,9,0,BUSY
212,214,טבע,1,18,0,FREE
212,214,טבע,1,13,0,BUSY
211,21,nan,1,10,0,FREE
211,21,nan,1,9,0,BUSY
211,17,nan,1,11,0,FREE
211,17,nan,1,13,1,BUSY
505,7,מ.ישראל,1,9,0,FREE
505,7,מ.ישראל,1,16,0,FREE
212,212,nan,1,19,0,FREE
212,212,nan,1,9,0,FREE
212,1,טבע,1,14,1,BUSY
212,1,טבע,1,15,1,FREE
304,4,משפטים,1,17,0,FREE
304,4,משפטים,1,8,0,FREE
403,3,יהדות,1,14,0,FREE
403,3,יהדות,1,15,0,FREE
905,25,חברה,1,13,0,BUSY
905,25,חברה,1,9,0,FREE
212,310,טבע,1,17,1,BUSY
212,310,טבע,1,15,1,BUSY
212,1,nan,1,10,1,BUSY
212,1,nan,1,18,0,FREE
212,3,טבע,1,14,0,BUSY
212,3,טבע,1,15,0,BUSY
212,21,nan,1,14,0,BUSY
212,21,nan,1,8,1,BUSY
203,212,טבע,1,15,0,FREE
203,212,טבע,1,19,0,FREE
304,69,משפטים,1,18,0,FREE
304,69,משפטים,1,19,0,FREE
305,11,משפטים,1,10,1,BUSY
305,11,משפטים,1,9,1,BUSY
901,11,חברה,1,14,0,BUSY
901,11,חברה,1,8,0,FREE
211,3,nan,1,10,0,FREE
211,3,nan,1,8,0,FREE
213,61,טבע,1,8,0,BUSY
213,61,טבע,1,11,0,FREE
211,9,nan,1,8,0,FREE
211,9,nan,1,16,0,FREE
902,1,חברה,1,12,0,BUSY
902,1,חברה,1,10,0,BUSY
304,7,משפטים,1,9,0,FREE
304,7,משפטים,1,15,0,FREE
403,1,מינץ,1,11,0,FREE
403,1,מינץ,1,17,0,FREE
211,7,nan,1,14,0,BUSY
211,7,nan,1,16,0,FREE
501,11,מ.ישראל,1,8,0,BUSY
501,11,מ.ישראל,1,9,0,FREE
507,11,מ.ישראל,1,17,0,FREE
507,11,מ.ישראל,1,16,0,BUSY
1401,7,nan,1,13,0,FREE
1401,7,nan,1,15,0,FREE
211,63,nan,1,8,0,BUSY
211,63,nan,1,19,0,FREE
105,134,סטודנטים,1,8,0,BUSY
105,134,סטודנטים,1,15,0,BUSY
305,3,משפטים,1,11,0,FREE
305,3,משפטים,1,8,0,BUSY
404,133,יהדות,1,17,0,BUSY
404,133,יהדות,1,11,0,FREE
306,1,משפטים,1,10,0,FREE
306,1,משפטים,1,9,0,FREE
304,132,משפטים,1,13,0,FREE
304,132,משפטים,1,12,0,FREE
105,132,סטודנטים,1,18,0,FREE
105,132,סטודנטים,1,16,0,FREE
404,134,יהדות,1,19,0,FREE
404,134,יהדות,1,18,0,FREE
404,65,יהדות,1,14,0,FREE
404,65,יהדות,1,13,0,FREE
102,133,סטודנטים,1,14,0,FREE
102,133,סטודנטים,1,16,0,BUSY
305,104,משפטים,1,15,0,FREE
305,104,משפטים,1,13,0,FREE
507,10,מ.ישראל,1,14,0,BUSY
507,10,מ.ישראל,1,18,0,BUSY
507,62,מ.ישראל,1,12,0,BUSY
507,62,מ.ישראל,1,19,0,FREE
604,309,מ.ישראל,1,16,0,BUSY
604,309,מ.ישראל,1,11,0,FREE
901,101,חברה,1,17,1,BUSY
901,101,חברה,1,18,0,BUSY
901,102,חברה,1,10,1,BUSY
901,102,חברה,1,16,0,FREE
301,202,פלדמן,1,11,0,FREE
301,202,פלדמן,1,19,0,FREE
905,104,חברה,1,14,0,FREE
905,104,חברה,1,19,1,BUSY
507,107,מ.ישראל,2,12,1,BUSY
507,107,מ.ישראל,2,11,0,FREE
905,61,חברה,2,14,1,BUSY
905,61,חברה,2,10,1,BUSY
1401,2,nan,2,12,0,BUSY
1401,2,nan,2,17,0,FREE
402,63,יהדות,2,10,1,BUSY
402,63,יהדות,2,17,1,BUSY
203,221,טבע,2,15,1,BUSY
203,221,טבע,2,17,0,BUSY
1002,1,רוח,2,11,1,BUSY
1002,1,רוח,2,15,1,BUSY
604,63,מ.ישראל,2,13,1,BUSY
604,63,מ.ישראל,2,14,1,BUSY
604,64,מ.ישראל,2,19,0,FREE
604,64,מ.ישראל,2,16,1,BUSY
604,105,מ.ישראל,2,16,1,BUSY
604,105,מ.ישראל,2,13,1,BUSY
403,211,יהדות,2,17,0,FREE
403,211,יהדות,2,8,0,FREE
604,102,מ.ישראל,2,16,1,BUSY
604,102,מ.ישראל,2,8,1,BUSY
403,217,יהדות,2,17,0,BUSY
403,217,יהדות,2,12,1,BUSY
305,133,משפטים,2,16,0,FREE
305,133,משפטים,2,18,1,BUSY
504,2,מ.ישראל,2,16,1,BUSY
504,2,מ.ישראל,2,10,1,FREE
507,102,מ.ישראל,2,9,1,BUSY
507,102,מ.ישראל,2,19,1,BUSY
604,62,מ.ישראל,2,11,1,BUSY
604,62,מ.ישראל,2,18,0,FREE
1002,405,רוח,2,12,0,BUSY
1002,405,רוח,2,18,0,FREE
902,210,חברה,2,16,1,FREE
902,210,חברה,2,14,0,BUSY
508,7,מ.ישראל,2,18,0,FREE
508,7,מ.ישראל,2,15,1,FREE
502,8,מ.ישראל,2,10,1,FREE
502,8,מ.ישראל,2,14,0,BUSY
605,104,מ.ישראל,2,8,0,FREE
605,104,מ.ישראל,2,17,1,BUSY
1002,61,רוח,2,18,1,BUSY
1002,61,רוח,2,11,1,BUSY
507,4,מ.ישראל,2,12,1,BUSY
507,4,מ.ישראל,2,16,1,BUSY
504,4,מ.ישראל,2,18,1,FREE
504,4,מ.ישראל,2,13,1,BUSY
1002,202,רוח,2,8,0,BUSY
1002,202,רוח,2,17,1,BUSY
502,6,מ.ישראל,2,11,0,FREE
502,6,מ.ישראל,2,13,0,FREE
502,7,מ.ישראל,2,19,1,BUSY
502,7,מ.ישראל,2,16,1,BUSY
505,4,מ.ישראל,2,8,0,BUSY
505,4,מ.ישראל,2,15,1,BUSY
502,9,מ.ישראל,2,8,0,BUSY
502,9,מ.ישראל,2,12,1,BUSY
1005,109,רוח,2,17,1,FREE
1005,109,רוח,2,8,1,BUSY
902,103,חברה,2,11,1,BUSY
902,103,חברה,2,18,0,FREE
502,37,מ.ישראל,2,8,0,FREE
502,37,מ.ישראל,2,9,0,FREE
902,201,חברה,2,15,1,BUSY
902,201,חברה,2,16,1,BUSY
604,205,מ.ישראל,2,15,1,BUSY
604,205,מ.ישראל,2,14,1,BUSY
505,63,מ.ישראל,2,17,1,FREE
505,63,מ.ישראל,2,8,1,BUSY
504,5,מ.ישראל,2,19,1,BUSY
504,5,מ.ישראל,2,14,1,BUSY
305,5,משפטים,2,13,0,FREE
305,5,משפטים,2,18,0,FREE
605,14,מ.ישראל,2,12,1,BUSY
605,14,מ.ישראל,2,18,1,FREE
505,105,מ.ישראל,2,11,1,BUSY
505,105,מ.ישראל,2,16,1,BUSY
502,24,מ.ישראל,2,11,1,FREE
502,24,מ.ישראל,2,10,1,BUSY
505,5,מ.ישראל,2,19,1,BUSY
505,5,מ.ישראל,2,13,1,BUSY
404,68,יהדות,2,8,0,FREE
404,68,יהדות,2,9,0,FREE
305,134,משפטים,2,9,1,BUSY
305,134,משפטים,2,10,1,BUSY
105,103,סטודנטים,2,9,1,BUSY
105,103,סטודנטים,2,8,0,FREE
105,104,סטודנטים,2,13,1,FREE
105,104,סטודנטים,2,16,1,FREE
105,101,סטודנטים,2,13,1,BUSY
105,101,סטודנטים,2,14,1,FREE
105,102,סטודנטים,2,11,1,BUSY
105,102,סטודנטים,2,19,1,BUSY
105,1,סטודנטים,2,16,1,BUSY
105,1,סטודנטים,2,10,1,BUSY
304,3,משפטים,2,14,0,FREE
304,3,משפטים,2,9,1,BUSY
305,6,משפטים,2,15,0,FREE
305,6,משפטים,2,16,1,BUSY
105,61,סטודנטים,2,12,1,BUSY
105,61,סטודנטים,2,15,1,BUSY
105,2,סטודנטים,2,19,0,FREE
105,2,סטודנטים,2,14,0,FREE
304,2,משפטים,2,14,1,BUSY
304,2,משפטים,2,9,0,FREE
105,3,סטודנטים,2,9,0,FREE
105,3,סטודנטים,2,15,1,BUSY
605,101,מ.ישראל,2,11,1,BUSY
605,101,מ.ישראל,2,8,1,BUSY
605,102,מ.ישראל,2,8,1,BUSY
605,102,מ.ישראל,2,9,1,BUSY
604,11,מ.ישראל,2,8,0,FREE
604,11,מ.ישראל,2,10,1,BUSY
605,11,מ.ישראל,2,8,1,BUSY
605,11,מ.ישראל,2,19,0,BUSY
604,12,מ.ישראל,2,16,1,BUSY
604,12,מ.ישראל,2,8,0,FREE
504,6,מ.ישראל,2,8,1,BUSY
504,6,מ.ישראל,2,18,1,BUSY
605,202,מ.ישראל,2,10,0,FREE
605,202,מ.ישראל,2,8,0,FREE
604,14,מ.ישראל,2,11,1,BUSY
604,14,מ.ישראל,2,14,0,FREE
507,101,מ.ישראל,2,19,0,BUSY
507,101,מ.ישראל,2,12,1,BUSY
507,103,מ.ישראל,2,13,1,BUSY
507,103,מ.ישראל,2,8,1,BUSY
504,7,מ.ישראל,2,12,1,BUSY
504,7,מ.ישראל,2,19,1,BUSY
604,13,מ.ישראל,2,8,0,BUSY
604,13,מ.ישראל,2,15,1,BUSY
505,1,מ.ישראל,2,14,1,FREE
505,1,מ.ישראל,2,15,1,BUSY
504,3,מ.ישראל,2,17,1,BUSY
504,3,מ.ישראל,2,19,1,BUSY
604,101,מ.ישראל,2,13,1,BUSY
604,101,מ.ישראל,2,19,1,BUSY
507,201,מ.ישראל,2,17,1,BUSY
507,201,מ.ישראל,2,9,0,FREE
403,67,יהדות,2,13,1,FREE
403,67,יהדות,2,15,0,FREE
507,204,מ.ישראל,2,8,0,BUSY
507,204,מ.ישראל,2,19,1,BUSY
505,106,מ.ישראל,2,15,1,BUSY
505,106,מ.ישראל,2,18,1,BUSY
505,62,מ.ישראל,2,11,1,FREE
505,62,מ.ישראל,2,17,1,BUSY
505,104,מ.ישראל,2,8,1,BUSY
505,104,מ.ישראל,2,19,1,BUSY
605,13,מ.ישראל,2,12,1,BUSY
605,13,מ.ישראל,2,13,1,BUSY
501,25,מ.ישראל,2,14,1,BUSY
501,25,מ.ישראל,2,13,1,BUSY
505,201,מ.ישראל,2,12,1,BUSY
505,201,מ.ישראל,2,19,0,FREE
505,3,מ.ישראל,2,18,1,BUSY
505,3,מ.ישראל,2,8,1,BUSY
507,207,מ.ישראל,2,9,0,FREE
507,207,מ.ישראל,2,14,1,BUSY
604,61,מ.ישראל,2,14,1,BUSY
604,61,מ.ישראל,2,10,1,BUSY
507,2,מ.ישראל,2,17,1,BUSY
507,2,מ.ישראל,2,15,1,BUSY
505,101,מ.ישראל,2,15,1,BUSY
505,101,מ.ישראל,2,10,1,BUSY
905,417,חברה,2,8,0,FREE
905,417,חברה,2,13,1,BUSY
504,1,מ.ישראל,2,13,1,BUSY
504,1,מ.ישראל,2,19,1,BUSY
605,201,מ.ישראל,2,17,1,BUSY
605,201,מ.ישראל,2,8,0,BUSY
604,104,מ.ישראל,2,14,1,FREE
604,104,מ.ישראל,2,15,1,BUSY
213,4,טבע,2,16,1,BUSY
213,4,טבע,2,18,1,FREE
105,4,סטודנטים,2,16,0,FREE
105,4,סטודנטים,2,15,1,BUSY
102,2,סטודנטים,2,9,0,FREE
102,2,סטודנטים,2,13,1,BUSY
105,5,סטודנטים,2,10,1,BUSY
105,5,סטודנטים,2,18,1,BUSY
105,105,סטודנטים,2,19,1,BUSY
105,105,סטודנטים,2,9,1,BUSY
207,1,טבע,2,12,1,BUSY
207,1,טבע,2,13,1,BUSY
105,106,סטודנטים,2,13,0,BUSY
105,106,סטודנטים,2,18,1,BUSY
404,115,יהדות,2,16,1,FREE
404,115,יהדות,2,14,1,FREE
403,101,יהדות,2,11,1,BUSY
403,101,יהדות,2,8,0,FREE
404,102,יהדות,2,16,1,BUSY
404,102,יהדות,2,10,1,BUSY
105,6,סטודנטים,2,13,1,BUSY
105,6,סטודנטים,2,16,0,FREE
102,4,סטודנטים,2,19,0,BUSY
102,4,סטודנטים,2,18,0,FREE
404,114,יהדות,2,12,1,BUSY
404,114,יהדות,2,15,1,FREE
306,111,משפטים,2,11,1,BUSY
306,111,משפטים,2,13,1,BUSY
505,2,מ.ישראל,2,12,1,BUSY
505,2,מ.ישראל,2,18,1,FREE
604,2,מ.ישראל,2,8,0,FREE
604,2,מ.ישראל,2,15,0,FREE
605,61,מ.ישראל,2,19,1,BUSY
605,61,מ.ישראל,2,18,1,BUSY
410,125,יהדות,2,17,1,BUSY
410,125,יהדות,2,15,1,BUSY
410,46,יהדות,2,10,1,BUSY
410,46,יהדות,2,18,1,BUSY
403,66,יהדות,2,19,0,FREE
403,66,יהדות,2,11,1,BUSY
502,26,מ.ישראל,2,15,1,BUSY
502,26,מ.ישראל,2,10,1,BUSY
502,25,מ.ישראל,2,18,0,BUSY
502,25,מ.ישראל,2,16,1,BUSY
403,218,יהדות,2,16,1,BUSY
403,218,יהדות,2,12,0,FREE
403,113,יהדות,2,15,0,FREE
403,113,יהדות,2,12,0,FREE
410,142,יהדות,2,9,1,BUSY
410,142,יהדות,2,12,1,FREE
505,61,מ.ישראל,2,13,1,BUSY
505,61,מ.ישראל,2,16,0,FREE
505,11,מ.ישראל,2,11,0,FREE
505,11,מ.ישראל,2,13,0,BUSY
605,105,מ.ישראל,2,11,1,BUSY
605,105,מ.ישראל,2,17,1,BUSY
604,1,מ.ישראל,2,17,0,FREE
604,1,מ.ישראל,2,11,0,FREE
507,14,מ.ישראל,2,16,0,BUSY
507,14,מ.ישראל,2,13,0,BUSY
605,4,מ.ישראל,2,19,0,FREE
605,4,מ.ישראל,2,12,0,FREE
502,62,מ.ישראל,2,10,0,FREE
502,62,מ.ישראל,2,18,0,FREE
605,7,מ.ישראל,2,18,0,FREE
605,7,מ.ישראל,2,8,0,FREE
507,206,מ.ישראל,2,11,1,FREE
507,206,מ.ישראל,2,10,1,BUSY
504,206,מ.ישראל,2,13,0,FREE
504,206,מ.ישראל,2,11,0,FREE
508,103,מ.ישראל,2,18,1,BUSY
508,103,מ.ישראל,2,12,0,FREE
507,106,מ.ישראל,2,8,1,BUSY
507,106,מ.ישראל,2,18,0,BUSY
605,106,מ.ישראל,2,10,0,FREE
605,106,מ.ישראל,2,12,0,FREE
507,108,מ.ישראל,2,9,1,BUSY
507,108,מ.ישראל,2,10,1,BUSY
505,108,מ.ישראל,2,11,0,FREE
505,108,מ.ישראל,2,9,0,FREE
505,102,מ.ישראל,2,18,1,BUSY
505,102,מ.ישראל,2,14,1,BUSY
507,6,מ.ישראל,2,9,0,BUSY
507,6,מ.ישראל,2,8,0,FREE
507,208,מ.ישראל,2,19,1,BUSY
507,208,מ.ישראל,2,11,1,FREE
507,205,מ.ישראל,2,14,1,BUSY
507,205,מ.ישראל,2,16,1,BUSY
507,3,מ.ישראל,2,10,1,BUSY
507,3,מ.ישראל,2,8,1,BUSY
505,103,מ.ישראל,2,10,1,BUSY
505,103,מ.ישראל,2,18,1,BUSY
507,209,מ.ישראל,2,10,1,BUSY
507,209,מ.ישראל,2,11,1,FREE
507,202,מ.ישראל,2,18,1,BUSY
507,202,מ.ישראל,2,19,1,FREE
605,103,מ.ישראל,2,13,1,BUSY
605,103,מ.ישראל,2,10,1,BUSY
403,2,יהדות,2,16,0,FREE
403,2,יהדות,2,18,1,BUSY
507,104,מ.ישראל,2,19,1,BUSY
507,104,מ.ישראל,2,8,1,BUSY
507,5,מ.ישראל,2,10,1,BUSY
507,5,מ.ישראל,2,14,1,BUSY
507,203,מ.ישראל,2,8,0,FREE
507,203,מ.ישראל,2,11,1,BUSY
305,132,משפטים,2,13,0,FREE
305,132,משפטים,2,10,1,BUSY
902,101,חברה,2,13,1,BUSY
902,101,חברה,2,11,0,BUSY
902,104,חברה,2,12,1,BUSY
902,104,חברה,2,19,1,BUSY
1005,112,רוח,2,19,0,FREE
1005,112,רוח,2,12,0,FREE
605,65,מ.ישראל,2,16,1,BUSY
605,65,מ.ישראל,2,11,1,BUSY
905,116,חברה,2,12,1,BUSY
905,116,חברה,2,18,1,BUSY
203,226,טבע,2,10,0,FREE
203,226,טבע,2,16,0,FREE
902,202,חברה,2,12,1,BUSY
902,202,חברה,2,13,1,BUSY
902,102,חברה,2,14,1,BUSY
902,102,חברה,2,16,0,BUSY
1002,201,רוח,2,10,1,BUSY
1002,201,רוח,2,9,1,BUSY
605,12,מ.ישראל,2,15,1,FREE
605,12,מ.ישראל,2,14,1,FREE
502,30,מ.ישראל,2,12,0,FREE
502,30,מ.ישראל,2,11,0,FREE
504,63,מ.ישראל,2,12,0,BUSY
504,63,מ.ישראל,2,10,0,FREE
507,13,מ.ישראל,2,19,0,FREE
507,13,מ.ישראל,2,11,0,FREE
507,105,מ.ישראל,2,9,0,FREE
507,105,מ.ישראל,2,19,0,FREE
604,103,מ.ישראל,2,14,1,BUSY
604,103,מ.ישראל,2,10,1,BUSY
410,26,יהדות,2,11,0,FREE
410,26,יהדות,2,15,0,FREE
410,6,יהדות,2,11,1,BUSY
410,6,יהדות,2,13,1,FREE
404,66,יהדות,2,9,0,FREE
404,66,יהדות,2,10,0,FREE
605,64,מ.ישראל,2,11,1,BUSY
605,64,מ.ישראל,2,8,1,BUSY
505,64,מ.ישראל,2,11,0,FREE
505,64,מ.ישראל,2,8,0,BUSY
403,115,יהדות,2,15,0,BUSY
403,115,יהדות,2,16,0,FREE
404,67,יהדות,2,9,0,FREE
404,67,יהדות,2,15,0,FREE
1005,111,רוח,2,8,1,BUSY
1005,111,רוח,2,13,1,FREE
1004,305,רוח,2,19,1,BUSY
1004,305,רוח,2,15,1,BUSY
404,101,יהדות,2,16,1,BUSY
404,101,יהדות,2,17,1,BUSY
1002,305,רוח,2,13,1,BUSY
1002,305,רוח,2,12,1,BUSY
504,208,מ.ישראל,2,10,0,FREE
504,208,מ.ישראל,2,19,0,FREE
211,112,טבע,2,11,1,BUSY
211,112,טבע,2,8,0,FREE
305,63,משפטים,2,9,0,FREE
305,63,משפטים,2,13,0,FREE
306,112,משפטים,2,19,0,FREE
306,112,משפטים,2,14,0,FREE
211,106,טבע,2,16,0,FREE
211,106,טבע,2,12,1,BUSY
207,201,טבע,2,9,1,BUSY
207,201,טבע,2,8,1,BUSY
305,101,משפטים,2,17,0,FREE
305,101,משפטים,2,16,0,FREE
403,61,יהדות,2,8,0,FREE
403,61,יהדות,2,18,0,FREE
202,202,טבע,2,13,0,FREE
202,202,טבע,2,19,1,FREE
203,106,טבע,2,14,0,FREE
203,106,טבע,2,12,0,FREE
203,112,טבע,2,9,0,BUSY
203,112,טבע,2,12,0,FREE
105,112,סטודנטים,2,13,0,BUSY
105,112,סטודנטים,2,19,0,FREE
207,6,טבע,2,11,0,BUSY
207,6,טבע,2,8,0,FREE
207,4,טבע,2,13,1,BUSY
207,4,טבע,2,9,0,FREE
207,101,טבע,2,18,0,FREE
207,101,טבע,2,13,1,BUSY
604,6,מ.ישראל,2,15,0,BUSY
604,6,מ.ישראל,2,9,0,FREE
211,22,nan,2,14,0,BUSY
211,22,nan,2,18,0,BUSY
211,4,טבע,2,9,0,BUSY
211,4,טבע,2,15,0,FREE
507,7,מ.ישראל,2,15,1,BUSY
507,7,מ.ישראל,2,16,1,BUSY
1401,3,nan,2,17,1,BUSY
1401,3,nan,2,16,1,BUSY
905,63,חברה,2,9,1,FREE
905,63,חברה,2,17,1,FREE
901,61,חברה,2,16,1,BUSY
901,61,חברה,2,13,1,FREE
403,69,מינץ,2,13,1,BUSY
403,69,מינץ,2,14,1,BUSY
1401,63,nan,2,13,0,BUSY
1401,63,nan,2,8,0,FREE
1401,1,nan,2,12,0,FREE
1401,1,nan,2,9,0,FREE
507,1,מ.ישראל,2,15,1,BUSY
507,1,מ.ישראל,2,18,0,FREE
905,62,חברה,2,8,0,FREE
905,62,חברה,2,18,0,BUSY
504,10,מ.ישראל,2,16,0,FREE
504,10,מ.ישראל,2,11,0,BUSY
505,202,מ.ישראל,2,19,0,FREE
505,202,מ.ישראל,2,8,0,FREE
1002,102,רוח,2,11,1,FREE
1002,102,רוח,2,13,0,FREE
410,226,יהדות,2,19,0,FREE
410,226,יהדות,2,11,1,BUSY
410,225,יהדות,2,16,1,BUSY
410,225,יהדות,2,11,0,FREE
1004,407,רוח,2,8,0,FREE
1004,407,רוח,2,18,0,FREE
1004,402,רוח,2,8,0,FREE
1004,402,רוח,2,12,1,BUSY
505,65,מ.ישראל,2,9,0,FREE
505,65,מ.ישראל,2,15,0,FREE
505,204,מ.ישראל,2,19,0,FREE
505,204,מ.ישראל,2,12,0,BUSY
304,1,משפטים,2,12,1,BUSY
304,1,משפטים,2,8,1,BUSY
605,63,מ.ישראל,2,9,0,FREE
605,63,מ.ישראל,2,15,1,BUSY
305,10,משפטים,2,9,0,FREE
305,10,משפטים,2,17,1,BUSY
304,61,משפטים,2,17,0,FREE
304,61,משפטים,2,11,0,FREE
604,202,מ.ישראל,2,12,0,BUSY
604,202,מ.ישראל,2,8,0,BUSY
211,25,nan,2,19,0,FREE
211,25,nan,2,18,0,FREE
304,25,משפטים,2,16,0,FREE
304,25,משפטים,2,17,0,FREE
1105,53,הנדסה,2,8,0,BUSY
1105,53,הנדסה,2,15,1,BUSY
1401,53,nan,2,19,0,FREE
1401,53,nan,2,14,0,FREE
305,2,משפטים,2,10,0,FREE
305,2,משפטים,2,12,0,FREE
305,4,משפטים,2,16,1,BUSY
305,4,משפטים,2,12,1,FREE
502,23,מ.ישראל,2,10,0,FREE
502,23,מ.ישראל,2,15,0,FREE
503,1,מ.ישראל,2,19,0,FREE
503,1,מ.ישראל,2,9,0,FREE
404,113,יהדות,2,11,1,BUSY
404,113,יהדות,2,18,1,BUSY
404,201,יהדות,2,13,1,BUSY
404,201,יהדות,2,14,1,BUSY
505,203,מ.ישראל,2,8,1,FREE
505,203,מ.ישראל,2,13,1,BUSY
1005,19,רוח,2,9,0,FREE
1005,19,רוח,2,16,1,BUSY
1005,108,רוח,2,14,1,BUSY
1005,108,רוח,2,8,0,FREE
1005,201,רוח,2,12,1,BUSY
1005,201,רוח,2,19,1,BUSY
1005,209,רוח,2,10,0,FREE
1005,209,רוח,2,16,0,FREE
1005,207,רוח,2,12,0,BUSY
1005,207,רוח,2,11,0,FREE
1005,203,רוח,2,16,0,BUSY
1005,203,רוח,2,10,0,FREE
604,201,מ.ישראל,2,15,0,BUSY
604,201,מ.ישראל,2,16,0,BUSY
305,105,משפטים,2,14,0,FREE
305,105,משפטים,2,9,0,FREE
507,37,מ.ישראל,2,14,0,FREE
507,37,מ.ישראל,2,13,0,FREE
1104,42,הנדסה,2,9,1,BUSY
1104,42,הנדסה,2,19,0,BUSY
1105,42,הנדסה,2,9,0,BUSY
1105,42,הנדסה,2,17,0,FREE
1103,22,הנדסה,2,15,1,FREE
1103,22,הנדסה,2,19,1,FREE
902,9,חברה,2,13,1,BUSY
902,9,חברה,2,19,1,BUSY
304,9,משפטים,2,15,0,FREE
304,9,משפטים,2,14,0,FREE
1105,271,הנדסה,2,19,0,FREE
1105,271,הנדסה,2,9,1,BUSY
1104,271,הנדסה,2,11,0,BUSY
1104,271,הנדסה,2,17,0,BUSY
507,61,מ.ישראל,2,14,0,FREE
507,61,מ.ישראל,2,18,0,FREE
213,304,טבע,2,13,1,BUSY
213,304,טבע,2,19,0,BUSY
213,320,טבע,2,11,0,FREE
213,320,טבע,2,12,0,FREE
1004,203,רוח,2,14,0,FREE
1004,203,רוח,2,17,1,BUSY
1004,212,רוח,2,12,1,BUSY
1004,212,רוח,2,19,1,BUSY
410,328,יהדות,2,14,1,BUSY
410,328,יהדות,2,12,1,FREE
410,332,יהדות,2,12,0,FREE
410,332,יהדות,2,16,0,FREE
604,204,מ.ישראל,2,19,0,FREE
604,204,מ.ישראל,2,18,0,FREE
1002,203,רוח,2,17,1,BUSY
1002,203,רוח,2,15,1,BUSY
202,301,טבע,2,14,1,BUSY
202,301,טבע,2,13,0,BUSY
203,4,טבע,2,8,0,FREE
203,4,טבע,2,12,0,BUSY
202,221,טבע,2,9,0,BUSY
202,221,טבע,2,19,0,FREE
202,205,טבע,2,17,0,FREE
202,205,טבע,2,16,1,BUSY
202,304,טבע,2,13,1,BUSY
202,304,טבע,2,15,0,FREE
202,505,טבע,2,11,1,BUSY
202,505,טבע,2,9,1,BUSY
202,203,טבע,2,8,0,FREE
202,203,טבע,2,11,0,BUSY
202,303,טבע,2,11,1,BUSY
202,303,טבע,2,9,0,FREE
202,201,טבע,2,15,0,FREE
202,201,טבע,2,14,0,FREE
202,204,טבע,2,14,0,BUSY
202,204,טבע,2,11,1,BUSY
505,505,מ.ישראל,2,11,0,BUSY
505,505,מ.ישראל,2,15,0,BUSY
902,301,חברה,2,16,1,BUSY
902,301,חברה,2,12,0,FREE
902,12,חברה,2,13,0,FREE
902,12,חברה,2,10,1,BUSY
902,107,חברה,2,9,0,FREE
902,107,חברה,2,16,1,BUSY
905,217,חברה,2,16,1,BUSY
905,217,חברה,2,15,0,FREE
902,217,חברה,2,10,0,FREE
902,217,חברה,2,15,0,FREE
902,110,חברה,2,9,0,BUSY
902,110,חברה,2,12,1,BUSY
902,109,חברה,2,8,0,FREE
902,109,חברה,2,16,0,FREE
507,23,מ.ישראל,2,8,0,FREE
507,23,מ.ישראל,2,12,0,FREE
1004,406,רוח,2,9,0,FREE
1004,406,רוח,2,17,0,FREE
1105,368,הנדסה,2,9,1,BUSY
1105,368,הנדסה,2,14,1,BUSY
1102,2,הנדסה,2,18,0,FREE
1102,2,הנדסה,2,11,1,FREE
1104,244,הנדסה,2,10,1,BUSY
1104,244,הנדסה,2,9,1,BUSY
1104,249,הנדסה,2,13,1,BUSY
1104,249,הנדסה,2,10,1,BUSY
1104,243,הנדסה,2,12,1,BUSY
1104,243,הנדסה,2,19,0,BUSY
1103,42,הנדסה,2,19,0,FREE
1103,42,הנדסה,2,9,0,BUSY
1401,4,nan,2,12,1,FREE
1401,4,nan,2,18,0,FREE
1105,3,הנדסה,2,16,0,FREE
1105,3,הנדסה,2,9,0,FREE
1102,4,הנדסה,2,10,0,FREE
1102,4,הנדסה,2,12,0,FREE
A1300,2,מעונות,2,12,1,BUSY
A1300,2,מעונות,2,8,0,FREE
A1300,1,מעונות,2,16,1,BUSY
A1300,1,מעונות,2,11,1,BUSY
901,4,חברה,2,19,0,FREE
901,4,חברה,2,12,0,BUSY
1103,223,הנדסה,2,9,0,BUSY
1103,223,הנדסה,2,11,0,FREE
1102,205,הנדסה,2,14,1,FREE
1102,205,הנדסה,2,15,0,BUSY
1105,366,הנדסה,2,11,0,FREE
1105,366,הנדסה,2,18,0,FREE
1104,344,הנדסה,2,9,0,FREE
1104,344,הנדסה,2,15,1,BUSY
1104,347,הנדסה,2,11,0,BUSY
1104,347,הנדסה,2,13,1,BUSY
1103,224,הנדסה,2,19,0,BUSY
1103,224,הנדסה,2,11,0,FREE
1002,112,רוח,2,8,0,FREE
1002,112,רוח,2,16,1,BUSY
905,119,חברה,2,11,1,FREE
905,119,חברה,2,12,1,BUSY
905,118,חברה,2,13,0,BUSY
905,118,חברה,2,8,0,FREE
905,319,חברה,2,16,0,FREE
905,319,חברה,2,17,0,FREE
905,418,חברה,2,13,1,FREE
905,418,חברה,2,11,0,FREE
905,416,חברה,2,10,1,BUSY
905,416,חברה,2,19,0,FREE
905,211,חברה,2,18,0,FREE
905,211,חברה,2,12,0,FREE
905,321,חברה,2,10,0,FREE
905,321,חברה,2,9,0,FREE
905,311,חברה,2,19,0,FREE
905,311,חברה,2,18,0,FREE
905,2,חברה,2,11,0,BUSY
905,2,חברה,2,12,0,FREE
905,317,חברה,2,13,0,BUSY
905,317,חברה,2,15,0,FREE
502,63,מ.ישראל,2,11,0,FREE
502,63,מ.ישראל,2,16,0,FREE
212,214,טבע,2,16,1,BUSY
212,214,טבע,2,13,0,BUSY
211,21,nan,2,9,0,FREE
211,21,nan,2,16,1,BUSY
211,17,nan,2,12,0,FREE
211,17,nan,2,13,0,FREE
505,7,מ.ישראל,2,13,1,BUSY
505,7,מ.ישראל,2,16,0,BUSY
212,212,nan,2,15,1,BUSY
212,212,nan,2,8,0,FREE
212,1,טבע,2,13,0,FREE
212,1,טבע,2,8,0,FREE
304,4,משפטים,2,16,0,FREE
304,4,משפטים,2,15,0,FREE
403,3,יהדות,2,16,1,BUSY
403,3,יהדות,2,11,0,FREE
905,25,חברה,2,11,0,FREE
905,25,חברה,2,15,0,FREE
212,310,טבע,2,13,0,FREE
212,310,טבע,2,18,1,BUSY
212,1,nan,2,13,0,FREE
212,1,nan,2,15,1,BUSY
212,3,טבע,2,19,0,FREE
212,3,טבע,2,14,0,BUSY
212,21,nan,2,15,0,FREE
212,21,nan,2,19,0,FREE
203,212,טבע,2,9,0,FREE
203,212,טבע,2,12,0,FREE
304,69,משפטים,2,8,0,FREE
304,69,משפטים,2,18,0,FREE
305,11,משפטים,2,11,1,BUSY
305,11,משפטים,2,9,1,BUSY
901,11,חברה,2,11,0,FREE
901,11,חברה,2,8,0,FREE
211,3,nan,2,9,0,FREE
211,3,nan,2,12,0,FREE
213,61,טבע,2,19,0,FREE
213,61,טבע,2,14,0,FREE
211,9,nan,2,13,0,FREE
211,9,nan,2,16,0,FREE
902,1,חברה,2,19,0,FREE
902,1,חברה,2,12,0,FREE
304,7,משפטים,2,16,0,FREE
304,7,משפטים,2,10,0,FREE
403,1,מינץ,2,12,0,FREE
403,1,מינץ,2,16,0,FREE
211,7,nan,2,13,0,FREE
211,7,nan,2,16,0,FREE
501,11,מ.ישראל,2,14,0,FREE
501,11,מ.ישראל,2,8,0,FREE
507,11,מ.ישראל,2,8,0,FREE
507,11,מ.ישראל,2,16,0,BUSY
1401,7,nan,2,16,0,FREE
1401,7,nan,2,10,0,BUSY
211,63,nan,2,14,0,FREE
211,63,nan,2,17,0,FREE
105,134,סטודנטים,2,17,1,BUSY
105,134,סטודנטים,2,15,0,FREE
305,3,משפטים,2,15,0,FREE
305,3,משפטים,2,10,0,BUSY
404,133,יהדות,2,13,0,FREE
404,133,יהדות,2,15,0,FREE
306,1,משפטים,2,18,0,FREE
306,1,משפטים,2,17,0,FREE
304,132,משפטים,2,19,0,FREE
304,132,משפטים,2,8,0,FREE
105,132,סטודנטים,2,9,0,FREE
105,132,סטודנטים,2,12,0,BUSY
404,134,יהדות,2,11,0,FREE
404,134,יהדות,2,19,0,FREE
404,65,יהדות,2,15,0,FREE
404,65,יהדות,2,10,0,BUSY
102,133,סטודנטים,2,15,0,BUSY
102,133,סטודנטים,2,13,0,BUSY
305,104,משפטים,2,19,0,BUSY
305,104,משפטים,2,14,0,FREE
507,10,מ.ישראל,2,14,0,BUSY
507,10,מ.ישראל,2,19,0,BUSY
507,62,מ.ישראל,2,15,0,FREE
507,62,מ.ישראל,2,17,0,FREE
604,309,מ.ישראל,2,11,1,BUSY
604,309,מ.ישראל,2,9,1,BUSY
901,101,חברה,2,9,1,BUSY
901,101,חברה,2,16,1,FREE
901,102,חברה,2,19,0,BUSY
901,102,חברה,2,11,0,FREE
301,202,פלדמן,2,16,0,FREE
301,202,פלדמן,2,19,0,FREE
905,104,חברה,2,10,0,FREE
905,104,חברה,2,16,0,FREE
507,107,מ.ישראל,3,10,1,BUSY
507,107,מ.ישראל,3,18,1,BUSY
905,61,חברה,3,9,1,BUSY
905,61,חברה,3,15,1,BUSY
1401,2,nan,3,11,0,BUSY
1401,2,nan,3,19,0,FREE
402,63,יהדות,3,10,1,FREE
402,63,יהדות,3,8,1,BUSY
203,221,טבע,3,12,0,FREE
203,221,טבע,3,10,1,BUSY
1002,1,רוח,3,15,1,BUSY
1002,1,רוח,3,11,1,BUSY
604,63,מ.ישראל,3,15,1,BUSY
604,63,מ.ישראל,3,17,1,BUSY
604,64,מ.ישראל,3,18,1,FREE
604,64,מ.ישראל,3,10,1,BUSY
604,105,מ.ישראל,3,13,1,BUSY
604,105,מ.ישראל,3,8,1,BUSY
403,211,יהדות,3,19,0,FREE
403,211,יהדות,3,18,0,FREE
604,102,מ.ישראל,3,18,1,FREE
604,102,מ.ישראל,3,14,1,BUSY
403,217,יהדות,3,10,1,BUSY
403,217,יהדות,3,19,0,FREE
305,133,משפטים,3,15,1,FREE
305,133,משפטים,3,9,0,FREE
504,2,מ.ישראל,3,18,0,FREE
504,2,מ.ישראל,3,19,0,BUSY
507,102,מ.ישראל,3,15,1,BUSY
507,102,מ.ישראל,3,9,1,BUSY
604,62,מ.ישראל,3,8,0,BUSY
604,62,מ.ישראל,3,17,1,FREE
1002,405,רוח,3,8,0,FREE
1002,405,רוח,3,9,0,FREE
902,210,חברה,3,19,1,BUSY
902,210,חברה,3,13,1,BUSY
508,7,מ.ישראל,3,11,1,BUSY
508,7,מ.ישראל,3,12,0,BUSY
502,8,מ.ישראל,3,13,1,BUSY
502,8,מ.ישראל,3,19,0,BUSY
605,104,מ.ישראל,3,19,1,BUSY
605,104,מ.ישראל,3,14,1,BUSY
1002,61,רוח,3,11,1,FREE
1002,61,רוח,3,15,1,FREE
507,4,מ.ישראל,3,18,1,BUSY
507,4,מ.ישראל,3,16,1,BUSY
504,4,מ.ישראל,3,13,0,BUSY
504,4,מ.ישראל,3,9,0,BUSY
1002,202,רוח,3,18,1,BUSY
1002,202,רוח,3,15,1,BUSY
502,6,מ.ישראל,3,13,1,BUSY
502,6,מ.ישראל,3,8,0,BUSY
502,7,מ.ישראל,3,12,0,FREE
502,7,מ.ישראל,3,15,0,FREE
505,4,מ.ישראל,3,10,1,BUSY
505,4,מ.ישראל,3,8,0,FREE
502,9,מ.ישראל,3,10,1,BUSY
502,9,מ.ישראל,3,8,1,BUSY
1005,109,רוח,3,9,1,BUSY
1005,109,רוח,3,18,1,BUSY
902,103,חברה,3,9,0,FREE
902,103,חברה,3,15,1,BUSY
502,37,מ.ישראל,3,11,0,FREE
502,37,מ.ישראל,3,9,0,BUSY
902,201,חברה,3,19,1,BUSY
902,201,חברה,3,8,0,FREE
604,205,מ.ישראל,3,12,0,BUSY
604,205,מ.ישראל,3,8,1,BUSY
505,63,מ.ישראל,3,11,0,FREE
505,63,מ.ישראל,3,15,1,BUSY
504,5,מ.ישראל,3,14,0,FREE
504,5,מ.ישראל,3,15,0,FREE
305,5,משפטים,3,16,1,FREE
305,5,משפטים,3,19,0,FREE
605,14,מ.ישראל,3,19,0,FREE
605,14,מ.ישראל,3,12,1,BUSY
505,105,מ.ישראל,3,13,1,BUSY
505,105,מ.ישראל,3,15,0,FREE
502,24,מ.ישראל,3,15,0,FREE
502,24,מ.ישראל,3,16,1,BUSY
505,5,מ.ישראל,3,14,1,BUSY
505,5,מ.ישראל,3,17,1,BUSY
404,68,יהדות,3,16,1,FREE
404,68,יהדות,3,12,1,BUSY
305,134,משפטים,3,17,1,BUSY
305,134,משפטים,3,9,1,BUSY
105,103,סטודנטים,3,11,1,FREE
105,103,סטודנטים,3,14,0,BUSY
105,104,סטודנטים,3,11,0,BUSY
105,104,סטודנטים,3,12,0,BUSY
105,101,סטודנטים,3,14,1,BUSY
105,101,סטודנטים,3,12,1,BUSY
105,102,סטודנטים,3,12,1,BUSY
105,102,סטודנטים,3,10,0,FREE
105,1,סטודנטים,3,16,1,BUSY
105,1,סטודנטים,3,14,1,FREE
304,3,משפטים,3,11,1,FREE
304,3,משפטים,3,13,1,BUSY
305,6,משפטים,3,12,1,BUSY
305,6,משפטים,3,18,0,FREE
105,61,סטודנטים,3,17,1,BUSY
105,61,סטודנטים,3,19,0,FREE
105,2,סטודנטים,3,15,1,BUSY
105,2,סטודנטים,3,16,0,BUSY
304,2,משפטים,3,14,0,FREE
304,2,משפטים,3,13,1,BUSY
105,3,סטודנטים,3,17,1,BUSY
105,3,סטודנטים,3,8,0,FREE
605,101,מ.ישראל,3,8,1,BUSY
605,101,מ.ישראל,3,19,1,BUSY
605,102,מ.ישראל,3,9,0,FREE
605,102,מ.ישראל,3,11,1,BUSY
604,11,מ.ישראל,3,13,1,BUSY
604,11,מ.ישראל,3,10,1,BUSY
605,11,מ.ישראל,3,8,0,FREE
605,11,מ.ישראל,3,10,1,BUSY
604,12,מ.ישראל,3,10,0,BUSY
604,12,מ.ישראל,3,8,0,FREE
504,6,מ.ישראל,3,19,0,FREE
504,6,מ.ישראל,3,15,0,FREE
605,202,מ.ישראל,3,12,0,BUSY
605,202,מ.ישראל,3,13,0,BUSY
604,14,מ.ישראל,3,12,1,BUSY
604,14,מ.ישראל,3,17,1,BUSY
507,101,מ.ישראל,3,11,1,FREE
507,101,מ.ישראל,3,19,1,BUSY
507,103,מ.ישראל,3,14,1,BUSY
507,103,מ.ישראל,3,12,1,BUSY
504,7,מ.ישראל,3,18,0,BUSY
504,7,מ.ישראל,3,14,0,BUSY
604,13,מ.ישראל,3,13,0,FREE
604,13,מ.ישראל,3,15,1,BUSY
505,1,מ.ישראל,3,11,0,BUSY
505,1,מ.ישראל,3,10,0,FREE
504,3,מ.ישראל,3,11,0,FREE
504,3,מ.ישראל,3,15,1,BUSY
604,101,מ.ישראל,3,17,1,BUSY
604,101,מ.ישראל,3,8,0,BUSY
507,201,מ.ישראל,3,15,1,BUSY
507,201,מ.ישראל,3,13,1,BUSY
403,67,יהדות,3,9,0,FREE
403,67,יהדות,3,12,1,BUSY
507,204,מ.ישראל,3,19,1,FREE
507,204,מ.ישראל,3,17,1,BUSY
505,106,מ.ישראל,3,13,1,BUSY
505,106,מ.ישראל,3,16,1,FREE
505,62,מ.ישראל,3,15,1,BUSY
505,62,מ.ישראל,3,11,0,BUSY
505,104,מ.ישראל,3,16,1,FREE
505,104,מ.ישראל,3,19,1,FREE
605,13,מ.ישראל,3,9,0,FREE
605,13,מ.ישראל,3,15,1,BUSY
501,25,מ.ישראל,3,19,0,FREE
501,25,מ.ישראל,3,8,0,FREE
505,201,מ.ישראל,3,9,0,FREE
505,201,מ.ישראל,3,18,0,FREE
505,3,מ.ישראל,3,12,1,BUSY
505,3,מ.ישראל,3,14,1,BUSY
507,207,מ.ישראל,3,18,1,BUSY
507,207,מ.ישראל,3,9,1,BUSY
604,61,מ.ישראל,3,15,1,BUSY
604,61,מ.ישראל,3,16,1,BUSY
507,2,מ.ישראל,3,13,0,BUSY
507,2,מ.ישראל,3,11,1,BUSY
505,101,מ.ישראל,3,17,1,BUSY
505,101,מ.ישראל,3,13,1,FREE
905,417,חברה,3,11,0,FREE
905,417,חברה,3,18,1,BUSY
504,1,מ.ישראל,3,12,0,FREE
504,1,מ.ישראל,3,10,1,BUSY
605,201,מ.ישראל,3,18,0,FREE
605,201,מ.ישראל,3,10,0,FREE
604,104,מ.ישראל,3,18,1,BUSY
604,104,מ.ישראל,3,16,1,BUSY
213,4,טבע,3,13,1,BUSY
213,4,טבע,3,14,1,BUSY
105,4,סטודנטים,3,8,0,BUSY
105,4,סטודנטים,3,10,0,BUSY
102,2,סטודנטים,3,10,0,FREE
102,2,סטודנטים,3,19,0,FREE
105,5,סטודנטים,3,17,0,FREE
105,5,סטודנטים,3,13,1,BUSY
105,105,סטודנטים,3,16,1,BUSY
105,105,סטודנטים,3,19,1,BUSY
207,1,טבע,3,16,0,FREE
207,1,טבע,3,13,0,FREE
105,106,סטודנטים,3,18,1,BUSY
105,106,סטודנטים,3,17,1,BUSY
404,115,יהדות,3,10,1,BUSY
404,115,יהדות,3,12,1,FREE
403,101,יהדות,3,13,1,BUSY
403,101,יהדות,3,9,1,BUSY
404,102,יהדות,3,8,0,FREE
404,102,יהדות,3,12,1,BUSY
105,6,סטודנטים,3,18,0,FREE
105,6,סטודנטים,3,17,0,FREE
102,4,סטודנטים,3,12,0,BUSY
102,4,סטודנטים,3,11,0,BUSY
404,114,יהדות,3,15,1,FREE
404,114,יהדות,3,16,1,BUSY
306,111,משפטים,3,13,1,BUSY
306,111,משפטים,3,16,0,FREE
505,2,מ.ישראל,3,9,1,FREE
505,2,מ.ישראל,3,11,1,BUSY
604,2,מ.ישראל,3,15,0,BUSY
604,2,מ.ישראל,3,12,0,BUSY
605,61,מ.ישראל,3,12,0,BUSY
605,61,מ.ישראל,3,8,1,BUSY
410,125,יהדות,3,19,0,FREE
410,125,יהדות,3,16,1,BUSY
410,46,יהדות,3,10,1,BUSY
410,46,יהדות,3,19,1,FREE
403,66,יהדות,3,17,1,BUSY
403,66,יהדות,3,19,1,BUSY
502,26,מ.ישראל,3,14,1,FREE
502,26,מ.ישראל,3,12,1,BUSY
502,25,מ.ישראל,3,11,1,FREE
502,25,מ.ישראל,3,16,0,BUSY
403,218,יהדות,3,9,0,FREE
403,218,יהדות,3,15,0,FREE
403,113,יהדות,3,11,1,BUSY
403,113,יהדות,3,14,1,BUSY
410,142,יהדות,3,13,1,BUSY
410,142,יהדות,3,8,1,BUSY
505,61,מ.ישראל,3,17,0,FREE
505,61,מ.ישראל,3,12,0,BUSY
505,11,מ.ישראל,3,9,1,FREE
505,11,מ.ישראל,3,11,1,BUSY
605,105,מ.ישראל,3,17,0,BUSY
605,105,מ.ישראל,3,9,0,FREE
604,1,מ.ישראל,3,16,0,FREE
604,1,מ.ישראל,3,8,0,BUSY
507,14,מ.ישראל,3,10,0,FREE
507,14,מ.ישראל,3,11,0,FREE
605,4,מ.ישראל,3,9,0,BUSY
605,4,מ.ישראל,3,19,0,FREE
502,62,מ.ישראל,3,14,0,FREE
502,62,מ.ישראל,3,19,0,BUSY
605,7,מ.ישראל,3,9,0,FREE
605,7,מ.ישראל,3,12,1,BUSY
507,206,מ.ישראל,3,11,1,BUSY
507,206,מ.ישראל,3,13,1,FREE
504,206,מ.ישראל,3,10,0,FREE
504,206,מ.ישראל,3,8,0,FREE
508,103,מ.ישראל,3,12,0,FREE
508,103,מ.ישראל,3,14,0,BUSY
507,106,מ.ישראל,3,12,0,BUSY
507,106,מ.ישראל,3,14,1,BUSY
605,106,מ.ישראל,3,19,0,BUSY
605,106,מ.ישראל,3,9,1,BUSY
507,108,מ.ישראל,3,13,0,FREE
507,108,מ.ישראל,3,19,0,BUSY
505,108,מ.ישראל,3,16,0,FREE
505,108,מ.ישראל,3,9,0,FREE
505,102,מ.ישראל,3,18,0,FREE
505,102,מ.ישראל,3,12,1,FREE
507,6,מ.ישראל,3,18,1,FREE
507,6,מ.ישראל,3,14,1,BUSY
507,208,מ.ישראל,3,18,1,BUSY
507,208,מ.ישראל,3,19,1,BUSY
507,205,מ.ישראל,3,11,1,BUSY
507,205,מ.ישראל,3,8,1,BUSY
507,3,מ.ישראל,3,9,1,FREE
507,3,מ.ישראל,3,15,1,BUSY
505,103,מ.ישראל,3,9,1,BUSY
505,103,מ.ישראל,3,10,1,BUSY
507,209,מ.ישראל,3,12,0,FREE
507,209,מ.ישראל,3,14,1,BUSY
507,202,מ.ישראל,3,17,1,BUSY
507,202,מ.ישראל,3,8,1,FREE
605,103,מ.ישראל,3,14,0,FREE
605,103,מ.ישראל,3,18,1,BUSY
403,2,יהדות,3,10,0,FREE
403,2,יהדות,3,16,1,BUSY
507,104,מ.ישראל,3,18,1,BUSY
507,104,מ.ישראל,3,15,1,BUSY
507,5,מ.ישראל,3,10,1,BUSY
507,5,מ.ישראל,3,11,1,BUSY
507,203,מ.ישראל,3,12,1,BUSY
507,203,מ.ישראל,3,10,1,BUSY
305,132,משפטים,3,15,0,FREE
305,132,משפטים,3,8,0,FREE
902,101,חברה,3,16,1,BUSY
902,101,חברה,3,13,1,BUSY
902,104,חברה,3,16,0,FREE
902,104,חברה,3,17,0,FREE
1005,112,רוח,3,10,0,BUSY
1005,112,רוח,3,18,1,BUSY
605,65,מ.ישראל,3,12,1,BUSY
605,65,מ.ישראל,3,19,0,FREE
905,116,חברה,3,16,1,BUSY
905,116,חברה,3,12,1,FREE
203,226,טבע,3,10,0,BUSY
203,226,טבע,3,9,0,FREE
902,202,חברה,3,11,1,BUSY
902,202,חברה,3,19,1,BUSY
902,102,חברה,3,14,1,BUSY
902,102,חברה,3,19,1,BUSY
1002,201,רוח,3,14,1,FREE
1002,201,רוח,3,17,1,BUSY
605,12,מ.ישראל,3,17,1,BUSY
605,12,מ.ישראל,3,15,1,BUSY
502,30,מ.ישראל,3,19,0,FREE
502,30,מ.ישראל,3,11,0,FREE
504,63,מ.ישראל,3,12,0,FREE
504,63,מ.ישראל,3,10,0,FREE
507,13,מ.ישראל,3,16,0,FREE
507,13,מ.ישראל,3,15,0,BUSY
507,105,מ.ישראל,3,16,1,BUSY
507,105,מ.ישראל,3,13,1,BUSY
604,103,מ.ישראל,3,11,1,BUSY
604,103,מ.ישראל,3,13,1,BUSY
410,26,יהדות,3,9,0,FREE
410,26,יהדות,3,8,0,FREE
410,6,יהדות,3,17,1,FREE
410,6,יהדות,3,16,1,BUSY
404,66,יהדות,3,14,0,FREE
404,66,יהדות,3,11,0,FREE
605,64,מ.ישראל,3,15,1,BUSY
605,64,מ.ישראל,3,13,1,BUSY
505,64,מ.ישראל,3,14,0,FREE
505,64,מ.ישראל,3,18,1,BUSY
403,115,יהדות,3,11,1,BUSY
403,115,יהדות,3,9,0,FREE
404,67,יהדות,3,11,0,BUSY
404,67,יהדות,3,10,0,FREE
1005,111,רוח,3,14,1,BUSY
1005,111,רוח,3,15,1,BUSY
1004,305,רוח,3,13,0,FREE
1004,305,רוח,3,8,0,FREE
404,101,יהדות,3,18,1,FREE
404,101,יהדות,3,12,1,BUSY
1002,305,רוח,3,12,1,BUSY
1002,305,רוח,3,17,1,BUSY
504,208,מ.ישראל,3,8,0,FREE
504,208,מ.ישראל,3,14,0,FREE
211,112,טבע,3,13,1,BUSY
211,112,טבע,3,16,0,FREE
305,63,משפטים,3,13,0,BUSY
305,63,משפטים,3,15,0,FREE
306,112,משפטים,3,9,0,FREE
306,112,משפטים,3,15,1,BUSY
211,106,טבע,3,19,0,BUSY
211,106,טבע,3,13,0,FREE
207,201,טבע,3,11,0,FREE
207,201,טבע,3,12,0,BUSY
305,101,משפטים,3,10,0,FREE
305,101,משפטים,3,12,0,BUSY
403,61,יהדות,3,16,0,FREE
403,61,יהדות,3,11,0,FREE
202,202,טבע,3,10,1,BUSY
202,202,טבע,3,19,0,BUSY
203,106,טבע,3,11,0,FREE
203,106,טבע,3,19,0,FREE
203,112,טבע,3,19,0,FREE
203,112,טבע,3,17,0,FREE
105,112,סטודנטים,3,19,0,BUSY
105,112,סטודנטים,3,15,0,FREE
207,6,טבע,3,19,0,BUSY
207,6,טבע,3,15,1,FREE
207,4,טבע,3,19,0,FREE
207,4,טבע,3,18,0,BUSY
207,101,טבע,3,16,1,BUSY
207,101,טבע,3,8,1,BUSY
604,6,מ.ישראל,3,14,0,BUSY
604,6,מ.ישראל,3,11,0,FREE
211,22,nan,3,18,0,FREE
211,22,nan,3,11,0,FREE
211,4,טבע,3,17,0,FREE
211,4,טבע,3,8,0,FREE
507,7,מ.ישראל,3,15,1,FREE
507,7,מ.ישראל,3,19,1,BUSY
1401,3,nan,3,19,0,FREE
1401,3,nan,3,17,0,FREE
905,63,חברה,3,10,1,BUSY
905,63,חברה,3,17,1,BUSY
901,61,חברה,3,12,1,BUSY
901,61,חברה,3,11,1,BUSY
403,69,מינץ,3,14,1,BUSY
403,69,מינץ,3,9,0,FREE
1401,63,nan,3,9,0,BUSY
1401,63,nan,3,17,0,FREE
1401,1,nan,3,12,0,FREE
1401,1,nan,3,9,0,FREE
507,1,מ.ישראל,3,13,0,FREE
507,1,מ.ישראל,3,10,1,BUSY
905,62,חברה,3,10,1,BUSY
905,62,חברה,3,13,1,BUSY
504,10,מ.ישראל,3,16,1,FREE
504,10,מ.ישראל,3,8,0,FREE
505,202,מ.ישראל,3,12,0,BUSY
505,202,מ.ישראל,3,13,0,BUSY
1002,102,רוח,3,13,0,FREE
1002,102,רוח,3,9,1,BUSY
410,226,יהדות,3,12,1,BUSY
410,226,יהדות,3,18,0,FREE
410,225,יהדות,3,12,1,FREE
410,225,יהדות,3,10,1,BUSY
1004,407,רוח,3,9,0,FREE
1004,407,רוח,3,16,0,FREE
1004,402,רוח,3,15,1,BUSY
1004,402,רוח,3,16,1,FREE
505,65,מ.ישראל,3,16,1,BUSY
505,65,מ.ישראל,3,14,1,BUSY
505,204,מ.ישראל,3,17,1,BUSY
505,204,מ.ישראל,3,10,0,FREE
304,1,משפטים,3,8,1,BUSY
304,1,משפטים,3,11,1,BUSY
605,63,מ.ישראל,3,10,1,BUSY
605,63,מ.ישראל,3,19,0,FREE
305,10,משפטים,3,12,0,BUSY
305,10,משפטים,3,17,0,FREE
304,61,משפטים,3,8,0,FREE
304,61,משפטים,3,17,0,FREE
604,202,מ.ישראל,3,15,0,BUSY
604,202,מ.ישראל,3,10,0,FREE
211,25,nan,3,11,1,BUSY
211,25,nan,3,13,1,BUSY
304,25,משפטים,3,10,1,BUSY
304,25,משפטים,3,11,1,BUSY
1105,53,הנדסה,3,16,1,BUSY
1105,53,הנדסה,3,11,1,BUSY
1401,53,nan,3,8,0,FREE
1401,53,nan,3,14,0,FREE
305,2,משפטים,3,18,0,FREE
305,2,משפטים,3,19,0,BUSY
305,4,משפטים,3,16,1,BUSY
305,4,משפטים,3,9,1,BUSY
502,23,מ.ישראל,3,8,0,FREE
502,23,מ.ישראל,3,15,1,BUSY
503,1,מ.ישראל,3,10,0,FREE
503,1,מ.ישראל,3,16,0,BUSY
404,113,יהדות,3,10,1,BUSY
404,113,יהדות,3,16,1,BUSY
404,201,יהדות,3,12,1,FREE
404,201,יהדות,3,9,1,BUSY
505,203,מ.ישראל,3,18,0,FREE
505,203,מ.ישראל,3,11,0,FREE
1005,19,רוח,3,17,1,BUSY
1005,19,רוח,3,18,0,FREE
1005,108,רוח,3,14,0,BUSY
1005,108,רוח,3,8,0,FREE
1005,201,רוח,3,19,0,FREE
1005,201,רוח,3,13,1,BUSY
1005,209,רוח,3,16,1,BUSY
1005,209,רוח,3,9,0,BUSY
1005,207,רוח,3,10,0,FREE
1005,207,רוח,3,11,0,FREE
1005,203,רוח,3,13,0,FREE
1005,203,רוח,3,18,0,FREE
604,201,מ.ישראל,3,15,0,FREE
604,201,מ.ישראל,3,13,0,FREE
305,105,משפטים,3,13,0,BUSY
305,105,משפטים,3,16,0,BUSY
507,37,מ.ישראל,3,10,0,BUSY
507,37,מ.ישראל,3,19,0,FREE
1104,42,הנדסה,3,8,0,FREE
1104,42,הנדסה,3,15,1,BUSY
1105,42,הנדסה,3,18,1,BUSY
1105,42,הנדסה,3,13,0,FREE
1103,22,הנדסה,3,13,1,BUSY
1103,22,הנדסה,3,10,1,FREE
902,9,חברה,3,8,0,BUSY
902,9,חברה,3,19,0,FREE
304,9,משפטים,3,8,0,BUSY
304,9,משפטים,3,19,1,BUSY
1105,271,הנדסה,3,8,0,FREE
1105,271,הנדסה,3,9,1,BUSY
1104,271,הנדסה,3,17,1,FREE
1104,271,הנדסה,3,15,1,BUSY
507,61,מ.ישראל,3,13,0,BUSY
507,61,מ.ישראל,3,16,1,FREE
213,304,טבע,3,8,1,BUSY
213,304,טבע,3,11,0,FREE
213,320,טבע,3,11,0,FREE
213,320,טבע,3,18,0,BUSY
1004,203,רוח,3,19,0,BUSY
1004,203,רוח,3,14,1,BUSY
1004,212,רוח,3,8,0,FREE
1004,212,רוח,3,14,1,FREE
410,328,יהדות,3,9,0,FREE
410,328,יהדות,3,8,0,FREE
410,332,יהדות,3,11,1,BUSY
410,332,יהדות,3,17,0,FREE
604,204,מ.ישראל,3,17,0,BUSY
604,204,מ.ישראל,3,12,0,BUSY
1002,203,רוח,3,9,0,FREE
1002,203,רוח,3,15,1,BUSY
202,301,טבע,3,10,1,BUSY
202,301,טבע,3,12,1,BUSY
203,4,טבע,3,11,0,FREE
203,4,טבע,3,17,0,FREE
202,221,טבע,3,17,0,BUSY
202,221,טבע,3,16,0,FREE
202,205,טבע,3,9,0,FREE
202,205,טבע,3,10,0,FREE
202,304,טבע,3,13,0,BUSY
202,304,טבע,3,19,0,FREE
202,505,טבע,3,12,1,BUSY
202,505,טבע,3,10,0,FREE
202,203,טבע,3,13,1,BUSY
202,203,טבע,3,11,1,BUSY
202,303,טבע,3,13,1,BUSY
202,303,טבע,3,19,0,FREE
202,201,טבע,3,11,0,FREE
202,201,טבע,3,9,0,BUSY
202,204,טבע,3,15,0,FREE
202,204,טבע,3,13,0,FREE
505,505,מ.ישראל,3,19,0,FREE
505,505,מ.ישראל,3,8,0,FREE
902,301,חברה,3,19,1,BUSY
902,301,חברה,3,17,0,BUSY
902,12,חברה,3,9,1,FREE
902,12,חברה,3,19,1,BUSY
902,107,חברה,3,19,0,FREE
902,107,חברה,3,12,1,BUSY
905,217,חברה,3,8,1,BUSY
905,217,חברה,3,13,1,BUSY
902,217,חברה,3,12,0,BUSY
902,217,חברה,3,16,0,FREE
902,110,חברה,3,11,0,BUSY
902,110,חברה,3,19,0,BUSY
902,109,חברה,3,9,0,FREE
902,109,חברה,3,13,0,BUSY
507,23,מ.ישראל,3,14,0,BUSY
507,23,מ.ישראל,3,8,0,BUSY
1004,406,רוח,3,11,0,FREE
1004,406,רוח,3,9,0,FREE
1105,368,הנדסה,3,14,1,FREE
1105,368,הנדסה,3,15,1,BUSY
1102,2,הנדסה,3,11,1,BUSY
1102,2,הנדסה,3,19,0,FREE
1104,244,הנדסה,3,13,1,BUSY
1104,244,הנדסה,3,12,1,BUSY
1104,249,הנדסה,3,8,0,FREE
1104,249,הנדסה,3,13,1,BUSY
1104,243,הנדסה,3,12,1,BUSY
1104,243,הנדסה,3,10,1,BUSY
1103,42,הנדסה,3,8,0,FREE
1103,42,הנדסה,3,11,0,BUSY
1401,4,nan,3,19,0,FREE
1401,4,nan,3,18,0,FREE
1105,3,הנדסה,3,14,0,FREE
1105,3,הנדסה,3,18,0,FREE
1102,4,הנדסה,3,14,1,BUSY
1102,4,הנדסה,3,10,1,BUSY
A1300,2,מעונות,3,11,1,BUSY
A1300,2,מעונות,3,15,1,BUSY
A1300,1,מעונות,3,18,0,FREE
A1300,1,מעונות,3,19,0,FREE
901,4,חברה,3,18,0,FREE
901,4,חברה,3,10,0,BUSY
1103,223,הנדסה,3,16,1,BUSY
1103,223,הנדסה,3,8,0,FREE
1102,205,הנדסה,3,11,0,BUSY
1102,205,הנדסה,3,19,0,FREE
1105,366,הנדסה,3,19,0,FREE
1105,366,הנדסה,3,17,0,BUSY
1104,344,הנדסה,3,17,0,FREE
1104,344,הנדסה,3,13,1,BUSY
1104,347,הנדסה,3,19,0,FREE
1104,347,הנדסה,3,16,0,BUSY
1103,224,הנדסה,3,14,0,FREE
1103,224,הנדסה,3,16,0,FREE
1002,112,רוח,3,11,0,FREE
1002,112,רוח,3,18,0,FREE
905,119,חברה,3,14,1,BUSY
905,119,חברה,3,12,1,BUSY
905,118,חברה,3,8,0,FREE
905,118,חברה,3,18,0,FREE
905,319,חברה,3,10,0,FREE
905,319,חברה,3,16,0,FREE
905,418,חברה,3,8,0,BUSY
905,418,חברה,3,10,0,FREE
905,416,חברה,3,19,0,FREE
905,416,חברה,3,14,0,FREE
905,211,חברה,3,8,0,FREE
905,211,חברה,3,17,0,FREE
905,321,חברה,3,11,0,FREE
905,321,חברה,3,15,0,FREE
905,311,חברה,3,18,0,FREE
905,311,חברה,3,14,0,FREE
905,2,חברה,3,18,0,FREE
905,2,חברה,3,17,0,FREE
905,317,חברה,3,13,0,FREE
905,317,חברה,3,12,0,BUSY
502,63,מ.ישראל,3,9,0,FREE
502,63,מ.ישראל,3,19,0,FREE
212,214,טבע,3,13,0,BUSY
212,214,טבע,3,16,0,BUSY
211,21,nan,3,13,0,FREE
211,21,nan,3,16,1,BUSY
211,17,nan,3,18,0,FREE
211,17,nan,3,19,0,FREE
505,7,מ.ישראל,3,13,0,FREE
505,7,מ.ישראל,3,19,0,FREE
212,212,nan,3,11,0,FREE
212,212,nan,3,16,0,FREE
212,1,טבע,3,12,1,BUSY
212,1,טבע,3,9,0,FREE
304,4,משפטים,3,8,0,FREE
304,4,משפטים,3,19,0,FREE
403,3,יהדות,3,17,0,FREE
403,3,יהדות,3,14,0,BUSY
905,25,חברה,3,8,0,FREE
905,25,חברה,3,14,0,FREE
212,310,טבע,3,16,1,BUSY
212,310,טבע,3,14,1,BUSY
212,1,nan,3,18,0,BUSY
212,1,nan,3,8,0,BUSY
212,3,טבע,3,9,0,FREE
212,3,טבע,3,13,0,BUSY
212,21,nan,3,17,0,FREE
212,21,nan,3,9,0,FREE
203,212,טבע,3,18,0,FREE
203,212,טבע,3,15,0,BUSY
304,69,משפטים,3,11,0,FREE
304,69,משפטים,3,17,0,FREE
305,11,משפטים,3,11,1,BUSY
305,11,משפטים,3,16,0,FREE
901,11,חברה,3,10,0,FREE
901,11,חברה,3,18,0,FREE
211,3,nan,3,14,0,FREE
211,3,nan,3,12,0,FREE
213,61,טבע,3,17,0,BUSY
213,61,טבע,3,18,0,FREE
211,9,nan,3,13,0,FREE
211,9,nan,3,9,0,FREE
902,1,חברה,3,19,0,FREE
902,1,חברה,3,16,0,FREE
304,7,משפטים,3,14,0,FREE
304,7,משפטים,3,17,0,FREE
403,1,מינץ,3,8,0,FREE
403,1,מינץ,3,16,0,FREE
211,7,nan,3,19,0,FREE
211,7,nan,3,18,1,FREE
501,11,מ.ישראל,3,14,0,BUSY
501,11,מ.ישראל,3,19,0,FREE
507,11,מ.ישראל,3,12,1,BUSY
507,11,מ.ישראל,3,17,1,BUSY
1401,7,nan,3,15,0,FREE
1401,7,nan,3,8,0,FREE
211,63,nan,3,8,0,BUSY
211,63,nan,3,16,0,FREE
105,134,סטודנטים,3,17,0,FREE
105,134,סטודנטים,3,16,0,BUSY
305,3,משפטים,3,8,0,BUSY
305,3,משפטים,3,12,0,FREE
404,133,יהדות,3,15,0,BUSY
404,133,יהדות,3,11,0,FREE
306,1,משפטים,3,16,0,BUSY
306,1,משפטים,3,13,0,FREE
304,132,משפטים,3,8,0,FREE
304,132,משפטים,3,13,0,BUSY
105,132,סטודנטים,3,10,0,FREE
105,132,סטודנטים,3,14,0,FREE
404,134,יהדות,3,18,0,FREE
404,134,יהדות,3,9,0,FREE
404,65,יהדות,3,18,0,BUSY
404,65,יהדות,3,13,0,FREE
102,133,סטודנטים,3,9,0,FREE
102,133,סטודנטים,3,17,1,BUSY
305,104,משפטים,3,12,0,FREE
305,104,משפטים,3,11,0,BUSY
507,10,מ.ישראל,3,16,0,FREE
507,10,מ.ישראל,3,11,0,FREE
507,62,מ.ישראל,3,8,0,BUSY
507,62,מ.ישראל,3,19,0,FREE
604,309,מ.ישראל,3,15,1,BUSY
604,309,מ.ישראל,3,12,1,BUSY
901,101,חברה,3,15,1,BUSY
901,101,חברה,3,9,1,BUSY
901,102,חברה,3,10,0,FREE
901,102,חברה,3,14,1,BUSY
301,202,פלדמן,3,17,0,FREE
301,202,פלדמן,3,9,0,FREE
905,104,חברה,3,12,0,BUSY
905,104,חברה,3,8,0,FREE
507,107,מ.ישראל,4,14,1,BUSY
507,107,מ.ישראל,4,18,0,FREE
905,61,חברה,4,15,1,BUSY
905,61,חברה,4,11,1,FREE
1401,2,nan,4,14,0,FREE
1401,2,nan,4,8,0,FREE
402,63,יהדות,4,13,0,FREE
402,63,יהדות,4,12,0,FREE
203,221,טבע,4,19,1,BUSY
203,221,טבע,4,14,1,BUSY
1002,1,רוח,4,18,0,FREE
1002,1,רוח,4,13,1,BUSY
604,63,מ.ישראל,4,12,1,BUSY
604,63,מ.ישראל,4,19,1,BUSY
604,64,מ.ישראל,4,11,1,FREE
604,64,מ.ישראל,4,10,1,BUSY
604,105,מ.ישראל,4,11,1,BUSY
604,105,מ.ישראל,4,12,1,BUSY
403,211,יהדות,4,9,1,BUSY
403,211,יהדות,4,14,1,BUSY
604,102,מ.ישראל,4,14,1,FREE
604,102,מ.ישראל,4,8,1,BUSY
403,217,יהדות,4,18,0,FREE
403,217,יהדות,4,19,0,FREE
305,133,משפטים,4,15,1,FREE
305,133,משפטים,4,16,1,BUSY
504,2,מ.ישראל,4,13,1,BUSY
504,2,מ.ישראל,4,12,1,BUSY
507,102,מ.ישראל,4,14,1,BUSY
507,102,מ.ישראל,4,8,1,BUSY
604,62,מ.ישראל,4,18,1,FREE
604,62,מ.ישראל,4,14,0,BUSY
1002,405,רוח,4,14,0,FREE
1002,405,רוח,4,17,0,FREE
902,210,חברה,4,13,1,FREE
902,210,חברה,4,9,1,BUSY
508,7,מ.ישראל,4,14,1,BUSY
508,7,מ.ישראל,4,10,0,FREE
502,8,מ.ישראל,4,18,0,FREE
502,8,מ.ישראל,4,9,0,FREE
605,104,מ.ישראל,4,12,0,FREE
605,104,מ.ישראל,4,19,1,BUSY
1002,61,רוח,4,18,0,FREE
1002,61,רוח,4,8,0,FREE
507,4,מ.ישראל,4,13,1,BUSY
507,4,מ.ישראל,4,17,1,BUSY
504,4,מ.ישראל,4,15,1,FREE
504,4,מ.ישראל,4,19,1,FREE
1002,202,רוח,4,14,0,FREE
1002,202,רוח,4,10,1,BUSY
502,6,מ.ישראל,4,11,0,FREE
502,6,מ.ישראל,4,9,0,FREE
502,7,מ.ישראל,4,17,0,FREE
502,7,מ.ישראל,4,15,0,FREE
505,4,מ.ישראל,4,10,0,FREE
505,4,מ.ישראל,4,11,0,BUSY
502,9,מ.ישראל,4,11,1,BUSY
502,9,מ.ישראל,4,17,0,FREE
1005,109,רוח,4,19,0,FREE
1005,109,רוח,4,13,0,BUSY
902,103,חברה,4,11,0,FREE
902,103,חברה,4,12,1,BUSY
502,37,מ.ישראל,4,10,0,FREE
502,37,מ.ישראל,4,14,0,FREE
902,201,חברה,4,14,1,BUSY
902,201,חברה,4,8,0,FREE
604,205,מ.ישראל,4,16,1,FREE
604,205,מ.ישראל,4,9,1,BUSY
505,63,מ.ישראל,4,12,0,BUSY
505,63,מ.ישראל,4,16,1,FREE
504,5,מ.ישראל,4,16,1,BUSY
504,5,מ.ישראל,4,13,0,FREE
305,5,משפטים,4,13,0,FREE
305,5,משפטים,4,8,0,BUSY
605,14,מ.ישראל,4,8,0,FREE
605,14,מ.ישראל,4,12,0,FREE
505,105,מ.ישראל,4,16,1,FREE
505,105,מ.ישראל,4,9,0,FREE
502,24,מ.ישראל,4,18,0,FREE
502,24,מ.ישראל,4,10,0,FREE
505,5,מ.ישראל,4,9,0,FREE
505,5,מ.ישראל,4,17,1,FREE
404,68,יהדות,4,18,1,BUSY
404,68,יהדות,4,12,0,BUSY
305,134,משפטים,4,12,1,BUSY
305,134,משפטים,4,18,1,FREE
105,103,סטודנטים,4,13,1,BUSY
105,103,סטודנטים,4,18,0,FREE
105,104,סטודנטים,4,19,0,FREE
105,104,סטודנטים,4,14,1,BUSY
105,101,סטודנטים,4,17,0,FREE
105,101,סטודנטים,4,13,1,BUSY
105,102,סטודנטים,4,11,1,FREE
105,102,סטודנטים,4,18,1,BUSY
105,1,סטודנטים,4,8,0,FREE
105,1,סטודנטים,4,13,0,FREE
304,3,משפטים,4,17,1,FREE
304,3,משפטים,4,16,1,FREE
305,6,משפטים,4,8,0,BUSY
305,6,משפטים,4,19,0,FREE
105,61,סטודנטים,4,13,1,BUSY
105,61,סטודנטים,4,11,0,BUSY
105,2,סטודנטים,4,19,0,FREE
105,2,סטודנטים,4,12,1,BUSY
304,2,משפטים,4,12,1,BUSY
304,2,משפטים,4,14,0,BUSY
105,3,סטודנטים,4,16,0,FREE
105,3,סטודנטים,4,14,1,FREE
605,101,מ.ישראל,4,16,1,BUSY
605,101,מ.ישראל,4,17,1,FREE
605,102,מ.ישראל,4,12,0,FREE
605,102,מ.ישראל,4,10,1,BUSY
604,11,מ.ישראל,4,9,0,BUSY
604,11,מ.ישראל,4,11,0,FREE
605,11,מ.ישראל,4,18,1,BUSY
605,11,מ.ישראל,4,11,0,BUSY
604,12,מ.ישראל,4,10,0,FREE
604,12,מ.ישראל,4,15,0,BUSY
504,6,מ.ישראל,4,17,0,FREE
504,6,מ.ישראל,4,11,0,FREE
605,202,מ.ישראל,4,12,0,BUSY
605,202,מ.ישראל,4,8,0,BUSY
604,14,מ.ישראל,4,10,1,BUSY
604,14,מ.ישראל,4,15,1,BUSY
507,101,מ.ישראל,4,10,1,BUSY
507,101,מ.ישראל,4,19,1,BUSY
507,103,מ.ישראל,4,13,1,BUSY
507,103,מ.ישראל,4,9,1,BUSY
504,7,מ.ישראל,4,12,0,FREE
504,7,מ.ישראל,4,14,0,BUSY
604,13,מ.ישראל,4,16,1,BUSY
604,13,מ.ישראל,4,14,1,BUSY
505,1,מ.ישראל,4,15,0,FREE
505,1,מ.ישראל,4,17,0,FREE
504,3,מ.ישראל,4,9,0,BUSY
504,3,מ.ישראל,4,11,0,FREE
604,101,מ.ישראל,4,16,1,BUSY
604,101,מ.ישראל,4,8,1,BUSY
507,201,מ.ישראל,4,10,0,BUSY
507,201,מ.ישראל,4,12,0,FREE
403,67,יהדות,4,14,1,BUSY
403,67,יהדות,4,13,0,FREE
507,204,מ.ישראל,4,12,0,FREE
507,204,מ.ישראל,4,17,1,BUSY
505,106,מ.ישראל,4,16,1,FREE
505,106,מ.ישראל,4,9,1,BUSY
505,62,מ.ישראל,4,11,1,FREE
505,62,מ.ישראל,4,19,0,FREE
505,104,מ.ישראל,4,14,1,FREE
505,104,מ.ישראל,4,18,1,FREE
605,13,מ.ישראל,4,17,0,BUSY
605,13,מ.ישראל,4,15,0,FREE
501,25,מ.ישראל,4,8,1,BUSY
501,25,מ.ישראל,4,16,0,FREE
505,201,מ.ישראל,4,8,0,FREE
505,201,מ.ישראל,4,16,0,FREE
505,3,מ.ישראל,4,8,0,BUSY
505,3,מ.ישראל,4,17,1,FREE
507,207,מ.ישראל,4,18,1,BUSY
507,207,מ.ישראל,4,14,1,BUSY
604,61,מ.ישראל,4,12,0,FREE
604,61,מ.ישראל,4,8,0,BUSY
507,2,מ.ישראל,4,9,1,BUSY
507,2,מ.ישראל,4,15,0,FREE
505,101,מ.ישראל,4,11,0,BUSY
505,101,מ.ישראל,4,10,0,FREE
905,417,חברה,4,13,1,BUSY
905,417,חברה,4,10,1,BUSY
504,1,מ.ישראל,4,19,0,FREE
504,1,מ.ישראל,4,14,1,FREE
605,201,מ.ישראל,4,13,0,BUSY
605,201,מ.ישראל,4,12,0,FREE
604,104,מ.ישראל,4,14,1,BUSY
604,104,מ.ישראל,4,10,1,BUSY
213,4,טבע,4,19,0,FREE
213,4,טבע,4,18,0,FREE
105,4,סטודנטים,4,10,0,FREE
105,4,סטודנטים,4,17,1,FREE
102,2,סטודנטים,4,17,1,FREE
102,2,סטודנטים,4,9,0,FREE
105,5,סטודנטים,4,11,0,BUSY
105,5,סטודנטים,4,14,1,BUSY
105,105,סטודנטים,4,17,0,FREE
105,105,סטודנטים,4,16,0,BUSY
207,1,טבע,4,15,1,BUSY
207,1,טבע,4,14,0,FREE
105,106,סטודנטים,4,10,1,BUSY
105,106,סטודנטים,4,11,0,FREE
404,115,יהדות,4,9,1,BUSY
404,115,יהדות,4,19,1,BUSY
403,101,יהדות,4,10,0,BUSY
403,101,יהדות,4,15,0,FREE
404,102,יהדות,4,11,0,FREE
404,102,יהדות,4,10,0,FREE
105,6,סטודנטים,4,8,0,FREE
105,6,סטודנטים,4,13,1,FREE
102,4,סטודנטים,4,11,1,BUSY
102,4,סטודנטים,4,10,1,BUSY
404,114,יהדות,4,16,1,BUSY
404,114,יהדות,4,17,1,FREE
306,111,משפטים,4,9,1,BUSY
306,111,משפטים,4,11,1,BUSY
505,2,מ.ישראל,4,14,1,FREE
505,2,מ.ישראל,4,12,1,BUSY
604,2,מ.ישראל,4,18,0,BUSY
604,2,מ.ישראל,4,10,0,FREE
605,61,מ.ישראל,4,13,0,BUSY
605,61,מ.ישראל,4,8,0,BUSY
410,125,יהדות,4,14,1,BUSY
410,125,יהדות,4,16,1,BUSY
410,46,יהדות,4,18,0,FREE
410,46,יהדות,4,12,1,BUSY
403,66,יהדות,4,13,1,BUSY
403,66,יהדות,4,10,1,BUSY
502,26,מ.ישראל,4,13,0,FREE
502,26,מ.ישראל,4,12,1,BUSY
502,25,מ.ישראל,4,18,0,FREE
502,25,מ.ישראל,4,17,0,FREE
403,218,יהדות,4,10,1,BUSY
403,218,יהדות,4,19,0,FREE
403,113,יהדות,4,13,0,FREE
403,113,יהדות,4,15,0,FREE
410,142,יהדות,4,13,1,BUSY
410,142,יהדות,4,10,1,BUSY
505,61,מ.ישראל,4,13,0,BUSY
505,61,מ.ישראל,4,17,1,BUSY
505,11,מ.ישראל,4,10,0,FREE
505,11,מ.ישראל,4,16,0,FREE
605,105,מ.ישראל,4,12,0,FREE
605,105,מ.ישראל,4,9,0,FREE
604,1,מ.ישראל,4,13,0,BUSY
604,1,מ.ישראל,4,10,0,FREE
507,14,מ.ישראל,4,19,0,FREE
507,14,מ.ישראל,4,8,0,FREE
605,4,מ.ישראל,4,17,0,FREE
605,4,מ.ישראל,4,15,0,FREE
502,62,מ.ישראל,4,9,0,FREE
502,62,מ.ישראל,4,16,0,FREE
605,7,מ.ישראל,4,19,0,FREE
605,7,מ.ישראל,4,10,0,FREE
507,206,מ.ישראל,4,12,1,BUSY
507,206,מ.ישראל,4,10,1,BUSY
504,206,מ.ישראל,4,13,0,FREE
504,206,מ.ישראל,4,15,0,FREE
508,103,מ.ישראל,4,14,0,BUSY
508,103,מ.ישראל,4,10,0,FREE
507,106,מ.ישראל,4,9,1,BUSY
507,106,מ.ישראל,4,10,1,FREE
605,106,מ.ישראל,4,9,0,FREE
605,106,מ.ישראל,4,15,0,FREE
507,108,מ.ישראל,4,13,0,BUSY
507,108,מ.ישראל,4,8,1,BUSY
505,108,מ.ישראל,4,10,0,FREE
505,108,מ.ישראל,4,19,0,FREE
505,102,מ.ישראל,4,8,0,FREE
505,102,מ.ישראל,4,13,1,FREE
507,6,מ.ישראל,4,11,1,BUSY
507,6,מ.ישראל,4,18,0,FREE
507,208,מ.ישראל,4,10,1,BUSY
507,208,מ.ישראל,4,17,1,BUSY
507,205,מ.ישראל,4,13,1,BUSY
507,205,מ.ישראל,4,18,0,BUSY
507,3,מ.ישראל,4,14,0,FREE
507,3,מ.ישראל,4,15,0,BUSY
505,103,מ.ישראל,4,8,1,BUSY
505,103,מ.ישראל,4,15,1,BUSY
507,209,מ.ישראל,4,13,1,BUSY
507,209,מ.ישראל,4,16,1,BUSY
507,202,מ.ישראל,4,13,0,FREE
507,202,מ.ישראל,4,19,0,FREE
605,103,מ.ישראל,4,18,1,BUSY
605,103,מ.ישראל,4,9,1,BUSY
403,2,יהדות,4,18,1,BUSY
403,2,יהדות,4,15,1,FREE
507,104,מ.ישראל,4,11,1,BUSY
507,104,מ.ישראל,4,9,1,BUSY
507,5,מ.ישראל,4,9,0,BUSY
507,5,מ.ישראל,4,19,1,FREE
507,203,מ.ישראל,4,15,1,BUSY
507,203,מ.ישראל,4,11,1,BUSY
305,132,משפטים,4,18,0,FREE
305,132,משפטים,4,15,0,FREE
902,101,חברה,4,14,1,FREE
902,101,חברה,4,10,0,FREE
902,104,חברה,4,19,0,FREE
902,104,חברה,4,18,0,FREE
1005,112,רוח,4,13,0,FREE
1005,112,רוח,4,10,0,FREE
605,65,מ.ישראל,4,19,1,FREE
605,65,מ.ישראל,4,18,1,BUSY
905,116,חברה,4,8,1,BUSY
905,116,חברה,4,15,1,BUSY
203,226,טבע,4,16,0,FREE
203,226,טבע,4,17,0,BUSY
902,202,חברה,4,16,1,BUSY
902,202,חברה,4,9,0,FREE
902,102,חברה,4,16,0,FREE
902,102,חברה,4,12,1,BUSY
1002,201,רוח,4,14,1,BUSY
1002,201,רוח,4,15,1,FREE
605,12,מ.ישראל,4,16,1,BUSY
605,12,מ.ישראל,4,11,0,BUSY
502,30,מ.ישראל,4,10,0,BUSY
502,30,מ.ישראל,4,8,0,FREE
504,63,מ.ישראל,4,11,0,FREE
504,63,מ.ישראל,4,10,0,FREE
507,13,מ.ישראל,4,19,0,FREE
507,13,מ.ישראל,4,16,0,FREE
507,105,מ.ישראל,4,13,0,FREE
507,105,מ.ישראל,4,14,0,FREE
604,103,מ.ישראל,4,15,1,BUSY
604,103,מ.ישראל,4,16,1,FREE
410,26,יהדות,4,11,0,FREE
410,26,יהדות,4,13,0,FREE
410,6,יהדות,4,12,0,FREE
410,6,יהדות,4,16,0,FREE
404,66,יהדות,4,10,0,FREE
404,66,יהדות,4,19,1,BUSY
605,64,מ.ישראל,4,12,1,BUSY
605,64,מ.ישראל,4,15,0,FREE
505,64,מ.ישראל,4,15,0,BUSY
505,64,מ.ישראל,4,14,0,FREE
403,115,יהדות,4,18,0,FREE
403,115,יהדות,4,17,0,FREE
404,67,יהדות,4,10,0,FREE
404,67,יהדות,4,12,0,BUSY
1005,111,רוח,4,13,1,BUSY
1005,111,רוח,4,19,0,FREE
1004,305,רוח,4,11,0,FREE
1004,305,רוח,4,14,0,BUSY
404,101,יהדות,4,9,1,BUSY
404,101,יהדות,4,12,0,FREE
1002,305,רוח,4,12,1,BUSY
1002,305,רוח,4,13,1,BUSY
504,208,מ.ישראל,4,10,0,FREE
504,208,מ.ישראל,4,19,0,FREE
211,112,טבע,4,17,1,FREE
211,112,טבע,4,14,1,BUSY
305,63,משפטים,4,16,1,FREE
305,63,משפטים,4,11,0,FREE
306,112,משפטים,4,17,0,FREE
306,112,משפטים,4,16,0,FREE
211,106,טבע,4,16,0,FREE
211,106,טבע,4,18,0,FREE
207,201,טבע,4,12,1,BUSY
207,201,טבע,4,10,1,BUSY
305,101,משפטים,4,19,0,FREE
305,101,משפטים,4,16,0,FREE
403,61,יהדות,4,11,0,FREE
403,61,יהדות,4,12,0,FREE
202,202,טבע,4,14,0,BUSY
202,202,טבע,4,8,0,FREE
203,106,טבע,4,13,1,BUSY
203,106,טבע,4,11,0,FREE
203,112,טבע,4,11,0,FREE
203,112,טבע,4,8,0,BUSY
105,112,סטודנטים,4,8,0,FREE
105,112,סטודנטים,4,11,1,BUSY
207,6,טבע,4,19,0,FREE
207,6,טבע,4,13,0,FREE
207,4,טבע,4,14,0,FREE
207,4,טבע,4,17,0,FREE
207,101,טבע,4,12,1,BUSY
207,101,טבע,4,17,0,FREE
604,6,מ.ישראל,4,8,0,FREE
604,6,מ.ישראל,4,16,0,FREE
211,22,nan,4,8,0,FREE
211,22,nan,4,13,0,FREE
211,4,טבע,4,18,0,FREE
211,4,טבע,4,12,0,BUSY
507,7,מ.ישראל,4,15,0,FREE
507,7,מ.ישראל,4,19,1,FREE
1401,3,nan,4,9,0,FREE
1401,3,nan,4,18,0,FREE
905,63,חברה,4,13,1,BUSY
905,63,חברה,4,17,1,BUSY
901,61,חברה,4,12,1,BUSY
901,61,חברה,4,19,0,FREE
403,69,מינץ,4,13,0,FREE
403,69,מינץ,4,19,0,FREE
1401,63,nan,4,11,0,FREE
1401,63,nan,4,9,0,FREE
1401,1,nan,4,14,0,BUSY
1401,1,nan,4,12,0,FREE
507,1,מ.ישראל,4,17,0,FREE
507,1,מ.ישראל,4,8,0,FREE
905,62,חברה,4,16,1,BUSY
905,62,חברה,4,17,1,BUSY
504,10,מ.ישראל,4,8,0,FREE
504,10,מ.ישראל,4,17,1,BUSY
505,202,מ.ישראל,4,15,0,FREE
505,202,מ.ישראל,4,19,0,FREE
1002,102,רוח,4,11,0,BUSY
1002,102,רוח,4,16,0,FREE
410,226,יהדות,4,9,0,FREE
410,226,יהדות,4,19,0,FREE
410,225,יהדות,4,12,0,BUSY
410,225,יהדות,4,8,0,FREE
1004,407,רוח,4,16,0,FREE
1004,407,רוח,4,19,0,FREE
1004,402,רוח,4,8,0,BUSY
1004,402,רוח,4,19,0,BUSY
505,65,מ.ישראל,4,9,0,FREE
505,65,מ.ישראל,4,13,0,BUSY
505,204,מ.ישראל,4,17,0,FREE
505,204,מ.ישראל,4,10,0,FREE
304,1,משפטים,4,8,1,BUSY
304,1,משפטים,4,14,1,BUSY
605,63,מ.ישראל,4,17,0,FREE
605,63,מ.ישראל,4,14,0,FREE
305,10,משפטים,4,9,1,BUSY
305,10,משפטים,4,8,1,BUSY
304,61,משפטים,4,18,0,FREE
304,61,משפטים,4,13,0,BUSY
604,202,מ.ישראל,4,10,0,FREE
604,202,מ.ישראל,4,12,0,FREE
211,25,nan,4,18,1,BUSY
211,25,nan,4,14,1,BUSY
304,25,משפטים,4,9,0,BUSY
304,25,משפטים,4,17,0,FREE
1105,53,הנדסה,4,12,1,BUSY
1105,53,הנדסה,4,9,0,BUSY
1401,53,nan,4,17,0,FREE
1401,53,nan,4,11,0,FREE
305,2,משפטים,4,9,0,FREE
305,2,משפטים,4,19,0,FREE
305,4,משפטים,4,13,0,FREE
305,4,משפטים,4,17,1,BUSY
502,23,מ.ישראל,4,16,0,FREE
502,23,מ.ישראל,4,19,0,FREE
503,1,מ.ישראל,4,17,0,FREE
503,1,מ.ישראל,4,18,0,FREE
404,113,יהדות,4,19,0,FREE
404,113,יהדות,4,12,0,FREE
404,201,יהדות,4,8,0,FREE
404,201,יהדות,4,15,0,FREE
505,203,מ.ישראל,4,15,0,FREE
505,203,מ.ישראל,4,16,0,FREE
1005,19,רוח,4,8,0,FREE
1005,19,רוח,4,11,1,BUSY
1005,108,רוח,4,16,0,FREE
1005,108,רוח,4,13,0,BUSY
1005,201,רוח,4,18,0,FREE
1005,201,רוח,4,15,0,FREE
1005,209,רוח,4,9,0,FREE
1005,209,רוח,4,14,0,FREE
1005,207,רוח,4,12,0,FREE
1005,207,רוח,4,11,0,FREE
1005,203,רוח,4,17,0,FREE
1005,203,רוח,4,12,0,BUSY
604,201,מ.ישראל,4,15,1,BUSY
604,201,מ.ישראל,4,8,0,FREE
305,105,משפטים,4,15,0,FREE
305,105,משפטים,4,13,0,FREE
507,37,מ.ישראל,4,14,0,FREE
507,37,מ.ישראל,4,16,0,FREE
1104,42,הנדסה,4,16,1,BUSY
1104,42,הנדסה,4,12,1,BUSY
1105,42,הנדסה,4,16,0,FREE
1105,42,הנדסה,4,11,0,FREE
1103,22,הנדסה,4,11,1,BUSY
1103,22,הנדסה,4,13,1,BUSY
902,9,חברה,4,18,0,FREE
902,9,חברה,4,13,0,BUSY
304,9,משפטים,4,16,0,FREE
304,9,משפטים,4,15,0,FREE
1105,271,הנדסה,4,14,1,BUSY
1105,271,הנדסה,4,17,1,BUSY
1104,271,הנדסה,4,17,0,BUSY
1104,271,הנדסה,4,12,0,BUSY
507,61,מ.ישראל,4,9,0,FREE
507,61,מ.ישראל,4,13,0,BUSY
213,304,טבע,4,16,0,FREE
213,304,טבע,4,9,0,BUSY
213,320,טבע,4,14,0,FREE
213,320,טבע,4,11,0,BUSY
1004,203,רוח,4,11,0,FREE
1004,203,רוח,4,10,0,FREE
1004,212,רוח,4,11,0,FREE
1004,212,רוח,4,19,0,FREE
410,328,יהדות,4,11,0,FREE
410,328,יהדות,4,9,0,FREE
410,332,יהדות,4,19,0,FREE
410,332,יהדות,4,8,0,FREE
604,204,מ.ישראל,4,17,1,BUSY
604,204,מ.ישראל,4,15,1,FREE
1002,203,רוח,4,10,1,BUSY
1002,203,רוח,4,19,1,BUSY
202,301,טבע,4,12,1,BUSY
202,301,טבע,4,13,1,BUSY
203,4,טבע,4,19,0,FREE
203,4,טבע,4,10,0,FREE
202,221,טבע,4,15,0,BUSY
202,221,טבע,4,13,0,BUSY
202,205,טבע,4,14,0,FREE
202,205,טבע,4,16,0,BUSY
202,304,טבע,4,17,1,BUSY
202,304,טבע,4,13,0,BUSY
202,505,טבע,4,9,0,FREE
202,505,טבע,4,15,0,FREE
202,203,טבע,4,17,0,FREE
202,203,טבע,4,18,0,FREE
202,303,טבע,4,17,1,BUSY
202,303,טבע,4,9,0,FREE
202,201,טבע,4,13,1,BUSY
202,201,טבע,4,16,0,FREE
202,204,טבע,4,15,0,FREE
202,204,טבע,4,19,0,FREE
505,505,מ.ישראל,4,10,1,BUSY
505,505,מ.ישראל,4,16,0,FREE
902,301,חברה,4,16,1,BUSY
902,301,חברה,4,10,1,FREE
902,12,חברה,4,18,1,BUSY
902,12,חברה,4,17,1,BUSY
902,107,חברה,4,8,0,BUSY
902,107,חברה,4,10,1,BUSY
905,217,חברה,4,9,1,BUSY
905,217,חברה,4,13,1,BUSY
902,217,חברה,4,13,0,FREE
902,217,חברה,4,17,0,BUSY
902,110,חברה,4,12,0,FREE
902,110,חברה,4,16,0,FREE
902,109,חברה,4,18,0,FREE
902,109,חברה,4,13,0,BUSY
507,23,מ.ישראל,4,17,0,FREE
507,23,מ.ישראל,4,9,0,BUSY
1004,406,רוח,4,8,0,FREE
1004,406,רוח,4,18,0,FREE
1105,368,הנדסה,4,17,1,BUSY
1105,368,הנדסה,4,10,0,FREE
1102,2,הנדסה,4,13,1,BUSY
1102,2,הנדסה,4,8,0,FREE
1104,244,הנדסה,4,15,1,BUSY
1104,244,הנדסה,4,14,1,BUSY
1104,249,הנדסה,4,11,1,BUSY
1104,249,הנדסה,4,14,1,BUSY
1104,243,הנדסה,4,10,1,BUSY
1104,243,הנדסה,4,19,0,FREE
1103,42,הנדסה,4,16,0,BUSY
1103,42,הנדסה,4,17,0,FREE
1401,4,nan,4,8,0,BUSY
1401,4,nan,4,16,0,FREE
1105,3,הנדסה,4,9,0,FREE
1105,3,הנדסה,4,14,1,BUSY
1102,4,הנדסה,4,11,0,FREE
1102,4,הנדסה,4,16,0,FREE
A1300,2,מעונות,4,9,1,BUSY
A1300,2,מעונות,4,11,1,BUSY
A1300,1,מעונות,4,14,1,BUSY
A1300,1,מעונות,4,16,1,BUSY
901,4,חברה,4,13,1,BUSY
901,4,חברה,4,16,1,BUSY
1103,223,הנדסה,4,16,1,BUSY
1103,223,הנדסה,4,9,0,FREE
1102,205,הנדסה,4,8,0,FREE
1102,205,הנדסה,4,17,0,FREE
1105,366,הנדסה,4,16,0,BUSY
1105,366,הנדסה,4,12,0,FREE
1104,344,הנדסה,4,19,0,BUSY
1104,344,הנדסה,4,15,0,BUSY
1104,347,הנדסה,4,14,0,FREE
1104,347,הנדסה,4,17,0,FREE
1103,224,הנדסה,4,16,0,FREE
1103,224,הנדסה,4,17,0,FREE
1002,112,רוח,4,8,0,FREE
1002,112,רוח,4,12,0,FREE
905,119,חברה,4,10,1,BUSY
905,119,חברה,4,15,1,BUSY
905,118,חברה,4,19,0,FREE
905,118,חברה,4,8,1,BUSY
905,319,חברה,4,18,1,BUSY
905,319,חברה,4,10,0,FREE
905,418,חברה,4,17,1,BUSY
905,418,חברה,4,11,1,FREE
905,416,חברה,4,14,0,FREE
905,416,חברה,4,15,0,FREE
905,211,חברה,4,12,0,BUSY
905,211,חברה,4,13,0,BUSY
905,321,חברה,4,14,0,FREE
905,321,חברה,4,17,0,FREE
905,311,חברה,4,12,0,BUSY
905,311,חברה,4,10,0,FREE
905,2,חברה,4,8,0,FREE
905,2,חברה,4,17,0,FREE
905,317,חברה,4,16,0,FREE
905,317,חברה,4,11,0,FREE
502,63,מ.ישראל,4,17,0,BUSY
502,63,מ.ישראל,4,13,0,FREE
212,214,טבע,4,17,0,FREE
212,214,טבע,4,18,0,FREE
211,21,nan,4,12,1,BUSY
211,21,nan,4,10,0,FREE
211,17,nan,4,19,0,FREE
211,17,nan,4,16,0,FREE
505,7,מ.ישראל,4,12,0,FREE
505,7,מ.ישראל,4,16,0,FREE
212,212,nan,4,13,0,FREE
212,212,nan,4,10,0,FREE
212,1,טבע,4,11,1,BUSY
212,1,טבע,4,15,0,BUSY
304,4,משפטים,4,19,0,FREE
304,4,משפטים,4,14,1,BUSY
403,3,יהדות,4,9,0,FREE
403,3,יהדות,4,11,0,FREE
905,25,חברה,4,18,0,FREE
905,25,חברה,4,17,0,FREE
212,310,טבע,4,8,0,FREE
212,310,טבע,4,13,0,BUSY
212,1,nan,4,10,1,BUSY
212,1,nan,4,14,0,FREE
212,3,טבע,4,19,0,FREE
212,3,טבע,4,13,0,FREE
212,21,nan,4,16,0,FREE
212,21,nan,4,13,0,FREE
203,212,טבע,4,8,0,FREE
203,212,טבע,4,10,0,FREE
304,69,משפטים,4,14,0,FREE
304,69,משפטים,4,17,0,FREE
305,11,משפטים,4,17,0,FREE
305,11,משפטים,4,18,0,FREE
901,11,חברה,4,14,0,BUSY
901,11,חברה,4,9,1,BUSY
211,3,nan,4,15,0,FREE
211,3,nan,4,8,0,FREE
213,61,טבע,4,19,0,FREE
213,61,טבע,4,11,0,FREE
211,9,nan,4,8,0,FREE
211,9,nan,4,19,0,FREE
902,1,חברה,4,19,0,FREE
902,1,חברה,4,13,1,FREE
304,7,משפטים,4,10,0,FREE
304,7,משפטים,4,15,1,BUSY
403,1,מינץ,4,17,0,FREE
403,1,מינץ,4,12,1,BUSY
211,7,nan,4,13,0,BUSY
211,7,nan,4,19,0,FREE
501,11,מ.ישראל,4,11,0,BUSY
501,11,מ.ישראל,4,19,0,FREE
507,11,מ.ישראל,4,14,0,BUSY
507,11,מ.ישראל,4,10,1,BUSY
1401,7,nan,4,16,0,FREE
1401,7,nan,4,14,0,FREE
211,63,nan,4,14,1,BUSY
211,63,nan,4,8,0,FREE
105,134,סטודנטים,4,16,0,FREE
105,134,סטודנטים,4,11,0,FREE
305,3,משפטים,4,14,0,FREE
305,3,משפטים,4,12,0,FREE
404,133,יהדות,4,16,0,FREE
404,133,יהדות,4,17,0,FREE
306,1,משפטים,4,16,0,FREE
306,1,משפטים,4,19,0,FREE
304,132,משפטים,4,8,0,BUSY
304,132,משפטים,4,19,0,FREE
105,132,סטודנטים,4,18,0,FREE
105,132,סטודנטים,4,19,0,FREE
404,134,יהדות,4,8,0,FREE
404,134,יהדות,4,15,0,FREE
404,65,יהדות,4,12,0,BUSY
404,65,יהדות,4,9,0,FREE
102,133,סטודנטים,4,10,0,BUSY
102,133,סטודנטים,4,16,0,FREE
305,104,משפטים,4,14,0,FREE
305,104,משפטים,4,12,0,FREE
507,10,מ.ישראל,4,12,1,BUSY
507,10,מ.ישראל,4,10,0,BUSY
507,62,מ.ישראל,4,11,0,FREE
507,62,מ.ישראל,4,15,0,FREE
604,309,מ.ישראל,4,17,0,FREE
604,309,מ.ישראל,4,16,0,FREE
901,101,חברה,4,12,1,BUSY
901,101,חברה,4,9,1,BUSY
901,102,חברה,4,11,1,FREE
901,102,חברה,4,13,1,BUSY
301,202,פלדמן,4,10,0,FREE
301,202,פלדמן,4,12,0,FREE
905,104,חברה,4,17,0,FREE
905,104,חברה,4,8,0,BUSY
507,107,מ.ישראל,0,16,1,BUSY
507,107,מ.ישראל,0,18,1,BUSY
905,61,חברה,0,8,0,FREE
905,61,חברה,0,16,1,FREE
1401,2,nan,0,15,1,BUSY
1401,2,nan,0,12,1,FREE
402,63,יהדות,0,9,1,BUSY
402,63,יהדות,0,11,1,BUSY
203,221,טבע,0,19,0,FREE
203,221,טבע,0,17,0,FREE
1002,1,רוח,0,18,1,BUSY
1002,1,רוח,0,16,1,BUSY
604,63,מ.ישראל,0,18,1,BUSY
604,63,מ.ישראל,0,11,0,BUSY
604,64,מ.ישראל,0,17,1,BUSY
604,64,מ.ישראל,0,15,1,FREE
604,105,מ.ישראל,0,19,0,FREE
604,105,מ.ישראל,0,15,0,BUSY
403,211,יהדות,0,15,0,FREE
403,211,יהדות,0,18,0,FREE
604,102,מ.ישראל,0,16,1,BUSY
604,102,מ.ישראל,0,14,1,BUSY
403,217,יהדות,0,12,1,BUSY
403,217,יהדות,0,19,0,BUSY
305,133,משפטים,0,9,1,BUSY
305,133,משפטים,0,15,0,FREE
504,2,מ.ישראל,0,18,1,BUSY
504,2,מ.ישראל,0,15,1,BUSY
507,102,מ.ישראל,0,8,1,FREE
507,102,מ.ישראל,0,18,1,BUSY
604,62,מ.ישראל,0,15,1,BUSY
604,62,מ.ישראל,0,14,0,FREE
1002,405,רוח,0,19,0,FREE
1002,405,רוח,0,13,1,BUSY
902,210,חברה,0,9,0,FREE
902,210,חברה,0,14,1,BUSY
508,7,מ.ישראל,0,11,0,BUSY
508,7,מ.ישראל,0,15,1,BUSY
502,8,מ.ישראל,0,17,0,FREE
502,8,מ.ישראל,0,18,0,FREE
605,104,מ.ישראל,0,10,0,BUSY
605,104,מ.ישראל,0,15,0,FREE
1002,61,רוח,0,14,0,BUSY
1002,61,רוח,0,15,0,FREE
507,4,מ.ישראל,0,17,1,BUSY
507,4,מ.ישראל,0,15,1,BUSY
504,4,מ.ישראל,0,13,1,BUSY
504,4,מ.ישראל,0,11,1,BUSY
1002,202,רוח,0,13,1,BUSY
1002,202,רוח,0,11,1,BUSY
502,6,מ.ישראל,0,10,0,FREE
502,6,מ.ישראל,0,18,0,FREE
502,7,מ.ישראל,0,10,0,FREE
502,7,מ.ישראל,0,12,1,BUSY
505,4,מ.ישראל,0,9,0,FREE
505,4,מ.ישראל,0,11,0,FREE
502,9,מ.ישראל,0,14,0,FREE
502,9,מ.ישראל,0,11,0,FREE
1005,109,רוח,0,10,0,BUSY
1005,109,רוח,0,8,0,FREE
902,103,חברה,0,11,1,BUSY
902,103,חברה,0,10,1,BUSY
502,37,מ.ישראל,0,9,0,FREE
502,37,מ.ישראל,0,18,1,BUSY
902,201,חברה,0,17,1,BUSY
902,201,חברה,0,19,1,BUSY
604,205,מ.ישראל,0,9,0,FREE
604,205,מ.ישראל,0,16,1,BUSY
505,63,מ.ישראל,0,19,1,BUSY
505,63,מ.ישראל,0,10,1,BUSY
504,5,מ.ישראל,0,18,1,FREE
504,5,מ.ישראל,0,15,1,BUSY
305,5,משפטים,0,18,0,FREE
305,5,משפטים,0,9,0,FREE
605,14,מ.ישראל,0,19,1,BUSY
605,14,מ.ישראל,0,8,1,BUSY
505,105,מ.ישראל,0,15,1,BUSY
505,105,מ.ישראל,0,11,0,FREE
502,24,מ.ישראל,0,17,1,BUSY
502,24,מ.ישראל,0,18,0,FREE
505,5,מ.ישראל,0,16,0,FREE
505,5,מ.ישראל,0,14,1,BUSY
404,68,יהדות,0,16,1,BUSY
404,68,יהדות,0,10,1,BUSY
305,134,משפטים,0,14,1,BUSY
305,134,משפטים,0,13,1,FREE
105,103,סטודנטים,0,16,1,FREE
105,103,סטודנטים,0,11,1,BUSY
105,104,סטודנטים,0,13,0,BUSY
105,104,סטודנטים,0,10,1,BUSY
105,101,סטודנטים,0,10,1,FREE
105,101,סטודנטים,0,8,1,FREE
105,102,סטודנטים,0,14,1,FREE
105,102,סטודנטים,0,13,1,BUSY
105,1,סטודנטים,0,15,1,BUSY
105,1,סטודנטים,0,17,1,BUSY
304,3,משפטים,0,11,1,FREE
304,3,משפטים,0,14,1,FREE
305,6,משפטים,0,13,1,FREE
305,6,משפטים,0,8,1,BUSY
105,61,סטודנטים,0,13,1,BUSY
105,61,סטודנטים,0,16,1,FREE
105,2,סטודנטים,0,14,1,BUSY
105,2,סטודנטים,0,17,0,BUSY
304,2,משפטים,0,16,0,FREE
304,2,משפטים,0,14,1,BUSY
105,3,סטודנטים,0,14,0,BUSY
105,3,סטודנטים,0,15,0,BUSY
605,101,מ.ישראל,0,10,1,BUSY
605,101,מ.ישראל,0,8,1,BUSY
605,102,מ.ישראל,0,8,1,BUSY
605,102,מ.ישראל,0,15,1,BUSY
604,11,מ.ישראל,0,10,1,BUSY
604,11,מ.ישראל,0,11,1,FREE
605,11,מ.ישראל,0,9,0,FREE
605,11,מ.ישראל,0,18,1,BUSY
604,12,מ.ישראל,0,12,0,FREE
604,12,מ.ישראל,0,10,1,BUSY
504,6,מ.ישראל,0,18,1,BUSY
504,6,מ.ישראל,0,14,0,FREE
605,202,מ.ישראל,0,8,0,FREE
605,202,מ.ישראל,0,18,1,BUSY
604,14,מ.ישראל,0,11,0,FREE
604,14,מ.ישראל,0,15,0,FREE
507,101,מ.ישראל,0,14,1,BUSY
507,101,מ.ישראל,0,13,1,BUSY
507,103,מ.ישראל,0,15,1,BUSY
507,103,מ.ישראל,0,13,1,BUSY
504,7,מ.ישראל,0,12,1,FREE
504,7,מ.ישראל,0,15,1,BUSY
604,13,מ.ישראל,0,9,1,BUSY
604,13,מ.ישראל,0,12,1,BUSY
505,1,מ.ישראל,0,10,0,FREE
505,1,מ.ישראל,0,13,0,FREE
504,3,מ.ישראל,0,13,1,BUSY
504,3,מ.ישראל,0,17,1,BUSY
604,101,מ.ישראל,0,15,1,BUSY
604,101,מ.ישראל,0,14,1,BUSY
507,201,מ.ישראל,0,12,1,BUSY
507,201,מ.ישראל,0,9,0,FREE
403,67,יהדות,0,17,1,BUSY
403,67,יהדות,0,9,1,BUSY
507,204,מ.ישראל,0,9,0,BUSY
507,204,מ.ישראל,0,11,0,BUSY
505,106,מ.ישראל,0,15,1,BUSY
505,106,מ.ישראל,0,12,1,BUSY
505,62,מ.ישראל,0,8,0,FREE
505,62,מ.ישראל,0,13,1,BUSY
505,104,מ.ישראל,0,19,1,BUSY
505,104,מ.ישראל,0,8,0,BUSY
605,13,מ.ישראל,0,10,1,BUSY
605,13,מ.ישראל,0,9,1,BUSY
501,25,מ.ישראל,0,11,0,FREE
501,25,מ.ישראל,0,17,1,BUSY
505,201,מ.ישראל,0,13,1,BUSY
505,201,מ.ישראל,0,14,0,FREE
505,3,מ.ישראל,0,16,1,FREE
505,3,מ.ישראל,0,18,0,FREE
507,207,מ.ישראל,0,11,1,FREE
507,207,מ.ישראל,0,17,1,FREE
604,61,מ.ישראל,0,10,0,FREE
604,61,מ.ישראל,0,9,0,BUSY
507,2,מ.ישראל,0,10,1,BUSY
507,2,מ.ישראל,0,9,0,FREE
505,101,מ.ישראל,0,12,0,FREE
505,101,מ.ישראל,0,11,0,FREE
905,417,חברה,0,16,0,BUSY
905,417,חברה,0,11,1,FREE
504,1,מ.ישראל,0,10,1,BUSY
504,1,מ.ישראל,0,16,1,BUSY
605,201,מ.ישראל,0,14,1,BUSY
605,201,מ.ישראל,0,11,1,BUSY
604,104,מ.ישראל,0,19,1,BUSY
604,104,מ.ישראל,0,13,1,BUSY
213,4,טבע,0,14,1,BUSY
213,4,טבע,0,11,1,BUSY
105,4,סטודנטים,0,12,0,FREE
105,4,סטודנטים,0,9,0,FREE
102,2,סטודנטים,0,13,1,BUSY
102,2,סטודנטים,0,8,0,FREE
105,5,סטודנטים,0,16,0,FREE
105,5,סטודנטים,0,15,0,BUSY
105,105,סטודנטים,0,13,1,BUSY
105,105,סטודנטים,0,11,0,FREE
207,1,טבע,0,12,1,BUSY
207,1,טבע,0,15,1,BUSY
105,106,סטודנטים,0,13,1,BUSY
105,106,סטודנטים,0,8,0,BUSY
404,115,יהדות,0,17,0,FREE
404,115,יהדות,0,11,1,BUSY
403,101,יהדות,0,8,0,FREE
403,101,יהדות,0,18,0,FREE
404,102,יהדות,0,17,1,BUSY
404,102,יהדות,0,16,1,FREE
105,6,סטודנטים,0,18,0,FREE
105,6,סטודנטים,0,13,0,BUSY
102,4,סטודנטים,0,14,1,BUSY
102,4,סטודנטים,0,19,0,FREE
404,114,יהדות,0,10,0,FREE
404,114,יהדות,0,14,0,FREE
306,111,משפטים,0,13,1,BUSY
306,111,משפטים,0,12,1,FREE
505,2,מ.ישראל,0,11,1,BUSY
505,2,מ.ישראל,0,9,0,FREE
604,2,מ.ישראל,0,19,0,FREE
604,2,מ.ישראל,0,18,0,FREE
605,61,מ.ישראל,0,9,0,FREE
605,61,מ.ישראל,0,13,0,FREE
410,125,יהדות,0,17,1,BUSY
410,125,יהדות,0,12,0,FREE
410,46,יהדות,0,11,1,BUSY
410,46,יהדות,0,16,1,FREE
403,66,יהדות,0,19,1,FREE
403,66,יהדות,0,9,0,FREE
502,26,מ.ישראל,0,17,1,BUSY
502,26,מ.ישראל,0,15,1,BUSY
502,25,מ.ישראל,0,15,0,FREE
502,25,מ.ישראל,0,8,0,FREE
403,218,יהדות,0,14,1,FREE
403,218,יהדות,0,12,1,FREE
403,113,יהדות,0,19,0,BUSY
403,113,יהדות,0,8,0,FREE
410,142,יהדות,0,10,1,BUSY
410,142,יהדות,0,19,1,BUSY
505,61,מ.ישראל,0,19,1,FREE
505,61,מ.ישראל,0,9,1,BUSY
505,11,מ.ישראל,0,19,0,FREE
505,11,מ.ישראל,0,9,0,FREE
605,105,מ.ישראל,0,13,0,FREE
605,105,מ.ישראל,0,11,0,FREE
604,1,מ.ישראל,0,17,0,BUSY
604,1,מ.ישראל,0,14,0,FREE
507,14,מ.ישראל,0,11,0,FREE
507,14,מ.ישראל,0,19,0,BUSY
605,4,מ.ישראל,0,11,0,FREE
605,4,מ.ישראל,0,17,0,FREE
502,62,מ.ישראל,0,12,0,FREE
502,62,מ.ישראל,0,10,0,BUSY
605,7,מ.ישראל,0,12,0,FREE
605,7,מ.ישראל,0,11,0,FREE
507,206,מ.ישראל,0,10,0,FREE
507,206,מ.ישראל,0,14,1,BUSY
504,206,מ.ישראל,0,15,0,FREE
504,206,מ.ישראל,0,18,0,BUSY
508,103,מ.ישראל,0,19,0,BUSY
508,103,מ.ישראל,0,12,0,BUSY
507,106,מ.ישראל,0,15,1,FREE
507,106,מ.ישראל,0,18,0,BUSY
605,106,מ.ישראל,0,10,0,FREE
605,106,מ.ישראל,0,9,0,FREE
507,108,מ.ישראל,0,9,0,FREE
507,108,מ.ישראל,0,17,1,BUSY
505,108,מ.ישראל,0,11,0,FREE
505,108,מ.ישראל,0,13,0,FREE
505,102,מ.ישראל,0,19,1,BUSY
505,102,מ.ישראל,0,10,1,FREE
507,6,מ.ישראל,0,16,1,BUSY
507,6,מ.ישראל,0,15,0,FREE
507,208,מ.ישראל,0,14,1,BUSY
507,208,מ.ישראל,0,19,0,FREE
507,205,מ.ישראל,0,18,0,FREE
507,205,מ.ישראל,0,13,0,FREE
507,3,מ.ישראל,0,13,1,BUSY
507,3,מ.ישראל,0,16,1,BUSY
505,103,מ.ישראל,0,12,1,BUSY
505,103,מ.ישראל,0,14,1,BUSY
507,209,מ.ישראל,0,17,1,BUSY
507,209,מ.ישראל,0,13,1,BUSY
507,202,מ.ישראל,0,13,0,FREE
507,202,מ.ישראל,0,14,0,FREE
605,103,מ.ישראל,0,12,1,BUSY
605,103,מ.ישראל,0,13,1,BUSY
403,2,יהדות,0,12,1,BUSY
403,2,יהדות,0,18,1,BUSY
507,104,מ.ישראל,0,18,1,BUSY
507,104,מ.ישראל,0,17,1,BUSY
507,5,מ.ישראל,0,13,0,FREE
507,5,מ.ישראל,0,9,0,BUSY
507,203,מ.ישראל,0,12,0,FREE
507,203,מ.ישראל,0,10,0,FREE
305,132,משפטים,0,15,1,BUSY
305,132,משפטים,0,11,0,FREE
902,101,חברה,0,17,1,BUSY
902,101,חברה,0,15,1,FREE
902,104,חברה,0,19,0,FREE
902,104,חברה,0,14,1,BUSY
1005,112,רוח,0,12,0,FREE
1005,112,רוח,0,18,0,FREE
605,65,מ.ישראל,0,13,1,BUSY
605,65,מ.ישראל,0,10,1,BUSY
905,116,חברה,0,17,1,FREE
905,116,חברה,0,18,0,FREE
203,226,טבע,0,11,1,BUSY
203,226,טבע,0,9,0,BUSY
902,202,חברה,0,10,0,FREE
902,202,חברה,0,9,0,BUSY
902,102,חברה,0,19,0,FREE
902,102,חברה,0,18,0,FREE
1002,201,רוח,0,11,0,FREE
1002,201,רוח,0,17,1,BUSY
605,12,מ.ישראל,0,10,1,BUSY
605,12,מ.ישראל,0,14,0,FREE
502,30,מ.ישראל,0,10,0,FREE
502,30,מ.ישראל,0,8,0,FREE
504,63,מ.ישראל,0,13,0,BUSY
504,63,מ.ישראל,0,18,0,BUSY
507,13,מ.ישראל,0,14,0,BUSY
507,13,מ.ישראל,0,19,0,BUSY
507,105,מ.ישראל,0,11,0,FREE
507,105,מ.ישראל,0,8,0,FREE
604,103,מ.ישראל,0,19,1,BUSY
604,103,מ.ישראל,0,14,1,BUSY
410,26,יהדות,0,15,0,FREE
410,26,יהדות,0,10,0,FREE
410,6,יהדות,0,10,0,FREE
410,6,יהדות,0,16,0,FREE
404,66,יהדות,0,12,0,FREE
404,66,יהדות,0,16,0,FREE
605,64,מ.ישראל,0,18,0,BUSY
605,64,מ.ישראל,0,13,1,BUSY
505,64,מ.ישראל,0,8,0,FREE
505,64,מ.ישראל,0,9,0,FREE
403,115,יהדות,0,16,0,FREE
403,115,יהדות,0,9,0,BUSY
404,67,יהדות,0,19,0,FREE
404,67,יהדות,0,8,0,FREE
1005,111,רוח,0,8,0,FREE
1005,111,רוח,0,10,1,BUSY
1004,305,רוח,0,13,1,BUSY
1004,305,רוח,0,19,1,BUSY
404,101,יהדות,0,10,1,BUSY
404,101,יהדות,0,9,0,FREE
1002,305,רוח,0,15,1,BUSY
1002,305,רוח,0,11,0,FREE
504,208,מ.ישראל,0,13,0,BUSY
504,208,מ.ישראל,0,14,0,FREE
211,112,טבע,0,13,1,BUSY
211,112,טבע,0,11,1,BUSY
305,63,משפטים,0,14,0,FREE
305,63,משפטים,0,18,0,FREE
306,112,משפטים,0,19,0,FREE
306,112,משפטים,0,12,0,BUSY
211,106,טבע,0,15,0,BUSY
211,106,טבע,0,16,0,FREE
207,201,טבע,0,11,1,BUSY
207,201,טבע,0,13,1,BUSY
305,101,משפטים,0,8,0,FREE
305,101,משפטים,0,9,0,BUSY
403,61,יהדות,0,17,0,FREE
403,61,יהדות,0,19,0,BUSY
202,202,טבע,0,15,0,FREE
202,202,טבע,0,16,0,BUSY
203,106,טבע,0,9,0,FREE
203,106,טבע,0,11,0,BUSY
203,112,טבע,0,18,0,BUSY
203,112,טבע,0,9,0,FREE
105,112,סטודנטים,0,9,0,BUSY
105,112,סטודנטים,0,15,0,FREE
207,6,טבע,0,17,0,BUSY
207,6,טבע,0,16,0,FREE
207,4,טבע,0,17,0,FREE
207,4,טבע,0,18,0,FREE
207,101,טבע,0,12,0,BUSY
207,101,טבע,0,11,0,BUSY
604,6,מ.ישראל,0,13,0,BUSY
604,6,מ.ישראל,0,14,0,FREE
211,22,nan,0,13,0,BUSY
211,22,nan,0,19,0,FREE
211,4,טבע,0,12,0,BUSY
211,4,טבע,0,16,0,FREE
507,7,מ.ישראל,0,11,1,FREE
507,7,מ.ישראל,0,9,0,FREE
1401,3,nan,0,18,1,BUSY
1401,3,nan,0,10,1,BUSY
905,63,חברה,0,12,1,BUSY
905,63,חברה,0,18,1,BUSY
901,61,חברה,0,13,1,BUSY
901,61,חברה,0,11,1,BUSY
403,69,מינץ,0,19,0,FREE
403,69,מינץ,0,16,1,BUSY
1401,63,nan,0,16,0,FREE
1401,63,nan,0,15,0,FREE
1401,1,nan,0,12,1,BUSY
1401,1,nan,0,10,1,BUSY
507,1,מ.ישראל,0,9,0,FREE
507,1,מ.ישראל,0,12,1,BUSY
905,62,חברה,0,16,1,FREE
905,62,חברה,0,18,0,FREE
504,10,מ.ישראל,0,9,0,FREE
504,10,מ.ישראל,0,11,0,FREE
505,202,מ.ישראל,0,19,0,FREE
505,202,מ.ישראל,0,10,0,FREE
1002,102,רוח,0,8,0,FREE
1002,102,רוח,0,9,0,FREE
410,226,יהדות,0,10,1,BUSY
410,226,יהדות,0,15,1,BUSY
410,225,יהדות,0,16,0,FREE
410,225,יהדות,0,19,0,FREE
1004,407,רוח,0,8,0,FREE
1004,407,רוח,0,11,0,FREE
1004,402,רוח,0,9,0,FREE
1004,402,רוח,0,14,1,BUSY
505,65,מ.ישראל,0,18,1,BUSY
505,65,מ.ישראל,0,16,0,BUSY
505,204,מ.ישראל,0,15,0,FREE
505,204,מ.ישראל,0,19,0,FREE
304,1,משפטים,0,18,1,BUSY
304,1,משפטים,0,19,1,BUSY
605,63,מ.ישראל,0,15,0,BUSY
605,63,מ.ישראל,0,19,1,BUSY
305,10,משפטים,0,9,1,BUSY
305,10,משפטים,0,12,1,BUSY
304,61,משפטים,0,8,0,FREE
304,61,משפטים,0,16,0,FREE
604,202,מ.ישראל,0,19,0,FREE
604,202,מ.ישראל,0,9,0,BUSY
211,25,nan,0,19,1,BUSY
211,25,nan,0,9,1,BUSY
304,25,משפטים,0,9,0,FREE
304,25,משפטים,0,17,0,FREE
1105,53,הנדסה,0,19,0,BUSY
1105,53,הנדסה,0,15,1,BUSY
1401,53,nan,0,13,0,FREE
1401,53,nan,0,12,0,FREE
305,2,משפטים,0,11,0,FREE
305,2,משפטים,0,10,0,BUSY
305,4,משפטים,0,12,1,BUSY
305,4,משפטים,0,14,1,FREE
502,23,מ.ישראל,0,19,0,FREE
502,23,מ.ישראל,0,18,0,FREE
503,1,מ.ישראל,0,12,1,FREE
503,1,מ.ישראל,0,13,1,FREE
404,113,יהדות,0,18,0,FREE
404,113,יהדות,0,9,0,BUSY
404,201,יהדות,0,12,1,BUSY
404,201,יהדות,0,15,1,BUSY
505,203,מ.ישראל,0,19,0,FREE
505,203,מ.ישראל,0,8,0,BUSY
1005,19,רוח,0,12,0,BUSY
1005,19,רוח,0,9,0,FREE
1005,108,רוח,0,13,0,FREE
1005,108,רוח,0,19,0,FREE
1005,201,רוח,0,10,0,FREE
1005,201,רוח,0,9,0,FREE
1005,209,רוח,0,9,0,FREE
1005,209,רוח,0,15,0,FREE
1005,207,רוח,0,19,0,FREE
1005,207,רוח,0,18,0,FREE
1005,203,רוח,0,9,0,FREE
1005,203,רוח,0,15,0,FREE
604,201,מ.ישראל,0,12,0,FREE
604,201,מ.ישראל,0,14,0,BUSY
305,105,משפטים,0,11,0,FREE
305,105,משפטים,0,13,0,FREE
507,37,מ.ישראל,0,12,0,BUSY
507,37,מ.ישראל,0,8,0,FREE
1104,42,הנדסה,0,12,1,BUSY
1104,42,הנדסה,0,16,1,BUSY
1105,42,הנדסה,0,10,0,FREE
1105,42,הנדסה,0,8,0,FREE
1103,22,הנדסה,0,8,0,FREE
1103,22,הנדסה,0,14,1,BUSY
902,9,חברה,0,17,1,BUSY
902,9,חברה,0,19,1,BUSY
304,9,משפטים,0,10,0,FREE
304,9,משפטים,0,17,0,FREE
1105,271,הנדסה,0,13,1,BUSY
1105,271,הנדסה,0,19,0,FREE
1104,271,הנדסה,0,15,0,FREE
1104,271,הנדסה,0,14,0,BUSY
507,61,מ.ישראל,0,13,0,BUSY
507,61,מ.ישראל,0,14,0,FREE
213,304,טבע,0,8,0,BUSY
213,304,טבע,0,9,0,BUSY
213,320,טבע,0,18,0,FREE
213,320,טבע,0,15,0,FREE
1004,203,רוח,0,12,1,BUSY
1004,203,רוח,0,9,1,BUSY
1004,212,רוח,0,18,1,FREE
1004,212,רוח,0,8,1,BUSY
410,328,יהדות,0,17,1,FREE
410,328,יהדות,0,19,1,BUSY
410,332,יהדות,0,18,0,BUSY
410,332,יהדות,0,17,0,FREE
604,204,מ.ישראל,0,16,0,BUSY
604,204,מ.ישראל,0,19,0,BUSY
1002,203,רוח,0,19,1,BUSY
1002,203,רוח,0,18,1,BUSY
202,301,טבע,0,11,1,BUSY
202,301,טבע,0,16,1,BUSY
203,4,טבע,0,19,0,FREE
203,4,טבע,0,12,0,BUSY
202,221,טבע,0,12,0,BUSY
202,221,טבע,0,14,0,FREE
202,205,טבע,0,11,0,BUSY
202,205,טבע,0,9,0,FREE
202,304,טבע,0,18,0,FREE
202,304,טבע,0,14,0,BUSY
202,505,טבע,0,10,1,BUSY
202,505,טבע,0,15,0,FREE
202,203,טבע,0,9,0,FREE
202,203,טבע,0,10,0,FREE
202,303,טבע,0,11,1,BUSY
202,303,טבע,0,14,0,FREE
202,201,טבע,0,10,1,BUSY
202,201,טבע,0,18,0,BUSY
202,204,טבע,0,11,0,BUSY
202,204,טבע,0,16,1,BUSY
505,505,מ.ישראל,0,9,0,BUSY
505,505,מ.ישראל,0,12,0,FREE
902,301,חברה,0,17,0,FREE
902,301,חברה,0,18,0,FREE
902,12,חברה,0,9,1,BUSY
902,12,חברה,0,18,1,BUSY
902,107,חברה,0,8,0,FREE
902,107,חברה,0,11,0,BUSY
905,217,חברה,0,15,1,BUSY
905,217,חברה,0,14,1,BUSY
902,217,חברה,0,17,0,BUSY
902,217,חברה,0,15,0,FREE
902,110,חברה,0,12,0,BUSY
902,110,חברה,0,14,0,FREE
902,109,חברה,0,10,0,FREE
902,109,חברה,0,9,0,FREE
507,23,מ.ישראל,0,12,0,FREE
507,23,מ.ישראל,0,17,0,BUSY
1004,406,רוח,0,13,1,BUSY
1004,406,רוח,0,10,1,FREE
1105,368,הנדסה,0,17,1,BUSY
1105,368,הנדסה,0,13,1,BUSY
1102,2,הנדסה,0,10,1,FREE
1102,2,הנדסה,0,14,1,BUSY
1104,244,הנדסה,0,11,1,BUSY
1104,244,הנדסה,0,10,1,BUSY
1104,249,הנדסה,0,18,1,BUSY
1104,249,הנדסה,0,8,0,FREE
1104,243,הנדסה,0,18,1,BUSY
1104,243,הנדסה,0,8,0,FREE
1103,42,הנדסה,0,13,0,BUSY
1103,42,הנדסה,0,8,0,BUSY
1401,4,nan,0,9,1,BUSY
1401,4,nan,0,12,1,BUSY
1105,3,הנדסה,0,12,0,FREE
1105,3,הנדסה,0,19,0,FREE
1102,4,הנדסה,0,11,0,BUSY
1102,4,הנדסה,0,18,0,BUSY
A1300,2,מעונות,0,16,1,BUSY
A1300,2,מעונות,0,10,1,BUSY
A1300,1,מעונות,0,8,0,FREE
A1300,1,מעונות,0,14,0,FREE
901,4,חברה,0,19,0,FREE
901,4,חברה,0,13,0,BUSY
1103,223,הנדסה,0,8,0,BUSY
1103,223,הנדסה,0,9,0,FREE
1102,205,הנדסה,0,11,0,FREE
1102,205,הנדסה,0,13,0,BUSY
1105,366,הנדסה,0,12,1,BUSY
1105,366,הנדסה,0,17,0,FREE
1104,344,הנדסה,0,17,1,FREE
1104,344,הנדסה,0,15,0,FREE
1104,347,הנדסה,0,16,1,BUSY
1104,347,הנדסה,0,17,1,BUSY
1103,224,הנדסה,0,17,0,FREE
1103,224,הנדסה,0,8,0,FREE
1002,112,רוח,0,16,0,FREE
1002,112,רוח,0,17,0,BUSY
905,119,חברה,0,14,1,BUSY
905,119,חברה,0,18,1,BUSY
905,118,חברה,0,10,1,BUSY
905,118,חברה,0,15,0,BUSY
905,319,חברה,0,12,0,FREE
905,319,חברה,0,18,0,FREE
905,418,חברה,0,12,1,BUSY
905,418,חברה,0,10,0,FREE
905,416,חברה,0,13,0,BUSY
905,416,חברה,0,17,0,FREE
905,211,חברה,0,10,0,FREE
905,211,חברה,0,17,1,BUSY
905,321,חברה,0,10,0,FREE
905,321,חברה,0,17,0,FREE
905,311,חברה,0,14,0,FREE
905,311,חברה,0,16,0,FREE
905,2,חברה,0,9,0,FREE
905,2,חברה,0,13,0,FREE
905,317,חברה,0,15,0,FREE
905,317,חברה,0,9,0,FREE
502,63,מ.ישראל,0,12,0,FREE
502,63,מ.ישראל,0,14,0,FREE
212,214,טבע,0,9,0,BUSY
212,214,טבע,0,12,0,FREE
211,21,nan,0,13,0,FREE
211,21,nan,0,8,0,FREE
211,17,nan,0,16,0,FREE
211,17,nan,0,14,1,FREE
505,7,מ.ישראל,0,11,0,BUSY
505,7,מ.ישראל,0,15,0,FREE
212,212,nan,0,8,0,FREE
212,212,nan,0,14,0,BUSY
212,1,טבע,0,19,0,FREE
212,1,טבע,0,10,0,BUSY
304,4,משפטים,0,11,0,FREE
304,4,משפטים,0,9,0,FREE
403,3,יהדות,0,12,0,FREE
403,3,יהדות,0,17,0,FREE
905,25,חברה,0,11,0,FREE
905,25,חברה,0,15,0,FREE
212,310,טבע,0,19,0,FREE
212,310,טבע,0,18,0,BUSY
212,1,nan,0,8,0,FREE
212,1,nan,0,10,0,FREE
212,3,טבע,0,17,0,FREE
212,3,טבע,0,11,0,FREE
212,21,nan,0,12,0,BUSY
212,21,nan,0,16,0,FREE
203,212,טבע,0,15,0,FREE
203,212,טבע,0,12,0,BUSY
304,69,משפטים,0,19,0,BUSY
304,69,משפטים,0,14,0,BUSY
305,11,משפטים,0,9,0,FREE
305,11,משפטים,0,14,1,BUSY
901,11,חברה,0,19,0,FREE
901,11,חברה,0,9,0,FREE
211,3,nan,0,12,0,BUSY
211,3,nan,0,19,0,FREE
213,61,טבע,0,8,0,FREE
213,61,טבע,0,15,0,FREE
211,9,nan,0,11,0,FREE
211,9,nan,0,14,0,FREE
902,1,חברה,0,17,0,FREE
902,1,חברה,0,19,0,FREE
304,7,משפטים,0,15,0,FREE
304,7,משפטים,0,8,0,BUSY
403,1,מינץ,0,17,0,FREE
403,1,מינץ,0,13,0,BUSY
211,7,nan,0,10,0,FREE
211,7,nan,0,18,0,FREE
501,11,מ.ישראל,0,9,0,FREE
501,11,מ.ישראל,0,12,0,FREE
507,11,מ.ישראל,0,14,0,FREE
507,11,מ.ישראל,0,15,0,FREE
1401,7,nan,0,8,0,FREE
1401,7,nan,0,14,0,BUSY
211,63,nan,0,8,0,FREE
211,63,nan,0,18,0,FREE
105,134,סטודנטים,0,9,0,FREE
105,134,סטודנטים,0,11,0,FREE
305,3,משפטים,0,14,0,FREE
305,3,משפטים,0,13,0,FREE
404,133,יהדות,0,11,0,FREE
404,133,יהדות,0,10,0,FREE
306,1,משפטים,0,11,0,FREE
306,1,משפטים,0,16,0,BUSY
304,132,משפטים,0,10,0,FREE
304,132,משפטים,0,13,0,BUSY
105,132,סטודנטים,0,16,0,BUSY
105,132,סטודנטים,0,8,0,FREE
404,134,יהדות,0,15,0,FREE
404,134,יהדות,0,8,0,FREE
404,65,יהדות,0,10,0,FREE
404,65,יהדות,0,11,0,FREE
102,133,סטודנטים,0,9,0,FREE
102,133,סטודנטים,0,19,0,FREE
305,104,משפטים,0,12,0,FREE
305,104,משפטים,0,19,0,FREE
507,10,מ.ישראל,0,17,0,BUSY
507,10,מ.ישראל,0,15,0,FREE
507,62,מ.ישראל,0,10,0,FREE
507,62,מ.ישראל,0,9,0,FREE
604,309,מ.ישראל,0,11,1,BUSY
604,309,מ.ישראל,0,13,0,FREE
901,101,חברה,0,10,1,BUSY
901,101,חברה,0,12,1,FREE
901,102,חברה,0,9,1,FREE
901,102,חברה,0,18,0,FREE
301,202,פלדמן,0,18,0,FREE
301,202,פלדמן,0,10,1,BUSY
905,104,חברה,0,19,0,FREE
905,104,חברה,0,18,0,FREE
507,107,מ.ישראל,1,19,1,BUSY
507,107,מ.ישראל,1,12,1,BUSY
905,61,חברה,1,8,1,BUSY
905,61,חברה,1,12,1,BUSY
1401,2,nan,1,10,1,FREE
1401,2,nan,1,8,0,FREE
402,63,יהדות,1,16,1,BUSY
402,63,יהדות,1,10,1,FREE
203,221,טבע,1,13,1,BUSY
203,221,טבע,1,12,1,BUSY
1002,1,רוח,1,15,1,BUSY
1002,1,רוח,1,8,0,FREE
604,63,מ.ישראל,1,14,1,BUSY
604,63,מ.ישראל,1,12,1,BUSY
604,64,מ.ישראל,1,16,1,FREE
604,64,מ.ישראל,1,9,0,FREE
604,105,מ.ישראל,1,16,1,BUSY
604,105,מ.ישראל,1,8,0,FREE
403,211,יהדות,1,15,1,BUSY
403,211,יהדות,1,13,1,BUSY
604,102,מ.ישראל,1,9,0,FREE
604,102,מ.ישראל,1,12,1,BUSY
403,217,יהדות,1,11,1,BUSY
403,217,יהדות,1,15,1,BUSY
305,133,משפטים,1,15,0,FREE
305,133,משפטים,1,14,0,FREE
504,2,מ.ישראל,1,12,1,BUSY
504,2,מ.ישראל,1,8,0,FREE
507,102,מ.ישראל,1,9,1,BUSY
507,102,מ.ישראל,1,17,1,FREE
604,62,מ.ישראל,1,13,1,BUSY
604,62,מ.ישראל,1,10,1,BUSY
1002,405,רוח,1,8,0,FREE
1002,405,רוח,1,12,0,FREE
902,210,חברה,1,9,0,FREE
902,210,חברה,1,14,1,FREE
508,7,מ.ישראל,1,19,1,BUSY
508,7,מ.ישראל,1,11,1,BUSY
502,8,מ.ישראל,1,19,1,BUSY
502,8,מ.ישראל,1,9,1,BUSY
605,104,מ.ישראל,1,9,1,BUSY
605,104,מ.ישראל,1,15,0,FREE
1002,61,רוח,1,9,0,FREE
1002,61,רוח,1,15,1,FREE
507,4,מ.ישראל,1,18,0,BUSY
507,4,מ.ישראל,1,13,1,BUSY
504,4,מ.ישראל,1,16,0,FREE
504,4,מ.ישראל,1,13,0,BUSY
1002,202,רוח,1,8,0,FREE
1002,202,רוח,1,13,1,FREE
502,6,מ.ישראל,1,12,0,FREE
502,6,מ.ישראל,1,19,0,FREE
502,7,מ.ישראל,1,11,1,BUSY
502,7,מ.ישראל,1,9,1,FREE
505,4,מ.ישראל,1,11,1,FREE
505,4,מ.ישראל,1,9,0,FREE
502,9,מ.ישראל,1,12,1,BUSY
502,9,מ.ישראל,1,8,0,FREE
1005,109,רוח,1,11,1,BUSY
1005,109,רוח,1,18,0,FREE
902,103,חברה,1,18,0,BUSY
902,103,חברה,1,15,1,FREE
502,37,מ.ישראל,1,8,0,BUSY
502,37,מ.ישראל,1,14,1,BUSY
902,201,חברה,1,19,1,BUSY
902,201,חברה,1,8,1,BUSY
604,205,מ.ישראל,1,17,1,FREE
604,205,מ.ישראל,1,18,0,FREE
505,63,מ.ישראל,1,17,1,FREE
505,63,מ.ישראל,1,16,1,BUSY
504,5,מ.ישראל,1,13,0,BUSY
504,5,מ.ישראל,1,19,1,BUSY
305,5,משפטים,1,17,0,FREE
305,5,משפטים,1,18,0,BUSY
605,14,מ.ישראל,1,19,1,BUSY
605,14,מ.ישראל,1,17,1,BUSY
505,105,מ.ישראל,1,9,1,BUSY
505,105,מ.ישראל,1,10,0,FREE
502,24,מ.ישראל,1,17,0,FREE
502,24,מ.ישראל,1,9,0,FREE
505,5,מ.ישראל,1,19,0,FREE
505,5,מ.ישראל,1,14,1,BUSY
404,68,יהדות,1,13,1,BUSY
404,68,יהדות,1,17,1,BUSY
305,134,משפטים,1,19,1,BUSY
305,134,משפטים,1,8,1,FREE
105,103,סטודנטים,1,17,0,FREE
105,103,סטודנטים,1,14,0,FREE
105,104,סטודנטים,1,12,0,FREE
105,104,סטודנטים,1,16,1,BUSY
105,101,סטודנטים,1,11,1,BUSY
105,101,סטודנטים,1,19,0,FREE
105,102,סטודנטים,1,17,0,FREE
105,102,סטודנטים,1,16,1,BUSY
105,1,סטודנטים,1,18,1,BUSY
105,1,סטודנטים,1,17,1,FREE
304,3,משפטים,1,12,1,BUSY
304,3,משפטים,1,13,1,BUSY
305,6,משפטים,1,15,1,BUSY
305,6,משפטים,1,17,0,FREE
105,61,סטודנטים,1,16,1,BUSY
105,61,סטודנטים,1,9,0,FREE
105,2,סטודנטים,1,13,1,BUSY
105,2,סטודנטים,1,15,1,FREE
304,2,משפטים,1,19,0,FREE
304,2,משפטים,1,10,1,BUSY
105,3,סטודנטים,1,10,1,BUSY
105,3,סטודנטים,1,15,0,FREE
605,101,מ.ישראל,1,17,1,BUSY
605,101,מ.ישראל,1,13,1,BUSY
605,102,מ.ישראל,1,19,0,FREE
605,102,מ.ישראל,1,9,1,BUSY
604,11,מ.ישראל,1,16,1,BUSY
604,11,מ.ישראל,1,8,1,BUSY
605,11,מ.ישראל,1,18,0,FREE
605,11,מ.ישראל,1,19,0,BUSY
604,12,מ.ישראל,1,15,1,BUSY
604,12,מ.ישראל,1,19,0,FREE
504,6,מ.ישראל,1,8,1,BUSY
504,6,מ.ישראל,1,17,1,BUSY
605,202,מ.ישראל,1,14,0,FREE
605,202,מ.ישראל,1,16,0,FREE
604,14,מ.ישראל,1,18,0,FREE
604,14,מ.ישראל,1,13,1,BUSY
507,101,מ.ישראל,1,8,1,FREE
507,101,מ.ישראל,1,18,1,FREE
507,103,מ.ישראל,1,19,0,FREE
507,103,מ.ישראל,1,10,1,BUSY
504,7,מ.ישראל,1,19,1,BUSY
504,7,מ.ישראל,1,8,0,BUSY
604,13,מ.ישראל,1,17,1,BUSY
604,13,מ.ישראל,1,14,1,BUSY
505,1,מ.ישראל,1,13,1,FREE
505,1,מ.ישראל,1,10,1,BUSY
504,3,מ.ישראל,1,11,0,FREE
504,3,מ.ישראל,1,13,1,BUSY
604,101,מ.ישראל,1,15,1,BUSY
604,101,מ.ישראל,1,8,0,FREE
507,201,מ.ישראל,1,11,1,BUSY
507,201,מ.ישראל,1,12,1,BUSY
403,67,יהדות,1,11,1,BUSY
403,67,יהדות,1,9,0,FREE
507,204,מ.ישראל,1,16,1,FREE
507,204,מ.ישראל,1,12,0,FREE
505,106,מ.ישראל,1,9,1,BUSY
505,106,מ.ישראל,1,18,1,BUSY
505,62,מ.ישראל,1,17,1,BUSY
505,62,מ.ישראל,1,15,0,FREE
505,104,מ.ישראל,1,8,1,BUSY
505,104,מ.ישראל,1,13,0,FREE
605,13,מ.ישראל,1,15,1,BUSY
605,13,מ.ישראל,1,11,1,BUSY
501,25,מ.ישראל,1,15,1,FREE
501,25,מ.ישראל,1,16,1,BUSY
505,201,מ.ישראל,1,10,1,BUSY
505,201,מ.ישראל,1,8,0,BUSY
505,3,מ.ישראל,1,12,0,FREE
505,3,מ.ישראל,1,11,1,BUSY
507,207,מ.ישראל,1,19,1,BUSY
507,207,מ.ישראל,1,9,1,BUSY
604,61,מ.ישראל,1,19,1,BUSY
604,61,מ.ישראל,1,11,1,BUSY
507,2,מ.ישראל,1,9,0,FREE
507,2,מ.ישראל,1,14,1,BUSY
505,101,מ.ישראל,1,10,0,FREE
505,101,מ.ישראל,1,8,1,BUSY
905,417,חברה,1,15,0,FREE
905,417,חברה,1,13,1,BUSY
504,1,מ.ישראל,1,11,1,BUSY
504,1,מ.ישראל,1,16,1,FREE
605,201,מ.ישראל,1,13,0,BUSY
605,201,מ.ישראל,1,16,1,BUSY
604,104,מ.ישראל,1,17,1,BUSY
604,104,מ.ישראל,1,19,0,BUSY
213,4,טבע,1,13,0,FREE
213,4,טבע,1,11,1,BUSY
105,4,סטודנטים,1,15,0,FREE
105,4,סטודנטים,1,14,0,BUSY
102,2,סטודנטים,1,13,0,BUSY
102,2,סטודנטים,1,9,0,FREE
105,5,סטודנטים,1,8,0,BUSY
105,5,סטודנטים,1,17,0,FREE
105,105,סטודנטים,1,19,0,BUSY
105,105,סטודנטים,1,11,1,BUSY
207,1,טבע,1,16,1,BUSY
207,1,טבע,1,15,1,BUSY
105,106,סטודנטים,1,13,1,BUSY
105,106,סטודנטים,1,9,0,FREE
404,115,יהדות,1,11,1,BUSY
404,115,יהדות,1,18,0,BUSY
403,101,יהדות,1,15,0,FREE
403,101,יהדות,1,11,0,FREE
404,102,יהדות,1,13,0,BUSY
404,102,יהדות,1,16,1,BUSY
105,6,סטודנטים,1,14,0,BUSY
105,6,סטודנטים,1,17,1,FREE
102,4,סטודנטים,1,10,1,BUSY
102,4,סטודנטים,1,12,1,BUSY
404,114,יהדות,1,9,1,BUSY
404,114,יהדות,1,13,1,BUSY
306,111,משפטים,1,17,1,BUSY
306,111,משפטים,1,16,1,BUSY
505,2,מ.ישראל,1,14,1,BUSY
505,2,מ.ישראל,1,13,1,BUSY
604,2,מ.ישראל,1,14,0,BUSY
604,2,מ.ישראל,1,8,0,FREE
605,61,מ.ישראל,1,16,1,BUSY
605,61,מ.ישראל,1,14,1,BUSY
410,125,יהדות,1,13,0,FREE
410,125,יהדות,1,9,1,BUSY
410,46,יהדות,1,16,1,BUSY
410,46,יהדות,1,11,0,FREE
403,66,יהדות,1,9,0,FREE
403,66,יהדות,1,15,1,BUSY
502,26,מ.ישראל,1,11,1,FREE
502,26,מ.ישראל,1,10,1,FREE
502,25,מ.ישראל,1,16,0,BUSY
502,25,מ.ישראל,1,13,1,BUSY
403,218,יהדות,1,19,0,FREE
403,218,יהדות,1,9,0,FREE
403,113,יהדות,1,15,1,BUSY
403,113,יהדות,1,14,1,BUSY
410,142,יהדות,1,19,0,FREE
410,142,יהדות,1,10,1,BUSY
505,61,מ.ישראל,1,14,1,BUSY
505,61,מ.ישראל,1,9,1,BUSY
505,11,מ.ישראל,1,18,0,FREE
505,11,מ.ישראל,1,15,0,FREE
605,105,מ.ישראל,1,15,0,FREE
605,105,מ.ישראל,1,9,1,BUSY
604,1,מ.ישראל,1,13,0,BUSY
604,1,מ.ישראל,1,16,0,FREE
507,14,מ.ישראל,1,9,0,FREE
507,14,מ.ישראל,1,11,0,FREE
605,4,מ.ישראל,1,13,0,BUSY
605,4,מ.ישראל,1,17,0,FREE
502,62,מ.ישראל,1,15,0,FREE
502,62,מ.ישראל,1,18,0,FREE
605,7,מ.ישראל,1,11,0,FREE
605,7,מ.ישראל,1,13,0,BUSY
507,206,מ.ישראל,1,19,1,BUSY
507,206,מ.ישראל,1,13,1,FREE
504,206,מ.ישראל,1,12,0,BUSY
504,206,מ.ישראל,1,14,0,FREE
508,103,מ.ישראל,1,18,0,FREE
508,103,מ.ישראל,1,9,0,FREE
507,106,מ.ישראל,1,9,0,FREE
507,106,מ.ישראל,1,10,1,BUSY
605,106,מ.ישראל,1,13,0,FREE
605,106,מ.ישראל,1,17,0,BUSY
507,108,מ.ישראל,1,17,1,BUSY
507,108,מ.ישראל,1,15,1,BUSY
505,108,מ.ישראל,1,11,0,FREE
505,108,מ.ישראל,1,17,0,FREE
505,102,מ.ישראל,1,14,1,BUSY
505,102,מ.ישראל,1,8,0,FREE
507,6,מ.ישראל,1,16,1,BUSY
507,6,מ.ישראל,1,18,1,BUSY
507,208,מ.ישראל,1,15,1,BUSY
507,208,מ.ישראל,1,19,1,BUSY
507,205,מ.ישראל,1,9,1,BUSY
507,205,מ.ישראל,1,15,0,FREE
507,3,מ.ישראל,1,12,1,FREE
507,3,מ.ישראל,1,18,1,BUSY
505,103,מ.ישראל,1,15,1,BUSY
505,103,מ.ישראל,1,13,0,FREE
507,209,מ.ישראל,1,19,1,BUSY
507,209,מ.ישראל,1,8,1,BUSY
507,202,מ.ישראל,1,17,1,BUSY
507,202,מ.ישראל,1,18,0,BUSY
605,103,מ.ישראל,1,14,1,FREE
605,103,מ.ישראל,1,16,1,BUSY
403,2,יהדות,1,9,1,BUSY
403,2,יהדות,1,10,1,BUSY
507,104,מ.ישראל,1,16,1,BUSY
507,104,מ.ישראל,1,8,1,BUSY
507,5,מ.ישראל,1,15,0,FREE
507,5,מ.ישראל,1,8,0,BUSY
507,203,מ.ישראל,1,19,1,BUSY
507,203,מ.ישראל,1,12,1,BUSY
305,132,משפטים,1,11,0,FREE
305,132,משפטים,1,15,0,FREE
902,101,חברה,1,16,1,BUSY
902,101,חברה,1,18,1,BUSY
902,104,חברה,1,11,1,BUSY
902,104,חברה,1,18,0,FREE
1005,112,רוח,1,12,0,FREE
1005,112,רוח,1,8,0,FREE
605,65,מ.ישראל,1,13,1,BUSY
605,65,מ.ישראל,1,19,1,FREE
905,116,חברה,1,16,0,FREE
905,116,חברה,1,15,1,FREE
203,226,טבע,1,10,1,BUSY
203,226,טבע,1,12,1,BUSY
902,202,חברה,1,14,1,BUSY
902,202,חברה,1,11,1,BUSY
902,102,חברה,1,8,0,BUSY
902,102,חברה,1,17,1,BUSY
1002,201,רוח,1,14,1,FREE
1002,201,רוח,1,12,1,BUSY
605,12,מ.ישראל,1,17,1,BUSY
605,12,מ.ישראל,1,13,1,BUSY
502,30,מ.ישראל,1,15,0,FREE
502,30,מ.ישראל,1,18,0,FREE
504,63,מ.ישראל,1,13,0,BUSY
504,63,מ.ישראל,1,16,0,BUSY
507,13,מ.ישראל,1,17,0,BUSY
507,13,מ.ישראל,1,19,0,BUSY
507,105,מ.ישראל,1,18,1,FREE
507,105,מ.ישראל,1,19,1,BUSY
604,103,מ.ישראל,1,16,1,BUSY
604,103,מ.ישראל,1,13,1,BUSY
410,26,יהדות,1,19,0,FREE
410,26,יהדות,1,13,1,BUSY
410,6,יהדות,1,16,0,FREE
410,6,יהדות,1,9,0,FREE
404,66,יהדות,1,9,0,FREE
404,66,יהדות,1,18,0,FREE
605,64,מ.ישראל,1,19,1,BUSY
605,64,מ.ישראל,1,14,1,BUSY
505,64,מ.ישראל,1,11,1,BUSY
505,64,מ.ישראל,1,18,0,FREE
403,115,יהדות,1,8,0,FREE
403,115,יהדות,1,13,0,BUSY
404,67,יהדות,1,9,0,FREE
404,67,יהדות,1,18,0,FREE
1005,111,רוח,1,15,1,BUSY
1005,111,רוח,1,11,1,FREE
1004,305,רוח,1,13,1,BUSY
1004,305,רוח,1,10,0,FREE
404,101,יהדות,1,8,1,BUSY
404,101,יהדות,1,15,0,BUSY
1002,305,רוח,1,19,0,FREE
1002,305,רוח,1,16,1,BUSY
504,208,מ.ישראל,1,15,0,BUSY
504,208,מ.ישראל,1,13,0,FREE
211,112,טבע,1,10,1,BUSY
211,112,טבע,1,12,1,BUSY
305,63,משפטים,1,12,0,FREE
305,63,משפטים,1,16,0,FREE
306,112,משפטים,1,10,0,FREE
306,112,משפטים,1,14,0,FREE
211,106,טבע,1,19,0,FREE
211,106,טבע,1,12,0,FREE
207,201,טבע,1,10,0,BUSY
207,201,טבע,1,17,0,FREE
305,101,משפטים,1,16,0,FREE
305,101,משפטים,1,8,0,FREE
403,61,יהדות,1,9,0,FREE
403,61,יהדות,1,14,0,BUSY
202,202,טבע,1,14,0,BUSY
202,202,טבע,1,18,0,FREE
203,106,טבע,1,10,0,BUSY
203,106,טבע,1,9,0,FREE
203,112,טבע,1,9,0,BUSY
203,112,טבע,1,15,0,FREE
105,112,סטודנטים,1,10,0,FREE
105,112,סטודנטים,1,11,0,FREE
207,6,טבע,1,10,0,BUSY
207,6,טבע,1,18,0,FREE
207,4,טבע,1,19,0,FREE
207,4,טבע,1,10,0,FREE
207,101,טבע,1,12,0,FREE
207,101,טבע,1,11,0,FREE
604,6,מ.ישראל,1,10,0,BUSY
604,6,מ.ישראל,1,15,0,BUSY
211,22,nan,1,11,1,BUSY
211,22,nan,1,14,0,FREE
211,4,טבע,1,19,0,FREE
211,4,טבע,1,9,0,BUSY
507,7,מ.ישראל,1,8,1,BUSY
507,7,מ.ישראל,1,10,1,BUSY
1401,3,nan,1,12,1,BUSY
1401,3,nan,1,19,0,FREE
905,63,חברה,1,18,1,BUSY
905,63,חברה,1,17,1,BUSY
901,61,חברה,1,17,1,FREE
901,61,חברה,1,12,1,BUSY
403,69,מינץ,1,18,1,BUSY
403,69,מינץ,1,10,1,BUSY
1401,63,nan,1,12,0,BUSY
1401,63,nan,1,10,1,BUSY
1401,1,nan,1,17,0,FREE
1401,1,nan,1,16,0,FREE
507,1,מ.ישראל,1,14,0,FREE
507,1,מ.ישראל,1,12,1,BUSY
905,62,חברה,1,15,1,BUSY
905,62,חברה,1,18,1,FREE
504,10,מ.ישראל,1,12,0,FREE
504,10,מ.ישראל,1,11,0,BUSY
505,202,מ.ישראל,1,15,1,BUSY
505,202,מ.ישראל,1,9,0,FREE
1002,102,רוח,1,11,1,BUSY
1002,102,רוח,1,9,0,FREE
410,226,יהדות,1,19,0,FREE
410,226,יהדות,1,18,0,FREE
410,225,יהדות,1,8,1,BUSY
410,225,יהדות,1,11,1,BUSY
1004,407,רוח,1,18,0,FREE
1004,407,רוח,1,10,0,FREE
1004,402,רוח,1,14,1,BUSY
1004,402,רוח,1,11,1,BUSY
505,65,מ.ישראל,1,16,0,FREE
505,65,מ.ישראל,1,18,0,BUSY
505,204,מ.ישראל,1,16,1,BUSY
505,204,מ.ישראל,1,14,1,BUSY
304,1,משפטים,1,13,1,BUSY
304,1,משפטים,1,18,0,FREE
605,63,מ.ישראל,1,15,1,BUSY
605,63,מ.ישראל,1,12,1,FREE
305,10,משפטים,1,15,1,BUSY
305,10,משפטים,1,17,0,FREE
304,61,משפטים,1,12,0,FREE
304,61,משפטים,1,17,0,BUSY
604,202,מ.ישראל,1,19,0,BUSY
604,202,מ.ישראל,1,18,0,FREE
211,25,nan,1,10,1,BUSY
211,25,nan,1,13,1,BUSY
304,25,משפטים,1,16,0,FREE
304,25,משפטים,1,11,0,FREE
1105,53,הנדסה,1,17,1,BUSY
1105,53,הנדסה,1,19,0,FREE
1401,53,nan,1,10,0,BUSY
1401,53,nan,1,15,1,BUSY
305,2,משפטים,1,18,0,FREE
305,2,משפטים,1,11,0,FREE
305,4,משפטים,1,16,1,BUSY
305,4,משפטים,1,18,1,BUSY
502,23,מ.ישראל,1,17,1,BUSY
502,23,מ.ישראל,1,9,0,FREE
503,1,מ.ישראל,1,18,1,BUSY
503,1,מ.ישראל,1,19,0,FREE
404,113,יהדות,1,13,1,BUSY
404,113,יהדות,1,18,0,BUSY
404,201,יהדות,1,18,1,BUSY
404,201,יהדות,1,19,1,BUSY
505,203,מ.ישראל,1,9,0,FREE
505,203,מ.ישראל,1,12,0,BUSY
1005,19,רוח,1,8,0,FREE
1005,19,רוח,1,14,0,FREE
1005,108,רוח,1,19,0,FREE
1005,108,רוח,1,9,0,FREE
1005,201,רוח,1,13,1,BUSY
1005,201,רוח,1,16,1,FREE
1005,209,רוח,1,15,1,FREE
1005,209,רוח,1,14,1,BUSY
1005,207,רוח,1,19,1,BUSY
1005,207,רוח,1,16,1,BUSY
1005,203,רוח,1,14,0,BUSY
1005,203,רוח,1,19,0,FREE
604,201,מ.ישראל,1,19,0,BUSY
604,201,מ.ישראל,1,11,0,FREE
305,105,משפטים,1,18,0,FREE
305,105,משפטים,1,12,1,BUSY
507,37,מ.ישראל,1,19,0,FREE
507,37,מ.ישראל,1,14,0,BUSY
1104,42,הנדסה,1,10,1,BUSY
1104,42,הנדסה,1,15,1,BUSY
1105,42,הנדסה,1,13,0,FREE
1105,42,הנדסה,1,12,0,BUSY
1103,22,הנדסה,1,18,1,BUSY
1103,22,הנדסה,1,12,1,BUSY
902,9,חברה,1,14,1,BUSY
902,9,חברה,1,13,1,BUSY
304,9,משפטים,1,15,0,FREE
304,9,משפטים,1,9,0,FREE
1105,271,הנדסה,1,11,1,BUSY
1105,271,הנדסה,1,15,1,BUSY
1104,271,הנדסה,1,18,0,BUSY
1104,271,הנדסה,1,17,0,FREE
507,61,מ.ישראל,1,14,0,BUSY
507,61,מ.ישראל,1,9,0,BUSY
213,304,טבע,1,10,1,BUSY
213,304,טבע,1,16,1,BUSY
213,320,טבע,1,17,0,FREE
213,320,טבע,1,11,0,BUSY
1004,203,רוח,1,18,0,FREE
1004,203,רוח,1,14,0,FREE
1004,212,רוח,1,18,1,BUSY
1004,212,רוח,1,12,1,BUSY
410,328,יהדות,1,9,0,BUSY
410,328,יהדות,1,19,0,FREE
410,332,יהדות,1,8,0,FREE
410,332,יהדות,1,11,0,FREE
604,204,מ.ישראל,1,15,0,FREE
604,204,מ.ישראל,1,16,0,FREE
1002,203,רוח,1,9,0,FREE
1002,203,רוח,1,11,1,BUSY
202,301,טבע,1,18,1,BUSY
202,301,טבע,1,11,1,FREE
203,4,טבע,1,10,0,BUSY
203,4,טבע,1,16,0,FREE
202,221,טבע,1,10,0,BUSY
202,221,טבע,1,14,0,FREE
202,205,טבע,1,15,0,FREE
202,205,טבע,1,17,0,FREE
202,304,טבע,1,10,1,BUSY
202,304,טבע,1,16,0,BUSY
202,505,טבע,1,17,1,FREE
202,505,טבע,1,13,0,FREE
202,203,טבע,1,10,1,BUSY
202,203,טבע,1,9,1,BUSY
202,303,טבע,1,9,0,FREE
202,303,טבע,1,17,1,BUSY
202,201,טבע,1,15,0,FREE
202,201,טבע,1,8,0,BUSY
202,204,טבע,1,10,0,FREE
202,204,טבע,1,16,1,BUSY
505,505,מ.ישראל,1,19,0,FREE
505,505,מ.ישראל,1,16,0,FREE
902,301,חברה,1,8,1,BUSY
902,301,חברה,1,19,0,FREE
902,12,חברה,1,16,1,BUSY
902,12,חברה,1,10,1,BUSY
902,107,חברה,1,10,1,FREE
902,107,חברה,1,18,1,BUSY
905,217,חברה,1,12,1,FREE
905,217,חברה,1,16,1,BUSY
902,217,חברה,1,8,0,FREE
902,217,חברה,1,13,0,FREE
902,110,חברה,1,9,0,FREE
902,110,חברה,1,8,0,FREE
902,109,חברה,1,13,1,BUSY
902,109,חברה,1,17,0,FREE
507,23,מ.ישראל,1,12,0,FREE
507,23,מ.ישראל,1,10,0,FREE
1004,406,רוח,1,9,0,FREE
1004,406,רוח,1,10,0,FREE
1105,368,הנדסה,1,17,1,BUSY
1105,368,הנדסה,1,11,1,BUSY
1102,2,הנדסה,1,18,1,BUSY
1102,2,הנדסה,1,13,1,BUSY
1104,244,הנדסה,1,16,1,BUSY
1104,244,הנדסה,1,13,1,BUSY
1104,249,הנדסה,1,9,1,BUSY
1104,249,הנדסה,1,12,1,BUSY
1104,243,הנדסה,1,17,1,FREE
1104,243,הנדסה,1,16,1,BUSY
1103,42,הנדסה,1,10,1,BUSY
1103,42,הנדסה,1,12,1,BUSY
1401,4,nan,1,19,1,BUSY
1401,4,nan,1,16,0,FREE
1105,3,הנדסה,1,16,0,FREE
1105,3,הנדסה,1,13,0,FREE
1102,4,הנדסה,1,9,0,BUSY
1102,4,הנדסה,1,16,0,BUSY
A1300,2,מעונות,1,10,1,BUSY
A1300,2,מעונות,1,12,1,FREE
A1300,1,מעונות,1,19,1,BUSY
A1300,1,מעונות,1,11,1,BUSY
901,4,חברה,1,17,0,FREE
901,4,חברה,1,11,0,FREE
1103,223,הנדסה,1,18,1,FREE
1103,223,הנדסה,1,9,0,BUSY
1102,205,הנדסה,1,16,0,BUSY
1102,205,הנדסה,1,13,0,BUSY
1105,366,הנדסה,1,10,0,BUSY
1105,366,הנדסה,1,15,0,FREE
1104,344,הנדסה,1,9,1,BUSY
1104,344,הנדסה,1,10,1,FREE
1104,347,הנדסה,1,14,1,BUSY
1104,347,הנדסה,1,16,0,FREE
1103,224,הנדסה,1,17,0,BUSY
1103,224,הנדסה,1,10,0,FREE
1002,112,רוח,1,16,0,FREE
1002,112,רוח,1,11,0,FREE
905,119,חברה,1,12,1,BUSY
905,119,חברה,1,13,1,BUSY
905,118,חברה,1,15,1,BUSY
905,118,חברה,1,14,1,BUSY
905,319,חברה,1,15,1,BUSY
905,319,חברה,1,17,0,FREE
905,418,חברה,1,8,1,BUSY
905,418,חברה,1,17,0,FREE
905,416,חברה,1,16,0,FREE
905,416,חברה,1,17,0,FREE
905,211,חברה,1,11,0,FREE
905,211,חברה,1,18,0,FREE
905,321,חברה,1,9,0,BUSY
905,321,חברה,1,16,1,BUSY
905,311,חברה,1,9,0,FREE
905,311,חברה,1,16,0,FREE
905,2,חברה,1,16,0,BUSY
905,2,חברה,1,18,0,BUSY
905,317,חברה,1,14,0,FREE
905,317,חברה,1,18,1,BUSY
502,63,מ.ישראל,1,18,0,FREE
502,63,מ.ישראל,1,16,0,FREE
212,214,טבע,1,10,0,BUSY
212,214,טבע,1,18,0,FREE
211,21,nan,1,19,0,FREE
211,21,nan,1,14,0,BUSY
211,17,nan,1,13,1,BUSY
211,17,nan,1,12,1,BUSY
505,7,מ.ישראל,1,13,0,BUSY
505,7,מ.ישראל,1,10,0,FREE
212,212,nan,1,15,0,FREE
212,212,nan,1,9,0,FREE
212,1,טבע,1,11,1,FREE
212,1,טבע,1,10,1,BUSY
304,4,משפטים,1,12,0,FREE
304,4,משפטים,1,11,0,FREE
403,3,יהדות,1,11,0,FREE
403,3,יהדות,1,8,0,FREE
905,25,חברה,1,17,0,BUSY
905,25,חברה,1,15,0,FREE
212,310,טבע,1,9,0,BUSY
212,310,טבע,1,8,0,BUSY
212,1,nan,1,11,1,BUSY
212,1,nan,1,19,0,FREE
212,3,טבע,1,10,0,BUSY
212,3,טבע,1,9,0,FREE
212,21,nan,1,8,1,BUSY
212,21,nan,1,17,0,FREE
203,212,טבע,1,8,0,BUSY
203,212,טבע,1,16,0,FREE
304,69,משפטים,1,10,0,FREE
304,69,משפטים,1,14,0,FREE
305,11,משפטים,1,9,1,BUSY
305,11,משפטים,1,17,1,BUSY
901,11,חברה,1,19,0,FREE
901,11,חברה,1,8,0,FREE
211,3,nan,1,10,0,FREE
211,3,nan,1,15,0,FREE
213,61,טבע,1,17,1,BUSY
213,61,טבע,1,10,0,BUSY
211,9,nan,1,8,0,FREE
211,9,nan,1,9,0,FREE
902,1,חברה,1,16,0,FREE
902,1,חברה,1,9,0,FREE
304,7,משפטים,1,9,0,FREE
304,7,משפטים,1,14,0,BUSY
403,1,מינץ,1,16,0,FREE
403,1,מינץ,1,8,0,FREE
211,7,nan,1,9,0,FREE
211,7,nan,1,13,0,FREE
501,11,מ.ישראל,1,16,0,FREE
501,11,מ.ישראל,1,15,0,BUSY
507,11,מ.ישראל,1,17,0,FREE
507,11,מ.ישראל,1,14,0,FREE
1401,7,nan,1,16,0,FREE
1401,7,nan,1,10,0,FREE
211,63,nan,1,17,0,FREE
211,63,nan,1,16,0,FREE
105,134,סטודנטים,1,19,0,FREE
105,134,סטודנטים,1,15,0,BUSY
305,3,משפטים,1,10,0,FREE
305,3,משפטים,1,15,0,BUSY
404,133,יהדות,1,16,0,FREE
404,133,יהדות,1,11,0,FREE
306,1,משפטים,1,14,0,BUSY
306,1,משפטים,1,10,0,FREE
304,132,משפטים,1,16,0,FREE
304,132,משפטים,1,13,0,FREE
105,132,סטודנטים,1,13,0,FREE
105,132,סטודנטים,1,15,0,FREE
404,134,יהדות,1,12,0,FREE
404,134,יהדות,1,17,0,FREE
404,65,יהדות,1,9,0,FREE
404,65,יהדות,1,17,0,FREE
102,133,סטודנטים,1,13,0,FREE
102,133,סטודנטים,1,14,0,FREE
305,104,משפטים,1,10,0,FREE
305,104,משפטים,1,13,0,FREE
507,10,מ.ישראל,1,19,0,BUSY
507,10,מ.ישראל,1,14,0,BUSY
507,62,מ.ישראל,1,14,0,BUSY
507,62,מ.ישראל,1,18,0,BUSY
604,309,מ.ישראל,1,10,0,FREE
604,309,מ.ישראל,1,11,0,FREE
901,101,חברה,1,13,1,BUSY
901,101,חברה,1,11,1,BUSY
901,102,חברה,1,15,1,FREE
901,102,חברה,1,17,0,FREE
301,202,פלדמן,1,16,0,FREE
301,202,פלדמן,1,9,0,FREE
905,104,חברה,1,16,0,BUSY
905,104,חברה,1,14,0,FREE
507,107,מ.ישראל,2,14,1,BUSY
507,107,מ.ישראל,2,18,1,BUSY
905,61,חברה,2,12,0,FREE
905,61,חברה,2,13,1,BUSY
1401,2,nan,2,15,0,FREE
1401,2,nan,2,10,0,FREE
402,63,יהדות,2,14,1,BUSY
402,63,יהדות,2,15,1,BUSY
203,221,טבע,2,17,0,FREE
203,221,טבע,2,8,0,BUSY
1002,1,רוח,2,19,0,FREE
1002,1,רוח,2,12,1,BUSY
604,63,מ.ישראל,2,17,1,BUSY
604,63,מ.ישראל,2,13,1,BUSY
604,64,מ.ישראל,2,14,1,BUSY
604,64,מ.ישראל,2,16,1,BUSY
604,105,מ.ישראל,2,13,1,BUSY
604,105,מ.ישראל,2,17,1,BUSY
403,211,יהדות,2,18,0,FREE
403,211,יהדות,2,17,0,FREE
604,102,מ.ישראל,2,15,1,BUSY
604,102,מ.ישראל,2,18,1,BUSY
403,217,יהדות,2,8,0,FREE
403,217,יהדות,2,17,0,FREE
305,133,משפטים,2,18,1,BUSY
305,133,משפטים,2,13,0,FREE
504,2,מ.ישראל,2,14,1,BUSY
504,2,מ.ישראל,2,12,1,FREE
507,102,מ.ישראל,2,13,1,BUSY
507,102,מ.ישראל,2,14,1,BUSY
604,62,מ.ישראל,2,17,0,FREE
604,62,מ.ישראל,2,19,0,BUSY
1002,405,רוח,2,13,0,FREE
1002,405,רוח,2,19,0,BUSY
902,210,חברה,2,8,0,FREE
902,210,חברה,2,15,0,BUSY
508,7,מ.ישראל,2,14,1,BUSY
508,7,מ.ישראל,2,18,0,FREE
502,8,מ.ישראל,2,10,1,BUSY
502,8,מ.ישראל,2,12,1,BUSY
605,104,מ.ישראל,2,19,1,BUSY
605,104,מ.ישראל,2,14,1,BUSY
1002,61,רוח,2,17,1,BUSY
1002,61,רוח,2,9,1,BUSY
507,4,מ.ישראל,2,10,1,BUSY
507,4,מ.ישראל,2,14,1,BUSY
504,4,מ.ישראל,2,17,1,BUSY
504,4,מ.ישראל,2,15,1,BUSY
1002,202,רוח,2,12,1,BUSY
1002,202,רוח,2,18,0,FREE
502,6,מ.ישראל,2,19,1,BUSY
502,6,מ.ישראל,2,10,0,BUSY
502,7,מ.ישראל,2,13,0,BUSY
502,7,מ.ישראל,2,12,0,FREE
505,4,מ.ישראל,2,16,1,BUSY
505,4,מ.ישראל,2,17,1,BUSY
502,9,מ.ישראל,2,19,1,BUSY
502,9,מ.ישראל,2,15,1,FREE
1005,109,רוח,2,19,0,FREE
1005,109,רוח,2,10,1,FREE
902,103,חברה,2,14,1,BUSY
902,103,חברה,2,13,1,BUSY
502,37,מ.ישראל,2,13,0,BUSY
502,37,מ.ישראל,2,8,0,BUSY
902,201,חברה,2,13,1,BUSY
902,201,חברה,2,9,0,FREE
604,205,מ.ישראל,2,19,1,BUSY
604,205,מ.ישראל,2,13,0,BUSY
505,63,מ.ישראל,2,10,1,BUSY
505,63,מ.ישראל,2,16,1,BUSY
504,5,מ.ישראל,2,19,1,BUSY
504,5,מ.ישראל,2,17,1,BUSY
305,5,משפטים,2,12,0,FREE
305,5,משפטים,2,8,0,FREE
605,14,מ.ישראל,2,19,1,FREE
605,14,מ.ישראל,2,18,1,BUSY
505,105,מ.ישראל,2,11,1,FREE
505,105,מ.ישראל,2,18,1,BUSY
502,24,מ.ישראל,2,8,0,FREE
502,24,מ.ישראל,2,19,0,BUSY
505,5,מ.ישראל,2,12,1,BUSY
505,5,מ.ישראל,2,13,1,BUSY
404,68,יהדות,2,16,0,FREE
404,68,יהדות,2,13,1,BUSY
305,134,משפטים,2,12,1,BUSY
305,134,משפטים,2,15,1,BUSY
105,103,סטודנטים,2,10,0,FREE
105,103,סטודנטים,2,18,0,FREE
105,104,סטודנטים,2,8,0,FREE
105,104,סטודנטים,2,14,1,BUSY
105,101,סטודנטים,2,9,1,BUSY
105,101,סטודנטים,2,14,1,BUSY
105,102,סטודנטים,2,9,0,BUSY
105,102,סטודנטים,2,8,0,FREE
105,1,סטודנטים,2,11,1,BUSY
105,1,סטודנטים,2,17,1,BUSY
304,3,משפטים,2,15,1,BUSY
304,3,משפטים,2,19,1,BUSY
305,6,משפטים,2,13,1,BUSY
305,6,משפטים,2,8,0,FREE
105,61,סטודנטים,2,9,1,BUSY
105,61,סטודנטים,2,13,1,BUSY
105,2,סטודנטים,2,19,0,FREE
105,2,סטודנטים,2,10,1,BUSY
304,2,משפטים,2,14,1,FREE
304,2,משפטים,2,12,1,BUSY
105,3,סטודנטים,2,9,0,FREE
105,3,סטודנטים,2,11,0,BUSY
605,101,מ.ישראל,2,11,1,BUSY
605,101,מ.ישראל,2,19,1,BUSY
605,102,מ.ישראל,2,9,1,BUSY
605,102,מ.ישראל,2,19,1,BUSY
604,11,מ.ישראל,2,18,0,BUSY
604,11,מ.ישראל,2,16,0,FREE
605,11,מ.ישראל,2,11,0,FREE
605,11,מ.ישראל,2,8,1,BUSY
604,12,מ.ישראל,2,18,1,BUSY
604,12,מ.ישראל,2,17,1,BUSY
504,6,מ.ישראל,2,15,1,BUSY
504,6,מ.ישראל,2,18,1,BUSY
605,202,מ.ישראל,2,11,0,FREE
605,202,מ.ישראל,2,12,0,BUSY
604,14,מ.ישראל,2,15,0,FREE
604,14,מ.ישראל,2,12,0,FREE
507,101,מ.ישראל,2,13,1,BUSY
507,101,מ.ישראל,2,15,1,BUSY
507,103,מ.ישראל,2,9,1,FREE
507,103,מ.ישראל,2,19,1,BUSY
504,7,מ.ישראל,2,13,1,BUSY
504,7,מ.ישראל,2,15,1,FREE
604,13,מ.ישראל,2,11,1,BUSY
604,13,מ.ישראל,2,18,1,FREE
505,1,מ.ישראל,2,17,1,BUSY
505,1,מ.ישראל,2,11,1,BUSY
504,3,מ.ישראל,2,8,0,FREE
504,3,מ.ישראל,2,9,0,FREE
604,101,מ.ישראל,2,17,1,BUSY
604,101,מ.ישראל,2,11,1,BUSY
507,201,מ.ישראל,2,8,0,FREE
507,201,מ.ישראל,2,16,1,BUSY
403,67,יהדות,2,15,0,FREE
403,67,יהדות,2,14,0,FREE
507,204,מ.ישראל,2,14,1,FREE
507,204,מ.ישראל,2,19,1,BUSY
505,106,מ.ישראל,2,18,1,BUSY
505,106,מ.ישראל,2,12,1,BUSY
505,62,מ.ישראל,2,18,1,BUSY
505,62,מ.ישראל,2,11,1,BUSY
505,104,מ.ישראל,2,14,1,FREE
505,104,מ.ישראל,2,17,1,BUSY
605,13,מ.ישראל,2,19,1,BUSY
605,13,מ.ישראל,2,8,1,FREE
501,25,מ.ישראל,2,8,1,BUSY
501,25,מ.ישראל,2,13,1,BUSY
505,201,מ.ישראל,2,10,1,FREE
505,201,מ.ישראל,2,17,0,FREE
505,3,מ.ישראל,2,18,1,BUSY
505,3,מ.ישראל,2,19,1,BUSY
507,207,מ.ישראל,2,14,1,BUSY
507,207,מ.ישראל,2,13,1,BUSY
604,61,מ.ישראל,2,14,1,FREE
604,61,מ.ישראל,2,9,0,FREE
507,2,מ.ישראל,2,14,1,BUSY
507,2,מ.ישראל,2,17,1,BUSY
505,101,מ.ישראל,2,17,1,BUSY
505,101,מ.ישראל,2,15,1,BUSY
905,417,חברה,2,14,1,BUSY
905,417,חברה,2,16,1,BUSY
504,1,מ.ישראל,2,17,1,BUSY
504,1,מ.ישראל,2,18,1,FREE
605,201,מ.ישראל,2,11,1,FREE
605,201,מ.ישראל,2,18,1,BUSY
604,104,מ.ישראל,2,14,1,BUSY
604,104,מ.ישראל,2,19,1,BUSY
213,4,טבע,2,13,1,FREE
213,4,טבע,2,15,1,BUSY
105,4,סטודנטים,2,15,1,BUSY
105,4,סטודנטים,2,11,1,FREE
102,2,סטודנטים,2,18,0,FREE
102,2,סטודנטים,2,16,1,BUSY
105,5,סטודנטים,2,15,1,FREE
105,5,סטודנטים,2,14,1,BUSY
105,105,סטודנטים,2,8,1,BUSY
105,105,סטודנטים,2,19,1,BUSY
207,1,טבע,2,10,1,BUSY
207,1,טבע,2,15,1,BUSY
105,106,סטודנטים,2,11,0,FREE
105,106,סטודנטים,2,16,1,BUSY
404,115,יהדות,2,14,1,BUSY
404,115,יהדות,2,18,1,BUSY
403,101,יהדות,2,11,1,BUSY
403,101,יהדות,2,14,1,BUSY
404,102,יהדות,2,18,1,BUSY
404,102,יהדות,2,9,1,BUSY
105,6,סטודנטים,2,17,0,FREE
105,6,סטודנטים,2,16,0,FREE
102,4,סטודנטים,2,15,1,BUSY
102,4,סטודנטים,2,10,0,BUSY
404,114,יהדות,2,19,0,FREE
404,114,יהדות,2,13,1,BUSY
306,111,משפטים,2,15,1,FREE
306,111,משפטים,2,19,1,BUSY
505,2,מ.ישראל,2,15,1,BUSY
505,2,מ.ישראל,2,18,1,BUSY
604,2,מ.ישראל,2,19,0,FREE
604,2,מ.ישראל,2,12,0,FREE
605,61,מ.ישראל,2,15,1,BUSY
605,61,מ.ישראל,2,10,1,BUSY
410,125,יהדות,2,14,1,FREE
410,125,יהדות,2,15,1,FREE
410,46,יהדות,2,12,1,BUSY
410,46,יהדות,2,19,1,BUSY
403,66,יהדות,2,14,1,BUSY
403,66,יהדות,2,18,0,BUSY
502,26,מ.ישראל,2,15,1,BUSY
502,26,מ.ישראל,2,13,1,BUSY
502,25,מ.ישראל,2,19,0,BUSY
502,25,מ.ישראל,2,17,1,BUSY
403,218,יהדות,2,10,0,FREE
403,218,יהדות,2,12,0,BUSY
403,113,יהדות,2,9,0,FREE
403,113,יהדות,2,19,0,BUSY
410,142,יהדות,2,19,1,BUSY
410,142,יהדות,2,17,1,BUSY
505,61,מ.ישראל,2,12,1,FREE
505,61,מ.ישראל,2,15,1,FREE
505,11,מ.ישראל,2,10,0,FREE
505,11,מ.ישראל,2,17,0,FREE
605,105,מ.ישראל,2,13,1,BUSY
605,105,מ.ישראל,2,17,1,BUSY
604,1,מ.ישראל,2,8,0,FREE
604,1,מ.ישראל,2,19,0,FREE
507,14,מ.ישראל,2,10,1,BUSY
507,14,מ.ישראל,2,14,1,BUSY
605,4,מ.ישראל,2,13,0,BUSY
605,4,מ.ישראל,2,11,0,FREE
502,62,מ.ישראל,2,8,0,FREE
502,62,מ.ישראל,2,10,0,FREE
605,7,מ.ישראל,2,16,0,FREE
605,7,מ.ישראל,2,12,0,BUSY
507,206,מ.ישראל,2,19,1,BUSY
507,206,מ.ישראל,2,15,1,BUSY
504,206,מ.ישראל,2,17,0,FREE
504,206,מ.ישראל,2,10,0,BUSY
508,103,מ.ישראל,2,19,1,BUSY
508,103,מ.ישראל,2,12,0,FREE
507,106,מ.ישראל,2,17,1,BUSY
507,106,מ.ישראל,2,18,0,FREE
605,106,מ.ישראל,2,16,0,FREE
605,106,מ.ישראל,2,10,0,FREE
507,108,מ.ישראל,2,11,1,BUSY
507,108,מ.ישראל,2,10,1,BUSY
505,108,מ.ישראל,2,15,0,FREE
505,108,מ.ישראל,2,9,0,FREE
505,102,מ.ישראל,2,14,1,BUSY
505,102,מ.ישראל,2,10,1,BUSY
507,6,מ.ישראל,2,19,1,FREE
507,6,מ.ישראל,2,16,1,BUSY
507,208,מ.ישראל,2,14,0,FREE
507,208,מ.ישראל,2,10,1,BUSY
507,205,מ.ישראל,2,15,1,BUSY
507,205,מ.ישראל,2,14,1,BUSY
507,3,מ.ישראל,2,17,1,FREE
507,3,מ.ישראל,2,9,1,BUSY
505,103,מ.ישראל,2,11,1,BUSY
505,103,מ.ישראל,2,15,1,FREE
507,209,מ.ישראל,2,18,1,BUSY
507,209,מ.ישראל,2,14,1,BUSY
507,202,מ.ישראל,2,19,1,BUSY
507,202,מ.ישראל,2,13,1,BUSY
605,103,מ.ישראל,2,9,1,BUSY
605,103,מ.ישראל,2,14,0,BUSY
403,2,יהדות,2,17,0,FREE
403,2,יהדות,2,9,1,FREE
507,104,מ.ישראל,2,8,1,BUSY
507,104,מ.ישראל,2,16,1,BUSY
507,5,מ.ישראל,2,14,1,BUSY
507,5,מ.ישראל,2,9,1,BUSY
507,203,מ.ישראל,2,11,1,BUSY
507,203,מ.ישראל,2,16,0,FREE
305,132,משפטים,2,16,1,BUSY
305,132,משפטים,2,18,1,BUSY
902,101,חברה,2,15,1,BUSY
902,101,חברה,2,16,1,BUSY
902,104,חברה,2,19,1,BUSY
902,104,חברה,2,11,1,BUSY
1005,112,רוח,2,12,0,FREE
1005,112,רוח,2,11,1,BUSY
605,65,מ.ישראל,2,15,1,BUSY
605,65,מ.ישראל,2,14,1,BUSY
905,116,חברה,2,8,0,BUSY
905,116,חברה,2,9,0,FREE
203,226,טבע,2,18,0,BUSY
203,226,טבע,2,9,0,FREE
902,202,חברה,2,16,1,BUSY
902,202,חברה,2,13,1,BUSY
902,102,חברה,2,17,0,BUSY
902,102,חברה,2,9,1,BUSY
1002,201,רוח,2,12,1,FREE
1002,201,רוח,2,11,1,BUSY
605,12,מ.ישראל,2,8,1,BUSY
605,12,מ.ישראל,2,14,1,BUSY
502,30,מ.ישראל,2,14,1,BUSY
502,30,מ.ישראל,2,8,0,BUSY
504,63,מ.ישראל,2,14,0,FREE
504,63,מ.ישראל,2,19,0,BUSY
507,13,מ.ישראל,2,10,0,BUSY
507,13,מ.ישראל,2,9,0,FREE
507,105,מ.ישראל,2,16,1,BUSY
507,105,מ.ישראל,2,12,1,BUSY
604,103,מ.ישראל,2,14,1,BUSY
604,103,מ.ישראל,2,18,1,FREE
410,26,יהדות,2,13,0,FREE
410,26,יהדות,2,16,1,BUSY
410,6,יהדות,2,17,1,BUSY
410,6,יהדות,2,12,1,BUSY
404,66,יהדות,2,10,0,FREE
404,66,יהדות,2,11,0,FREE
605,64,מ.ישראל,2,14,1,BUSY
605,64,מ.ישראל,2,17,1,BUSY
505,64,מ.ישראל,2,14,0,FREE
505,64,מ.ישראל,2,12,0,FREE
403,115,יהדות,2,11,0,FREE
403,115,יהדות,2,10,0,FREE
404,67,יהדות,2,12,0,FREE
404,67,יהדות,2,9,0,FREE
1005,111,רוח,2,9,1,BUSY
1005,111,רוח,2,14,1,BUSY
1004,305,רוח,2,10,0,FREE
1004,305,רוח,2,8,0,FREE
404,101,יהדות,2,19,1,BUSY
404,101,יהדות,2,17,1,BUSY
1002,305,רוח,2,13,1,BUSY
1002,305,רוח,2,18,1,BUSY
504,208,מ.ישראל,2,17,0,FREE
504,208,מ.ישראל,2,12,0,FREE
211,112,טבע,2,8,0,BUSY
211,112,טבע,2,16,1,BUSY
305,63,משפטים,2,10,0,FREE
305,63,משפטים,2,12,0,FREE
306,112,משפטים,2,10,0,FREE
306,112,משפטים,2,11,0,FREE
211,106,טבע,2,16,0,FREE
211,106,טבע,2,19,0,FREE
207,201,טבע,2,12,1,BUSY
207,201,טבע,2,14,1,BUSY
305,101,משפטים,2,16,0,FREE
305,101,משפטים,2,15,0,FREE
403,61,יהדות,2,10,0,FREE
403,61,יהדות,2,16,0,FREE
202,202,טבע,2,12,0,BUSY
202,202,טבע,2,18,1,BUSY
203,106,טבע,2,8,0,FREE
203,106,טבע,2,13,0,FREE
203,112,טבע,2,18,0,BUSY
203,112,טבע,2,10,1,BUSY
105,112,סטודנטים,2,15,0,FREE
105,112,סטודנטים,2,18,0,FREE
207,6,טבע,2,19,0,FREE
207,6,טבע,2,13,0,BUSY
207,4,טבע,2,14,1,BUSY
207,4,טבע,2,11,0,FREE
207,101,טבע,2,9,0,FREE
207,101,טבע,2,16,0,FREE
604,6,מ.ישראל,2,16,0,BUSY
604,6,מ.ישראל,2,12,1,BUSY
211,22,nan,2,12,0,FREE
211,22,nan,2,13,0,FREE
211,4,טבע,2,11,0,FREE
211,4,טבע,2,19,0,BUSY
507,7,מ.ישראל,2,17,1,BUSY
507,7,מ.ישראל,2,18,1,BUSY
1401,3,nan,2,17,1,BUSY
1401,3,nan,2,11,1,BUSY
905,63,חברה,2,12,1,BUSY
905,63,חברה,2,14,1,BUSY
901,61,חברה,2,18,0,FREE
901,61,חברה,2,13,1,BUSY
403,69,מינץ,2,17,0,FREE
403,69,מינץ,2,10,0,FREE
1401,63,nan,2,8,0,FREE
1401,63,nan,2,19,0,FREE
1401,1,nan,2,14,1,BUSY
1401,1,nan,2,9,0,FREE
507,1,מ.ישראל,2,13,1,BUSY
507,1,מ.ישראל,2,17,1,BUSY
905,62,חברה,2,9,0,BUSY
905,62,חברה,2,10,1,BUSY
504,10,מ.ישראל,2,12,0,BUSY
504,10,מ.ישראל,2,13,0,FREE
505,202,מ.ישראל,2,19,0,FREE
505,202,מ.ישראל,2,9,0,BUSY
1002,102,רוח,2,8,1,BUSY
1002,102,רוח,2,15,0,FREE
410,226,יהדות,2,19,0,FREE
410,226,יהדות,2,9,1,BUSY
410,225,יהדות,2,19,1,BUSY
410,225,יהדות,2,15,1,BUSY
1004,407,רוח,2,19,0,FREE
1004,407,רוח,2,12,0,FREE
1004,402,רוח,2,15,0,FREE
1004,402,רוח,2,9,0,FREE
505,65,מ.ישראל,2,19,1,BUSY
505,65,מ.ישראל,2,9,0,FREE
505,204,מ.ישראל,2,10,0,BUSY
505,204,מ.ישראל,2,13,0,BUSY
304,1,משפטים,2,10,1,BUSY
304,1,משפטים,2,11,1,BUSY
605,63,מ.ישראל,2,18,1,FREE
605,63,מ.ישראל,2,10,1,BUSY
305,10,משפטים,2,17,1,BUSY
305,10,משפטים,2,16,1,BUSY
304,61,משפטים,2,17,0,FREE
304,61,משפטים,2,12,0,FREE
604,202,מ.ישראל,2,12,0,FREE
604,202,מ.ישראל,2,16,0,FREE
211,25,nan,2,10,1,BUSY
211,25,nan,2,14,1,BUSY
304,25,משפטים,2,16,0,FREE
304,25,משפטים,2,15,0,FREE
1105,53,הנדסה,2,9,1,FREE
1105,53,הנדסה,2,15,1,BUSY
1401,53,nan,2,12,0,FREE
1401,53,nan,2,10,0,FREE
305,2,משפטים,2,17,0,FREE
305,2,משפטים,2,13,0,FREE
305,4,משפטים,2,16,1,BUSY
305,4,משפטים,2,12,1,BUSY
502,23,מ.ישראל,2,9,0,FREE
502,23,מ.ישראל,2,16,0,FREE
503,1,מ.ישראל,2,18,0,FREE
503,1,מ.ישראל,2,13,0,BUSY
404,113,יהדות,2,18,1,BUSY
404,113,יהדות,2,19,1,BUSY
404,201,יהדות,2,9,1,BUSY
404,201,יהדות,2,11,1,FREE
505,203,מ.ישראל,2,19,0,FREE
505,203,מ.ישראל,2,8,1,BUSY
1005,19,רוח,2,18,0,FREE
1005,19,רוח,2,15,1,BUSY
1005,108,רוח,2,8,0,FREE
1005,108,רוח,2,14,1,BUSY
1005,201,רוח,2,19,1,FREE
1005,201,רוח,2,8,0,FREE
1005,209,רוח,2,11,0,FREE
1005,209,רוח,2,10,0,FREE
1005,207,רוח,2,11,0,FREE
1005,207,רוח,2,8,0,FREE
1005,203,רוח,2,19,0,FREE
1005,203,רוח,2,16,0,FREE
604,201,מ.ישראל,2,8,0,FREE
604,201,מ.ישראל,2,11,0,FREE
305,105,משפטים,2,11,0,FREE
305,105,משפטים,2,13,0,BUSY
507,37,מ.ישראל,2,9,0,FREE
507,37,מ.ישראל,2,10,0,FREE
1104,42,הנדסה,2,18,1,FREE
1104,42,הנדסה,2,16,1,BUSY
1105,42,הנדסה,2,18,0,BUSY
1105,42,הנדסה,2,14,0,FREE
1103,22,הנדסה,2,19,1,BUSY
1103,22,הנדסה,2,18,1,BUSY
902,9,חברה,2,10,1,BUSY
902,9,חברה,2,11,1,BUSY
304,9,משפטים,2,14,0,FREE
304,9,משפטים,2,17,0,FREE
1105,271,הנדסה,2,15,1,BUSY
1105,271,הנדסה,2,13,1,BUSY
1104,271,הנדסה,2,12,0,FREE
1104,271,הנדסה,2,16,0,FREE
507,61,מ.ישראל,2,14,0,FREE
507,61,מ.ישראל,2,9,0,FREE
213,304,טבע,2,10,0,BUSY
213,304,טבע,2,18,0,FREE
213,320,טבע,2,17,0,BUSY
213,320,טבע,2,10,0,BUSY
1004,203,רוח,2,18,1,BUSY
1004,203,רוח,2,12,1,BUSY
1004,212,רוח,2,18,1,FREE
1004,212,רוח,2,15,1,BUSY
410,328,יהדות,2,12,1,BUSY
410,328,יהדות,2,14,1,BUSY
410,332,יהדות,2,16,0,FREE
410,332,יהדות,2,17,0,FREE
604,204,מ.ישראל,2,12,0,FREE
604,204,מ.ישראל,2,10,0,FREE
1002,203,רוח,2,16,1,BUSY
1002,203,רוח,2,12,1,BUSY
202,301,טבע,2,10,0,BUSY
202,301,טבע,2,17,1,BUSY
203,4,טבע,2,14,0,FREE
203,4,טבע,2,8,0,FREE
202,221,טבע,2,9,0,FREE
202,221,טבע,2,14,0,FREE
202,205,טבע,2,11,0,FREE
202,205,טבע,2,8,0,BUSY
202,304,טבע,2,14,0,FREE
202,304,טבע,2,13,1,BUSY
202,505,טבע,2,12,1,BUSY
202,505,טבע,2,16,0,FREE
202,203,טבע,2,15,0,BUSY
202,203,טבע,2,11,0,FREE
202,303,טבע,2,9,0,BUSY
202,303,טבע,2,13,1,BUSY
202,201,טבע,2,13,0,FREE
202,201,טבע,2,11,0,FREE
202,204,טבע,2,8,0,FREE
202,204,טבע,2,9,1,BUSY
505,505,מ.ישראל,2,11,0,FREE
505,505,מ.ישראל,2,8,0,FREE
902,301,חברה,2,14,0,BUSY
902,301,חברה,2,11,1,BUSY
902,12,חברה,2,15,1,BUSY
902,12,חברה,2,13,0,FREE
902,107,חברה,2,14,0,FREE
902,107,חברה,2,18,1,BUSY
905,217,חברה,2,18,1,BUSY
905,217,חברה,2,9,1,BUSY
902,217,חברה,2,10,0,FREE
902,217,חברה,2,15,0,FREE
902,110,חברה,2,19,0,FREE
902,110,חברה,2,15,0,FREE
902,109,חברה,2,8,0,FREE
902,109,חברה,2,15,0,FREE
507,23,מ.ישראל,2,8,0,FREE
507,23,מ.ישראל,2,9,0,BUSY
1004,406,רוח,2,16,0,FREE
1004,406,רוח,2,9,0,FREE
1105,368,הנדסה,2,10,1,BUSY
1105,368,הנדסה,2,19,1,BUSY
1102,2,הנדסה,2,14,1,BUSY
1102,2,הנדסה,2,15,1,FREE
1104,244,הנדסה,2,19,1,BUSY
1104,244,הנדסה,2,15,1,BUSY
1104,249,הנדסה,2,14,1,BUSY
1104,249,הנדסה,2,8,0,FREE
1104,243,הנדסה,2,13,1,FREE
1104,243,הנדסה,2,9,1,BUSY
1103,42,הנדסה,2,9,0,FREE
1103,42,הנדסה,2,19,0,FREE
1401,4,nan,2,12,1,BUSY
1401,4,nan,2,10,1,BUSY
1105,3,הנדסה,2,9,0,FREE
1105,3,הנדסה,2,16,0,FREE
1102,4,הנדסה,2,11,0,FREE
1102,4,הנדסה,2,14,0,BUSY
A1300,2,מעונות,2,14,1,BUSY
A1300,2,מעונות,2,8,0,FREE
A1300,1,מעונות,2,18,1,BUSY
A1300,1,מעונות,2,13,1,BUSY
901,4,חברה,2,12,0,FREE
901,4,חברה,2,13,0,BUSY
1103,223,הנדסה,2,17,0,FREE
1103,223,הנדסה,2,11,0,FREE
1102,205,הנדסה,2,18,0,FREE
1102,205,הנדסה,2,11,0,FREE
1105,366,הנדסה,2,10,0,FREE
1105,366,הנדסה,2,11,0,FREE
1104,344,הנדסה,2,18,0,FREE
1104,344,הנדסה,2,10,0,FREE
1104,347,הנדסה,2,17,0,BUSY
1104,347,הנדסה,2,8,0,BUSY
1103,224,הנדסה,2,15,1,BUSY
1103,224,הנדסה,2,18,0,FREE
1002,112,רוח,2,8,0,BUSY
1002,112,רוח,2,11,0,BUSY
905,119,חברה,2,11,1,BUSY
905,119,חברה,2,18,0,FREE
905,118,חברה,2,9,0,FREE
905,118,חברה,2,19,0,FREE
905,319,חברה,2,13,0,BUSY
905,319,חברה,2,12,0,FREE
905,418,חברה,2,11,0,FREE
905,418,חברה,2,8,0,FREE
905,416,חברה,2,12,1,BUSY
905,416,חברה,2,11,1,FREE
905,211,חברה,2,11,0,BUSY
905,211,חברה,2,10,0,FREE
905,321,חברה,2,10,0,FREE
905,321,חברה,2,17,0,FREE
905,311,חברה,2,10,0,BUSY
905,311,חברה,2,14,0,FREE
905,2,חברה,2,15,0,FREE
905,2,חברה,2,16,0,FREE
905,317,חברה,2,13,0,BUSY
905,317,חברה,2,12,0,FREE
502,63,מ.ישראל,2,11,0,BUSY
502,63,מ.ישראל,2,16,0,FREE
212,214,טבע,2,19,0,BUSY
212,214,טבע,2,11,1,BUSY
211,21,nan,2,18,0,FREE
211,21,nan,2,12,1,BUSY
211,17,nan,2,19,0,FREE
211,17,nan,2,11,0,FREE
505,7,מ.ישראל,2,12,1,BUSY
505,7,מ.ישראל,2,11,0,FREE
212,212,nan,2,10,0,BUSY
212,212,nan,2,18,0,FREE
212,1,טבע,2,12,0,FREE
212,1,טבע,2,10,0,FREE
304,4,משפטים,2,17,0,FREE
304,4,משפטים,2,15,0,FREE
403,3,יהדות,2,19,0,FREE
403,3,יהדות,2,15,0,FREE
905,25,חברה,2,14,0,BUSY
905,25,חברה,2,17,0,FREE
212,310,טבע,2,16,1,BUSY
212,310,טבע,2,9,1,BUSY
212,1,nan,2,13,0,FREE
212,1,nan,2,12,0,FREE
212,3,טבע,2,9,0,FREE
212,3,טבע,2,18,0,FREE
212,21,nan,2,9,0,FREE
212,21,nan,2,12,0,BUSY
203,212,טבע,2,15,1,BUSY
203,212,טבע,2,10,0,FREE
304,69,משפטים,2,8,0,FREE
304,69,משפטים,2,17,0,FREE
305,11,משפטים,2,16,1,FREE
305,11,משפטים,2,9,1,BUSY
901,11,חברה,2,18,0,FREE
901,11,חברה,2,9,0,FREE
211,3,nan,2,14,0,FREE
211,3,nan,2,18,0,FREE
213,61,טבע,2,16,0,BUSY
213,61,טבע,2,12,0,BUSY
211,9,nan,2,18,0,FREE
211,9,nan,2,15,0,FREE
902,1,חברה,2,16,0,FREE
902,1,חברה,2,17,0,FREE
304,7,משפטים,2,17,0,FREE
304,7,משפטים,2,8,0,FREE
403,1,מינץ,2,12,0,FREE
403,1,מינץ,2,17,0,FREE
211,7,nan,2,15,0,BUSY
211,7,nan,2,9,0,FREE
501,11,מ.ישראל,2,11,1,BUSY
501,11,מ.ישראל,2,8,0,BUSY
507,11,מ.ישראל,2,17,0,FREE
507,11,מ.ישראל,2,10,0,BUSY
1401,7,nan,2,19,0,FREE
1401,7,nan,2,14,0,FREE
211,63,nan,2,9,0,FREE
211,63,nan,2,12,0,FREE
105,134,סטודנטים,2,9,0,BUSY
105,134,סטודנטים,2,17,1,BUSY
305,3,משפטים,2,10,0,FREE
305,3,משפטים,2,14,0,FREE
404,133,יהדות,2,11,0,FREE
404,133,יהדות,2,10,0,FREE
306,1,משפטים,2,8,0,FREE
306,1,משפטים,2,19,0,FREE
304,132,משפטים,2,14,0,FREE
304,132,משפטים,2,18,0,FREE
105,132,סטודנטים,2,17,0,FREE
105,132,סטודנטים,2,18,0,FREE
404,134,יהדות,2,13,0,FREE
404,134,יהדות,2,15,0,FREE
404,65,יהדות,2,13,0,FREE
404,65,יהדות,2,16,0,BUSY
102,133,סטודנטים,2,8,0,BUSY
102,133,סטודנטים,2,11,0,FREE
305,104,משפטים,2,14,0,FREE
305,104,משפטים,2,10,0,FREE
507,10,מ.ישראל,2,11,0,FREE
507,10,מ.ישראל,2,10,0,FREE
507,62,מ.ישראל,2,12,0,FREE
507,62,מ.ישראל,2,10,0,FREE
604,309,מ.ישראל,2,19,1,BUSY
604,309,מ.ישראל,2,9,1,FREE
901,101,חברה,2,10,1,BUSY
901,101,חברה,2,16,1,BUSY
901,102,חברה,2,17,0,FREE
901,102,חברה,2,13,1,BUSY
301,202,פלדמן,2,10,0,FREE
301,202,פלדמן,2,13,0,FREE
905,104,חברה,2,11,0,FREE
905,104,חברה,2,9,0,FREE
507,107,מ.ישראל,3,8,0,FREE
507,107,מ.ישראל,3,18,1,FREE
905,61,חברה,3,9,1,FREE
905,61,חברה,3,15,1,BUSY
1401,2,nan,3,19,0,FREE
1401,2,nan,3,8,0,FREE
402,63,יהדות,3,9,1,BUSY
402,63,יהדות,3,18,0,FREE
203,221,טבע,3,14,1,BUSY
203,221,טבע,3,18,1,BUSY
1002,1,רוח,3,17,1,BUSY
1002,1,רוח,3,13,1,FREE
604,63,מ.ישראל,3,19,1,FREE
604,63,מ.ישראל,3,14,1,BUSY
604,64,מ.ישראל,3,16,1,BUSY
604,64,מ.ישראל,3,18,1,BUSY
604,105,מ.ישראל,3,13,1,BUSY
604,105,מ.ישראל,3,11,1,BUSY
403,211,יהדות,3,10,1,BUSY
403,211,יהדות,3,17,0,FREE
604,102,מ.ישראל,3,19,1,BUSY
604,102,מ.ישראל,3,9,0,FREE
403,217,יהדות,3,8,0,FREE
403,217,יהדות,3,18,0,FREE
305,133,משפטים,3,16,1,BUSY
305,133,משפטים,3,12,1,FREE
504,2,מ.ישראל,3,9,1,FREE
504,2,מ.ישראל,3,12,0,FREE
507,102,מ.ישראל,3,19,1,FREE
507,102,מ.ישראל,3,11,1,FREE
604,62,מ.ישראל,3,12,1,FREE
604,62,מ.ישראל,3,10,1,FREE
1002,405,רוח,3,12,0,FREE
1002,405,רוח,3,10,0,FREE
902,210,חברה,3,13,1,BUSY
902,210,חברה,3,11,1,BUSY
508,7,מ.ישראל,3,11,1,BUSY
508,7,מ.ישראל,3,15,0,FREE
502,8,מ.ישראל,3,19,0,FREE
502,8,מ.ישראל,3,15,1,BUSY
605,104,מ.ישראל,3,16,1,BUSY
605,104,מ.ישראל,3,13,0,FREE
1002,61,רוח,3,10,1,BUSY
1002,61,רוח,3,12,0,FREE
507,4,מ.ישראל,3,14,1,FREE
507,4,מ.ישראל,3,9,1,BUSY
504,4,מ.ישראל,3,19,0,FREE
504,4,מ.ישראל,3,17,0,FREE
1002,202,רוח,3,11,0,FREE
1002,202,רוח,3,16,1,BUSY
502,6,מ.ישראל,3,13,1,BUSY
502,6,מ.ישראל,3,19,1,BUSY
502,7,מ.ישראל,3,11,1,BUSY
502,7,מ.ישראל,3,8,1,BUSY
505,4,מ.ישראל,3,17,1,BUSY
505,4,מ.ישראל,3,8,0,BUSY
502,9,מ.ישראל,3,17,0,FREE
502,9,מ.ישראל,3,19,0,FREE
1005,109,רוח,3,13,1,BUSY
1005,109,רוח,3,19,0,FREE
902,103,חברה,3,11,1,BUSY
902,103,חברה,3,8,0,FREE
502,37,מ.ישראל,3,14,0,FREE
502,37,מ.ישראל,3,10,0,BUSY
902,201,חברה,3,9,0,BUSY
902,201,חברה,3,11,1,BUSY
604,205,מ.ישראל,3,15,1,BUSY
604,205,מ.ישראל,3,8,1,BUSY
505,63,מ.ישראל,3,8,0,FREE
505,63,מ.ישראל,3,11,0,FREE
504,5,מ.ישראל,3,15,0,FREE
504,5,מ.ישראל,3,9,0,FREE
305,5,משפטים,3,13,0,FREE
305,5,משפטים,3,11,0,FREE
605,14,מ.ישראל,3,17,1,BUSY
605,14,מ.ישראל,3,15,1,FREE
505,105,מ.ישראל,3,17,1,BUSY
505,105,מ.ישראל,3,12,1,BUSY
502,24,מ.ישראל,3,13,1,BUSY
502,24,מ.ישראל,3,17,1,BUSY
505,5,מ.ישראל,3,15,1,BUSY
505,5,מ.ישראל,3,9,1,BUSY
404,68,יהדות,3,14,1,BUSY
404,68,יהדות,3,17,1,BUSY
305,134,משפטים,3,13,1,BUSY
305,134,משפטים,3,15,1,BUSY
105,103,סטודנטים,3,18,1,BUSY
105,103,סטודנטים,3,13,1,BUSY
105,104,סטודנטים,3,15,0,BUSY
105,104,סטודנטים,3,13,0,FREE
105,101,סטודנטים,3,18,0,FREE
105,101,סטודנטים,3,8,1,BUSY
105,102,סטודנטים,3,9,1,BUSY
105,102,סטודנטים,3,19,0,FREE
105,1,סטודנטים,3,10,0,FREE
105,1,סטודנטים,3,12,0,FREE
304,3,משפטים,3,15,0,BUSY
304,3,משפטים,3,9,1,BUSY
305,6,משפטים,3,12,1,BUSY
305,6,משפטים,3,14,0,FREE
105,61,סטודנטים,3,9,0,BUSY
105,61,סטודנטים,3,14,1,BUSY
105,2,סטודנטים,3,9,0,FREE
105,2,סטודנטים,3,18,0,BUSY
304,2,משפטים,3,14,0,FREE
304,2,משפטים,3,11,1,BUSY
105,3,סטודנטים,3,17,1,BUSY
105,3,סטודנטים,3,12,0,BUSY
605,101,מ.ישראל,3,17,1,BUSY
605,101,מ.ישראל,3,19,1,BUSY
605,102,מ.ישראל,3,14,1,FREE
605,102,מ.ישראל,3,12,1,BUSY
604,11,מ.ישראל,3,13,1,BUSY
604,11,מ.ישראל,3,18,1,BUSY
605,11,מ.ישראל,3,10,1,BUSY
605,11,מ.ישראל,3,11,1,FREE
604,12,מ.ישראל,3,17,1,BUSY
604,12,מ.ישראל,3,12,1,BUSY
504,6,מ.ישראל,3,17,0,FREE
504,6,מ.ישראל,3,16,0,FREE
605,202,מ.ישראל,3,12,0,BUSY
605,202,מ.ישראל,3,16,0,BUSY
604,14,מ.ישראל,3,16,1,BUSY
604,14,מ.ישראל,3,8,0,BUSY
507,101,מ.ישראל,3,17,0,FREE
507,101,מ.ישראל,3,9,1,BUSY
507,103,מ.ישראל,3,14,1,FREE
507,103,מ.ישראל,3,17,1,FREE
504,7,מ.ישראל,3,19,0,FREE
504,7,מ.ישראל,3,18,0,BUSY
604,13,מ.ישראל,3,9,1,BUSY
604,13,מ.ישראל,3,13,0,BUSY
505,1,מ.ישראל,3,17,1,BUSY
505,1,מ.ישראל,3,10,0,FREE
504,3,מ.ישראל,3,16,1,BUSY
504,3,מ.ישראל,3,10,0,FREE
604,101,מ.ישראל,3,12,1,BUSY
604,101,מ.ישראל,3,15,1,BUSY
507,201,מ.ישראל,3,8,1,BUSY
507,201,מ.ישראל,3,16,1,BUSY
403,67,יהדות,3,17,1,BUSY
403,67,יהדות,3,11,1,BUSY
507,204,מ.ישראל,3,11,1,BUSY
507,204,מ.ישראל,3,17,1,BUSY
505,106,מ.ישראל,3,12,1,BUSY
505,106,מ.ישראל,3,17,1,BUSY
505,62,מ.ישראל,3,17,1,FREE
505,62,מ.ישראל,3,18,0,FREE
505,104,מ.ישראל,3,13,0,BUSY
505,104,מ.ישראל,3,14,1,BUSY
605,13,מ.ישראל,3,12,1,BUSY
605,13,מ.ישראל,3,11,1,BUSY
501,25,מ.ישראל,3,11,1,BUSY
501,25,מ.ישראל,3,9,0,FREE
505,201,מ.ישראל,3,16,0,BUSY
505,201,מ.ישראל,3,17,0,BUSY
505,3,מ.ישראל,3,18,1,BUSY
505,3,מ.ישראל,3,8,1,BUSY
507,207,מ.ישראל,3,14,1,BUSY
507,207,מ.ישראל,3,18,1,BUSY
604,61,מ.ישראל,3,19,1,BUSY
604,61,מ.ישראל,3,18,1,BUSY
507,2,מ.ישראל,3,17,1,BUSY
507,2,מ.ישראל,3,16,1,BUSY
505,101,מ.ישראל,3,14,0,FREE
505,101,מ.ישראל,3,13,1,BUSY
905,417,חברה,3,8,0,FREE
905,417,חברה,3,13,0,BUSY
504,1,מ.ישראל,3,18,1,FREE
504,1,מ.ישראל,3,14,1,BUSY
605,201,מ.ישראל,3,17,1,BUSY
605,201,מ.ישראל,3,19,0,FREE
604,104,מ.ישראל,3,10,0,FREE
604,104,מ.ישראל,3,13,1,BUSY
213,4,טבע,3,13,1,BUSY
213,4,טבע,3,15,1,BUSY
105,4,סטודנטים,3,11,0,BUSY
105,4,סטודנטים,3,16,1,BUSY
102,2,סטודנטים,3,17,0,BUSY
102,2,סטודנטים,3,19,0,FREE
105,5,סטודנטים,3,8,0,BUSY
105,5,סטודנטים,3,15,1,FREE
105,105,סטודנטים,3,8,0,BUSY
105,105,סטודנטים,3,10,1,BUSY
207,1,טבע,3,11,0,BUSY
207,1,טבע,3,12,0,FREE
105,106,סטודנטים,3,10,0,FREE
105,106,סטודנטים,3,11,0,FREE
404,115,יהדות,3,15,1,BUSY
404,115,יהדות,3,18,1,BUSY
403,101,יהדות,3,17,1,FREE
403,101,יהדות,3,10,1,BUSY
404,102,יהדות,3,9,0,FREE
404,102,יהדות,3,14,1,BUSY
105,6,סטודנטים,3,17,0,BUSY
105,6,סטודנטים,3,9,0,BUSY
102,4,סטודנטים,3,17,1,BUSY
102,4,סטודנטים,3,15,1,BUSY
404,114,יהדות,3,16,1,BUSY
404,114,יהדות,3,18,1,BUSY
306,111,משפטים,3,17,1,BUSY
306,111,משפטים,3,13,1,BUSY
505,2,מ.ישראל,3,16,1,BUSY
505,2,מ.ישראל,3,15,1,BUSY
604,2,מ.ישראל,3,15,0,FREE
604,2,מ.ישראל,3,8,0,FREE
605,61,מ.ישראל,3,19,1,BUSY
605,61,מ.ישראל,3,8,1,BUSY
410,125,יהדות,3,12,1,BUSY
410,125,יהדות,3,16,1,BUSY
410,46,יהדות,3,10,1,BUSY
410,46,יהדות,3,15,1,BUSY
403,66,יהדות,3,17,1,BUSY
403,66,יהדות,3,9,0,BUSY
502,26,מ.ישראל,3,8,0,FREE
502,26,מ.ישראל,3,16,0,BUSY
502,25,מ.ישראל,3,18,1,BUSY
502,25,מ.ישראל,3,16,0,FREE
403,218,יהדות,3,14,0,FREE
403,218,יהדות,3,11,1,BUSY
403,113,יהדות,3,17,1,FREE
403,113,יהדות,3,11,1,BUSY
410,142,יהדות,3,14,1,BUSY
410,142,יהדות,3,17,1,BUSY
505,61,מ.ישראל,3,12,0,FREE
505,61,מ.ישראל,3,13,0,BUSY
505,11,מ.ישראל,3,14,0,FREE
505,11,מ.ישראל,3,17,0,FREE
605,105,מ.ישראל,3,17,0,FREE
605,105,מ.ישראל,3,12,0,FREE
604,1,מ.ישראל,3,12,0,FREE
604,1,מ.ישראל,3,13,0,FREE
507,14,מ.ישראל,3,12,0,FREE
507,14,מ.ישראל,3,10,0,FREE
605,4,מ.ישראל,3,19,0,FREE
605,4,מ.ישראל,3,18,0,FREE
502,62,מ.ישראל,3,19,0,FREE
502,62,מ.ישראל,3,8,1,BUSY
605,7,מ.ישראל,3,18,1,FREE
605,7,מ.ישראל,3,15,0,FREE
507,206,מ.ישראל,3,15,1,BUSY
507,206,מ.ישראל,3,11,1,BUSY
504,206,מ.ישראל,3,12,0,FREE
504,206,מ.ישראל,3,14,0,FREE
508,103,מ.ישראל,3,19,0,FREE
508,103,מ.ישראל,3,18,0,FREE
507,106,מ.ישראל,3,11,1,FREE
507,106,מ.ישראל,3,9,1,BUSY
605,106,מ.ישראל,3,15,0,FREE
605,106,מ.ישראל,3,19,0,FREE
507,108,מ.ישראל,3,13,0,FREE
507,108,מ.ישראל,3,15,0,FREE
505,108,מ.ישראל,3,15,0,FREE
505,108,מ.ישראל,3,8,0,FREE
505,102,מ.ישראל,3,12,1,BUSY
505,102,מ.ישראל,3,15,1,BUSY
507,6,מ.ישראל,3,10,1,FREE
507,6,מ.ישראל,3,19,1,BUSY
507,208,מ.ישראל,3,18,1,BUSY
507,208,מ.ישראל,3,19,1,BUSY
507,205,מ.ישראל,3,13,0,BUSY
507,205,מ.ישראל,3,18,1,BUSY
507,3,מ.ישראל,3,18,1,BUSY
507,3,מ.ישראל,3,11,1,BUSY
505,103,מ.ישראל,3,14,0,FREE
505,103,מ.ישראל,3,15,0,FREE
507,209,מ.ישראל,3,8,1,BUSY
507,209,מ.ישראל,3,14,1,FREE
507,202,מ.ישראל,3,15,1,BUSY
507,202,מ.ישראל,3,12,1,BUSY
605,103,מ.ישראל,3,9,1,BUSY
605,103,מ.ישראל,3,11,1,BUSY
403,2,יהדות,3,14,1,BUSY
403,2,יהדות,3,16,1,BUSY
507,104,מ.ישראל,3,17,1,BUSY
507,104,מ.ישראל,3,11,1,BUSY
507,5,מ.ישראל,3,9,0,BUSY
507,5,מ.ישראל,3,19,0,FREE
507,203,מ.ישראל,3,10,1,BUSY
507,203,מ.ישראל,3,13,1,BUSY
305,132,משפטים,3,11,0,FREE
305,132,משפטים,3,10,0,FREE
902,101,חברה,3,11,1,BUSY
902,101,חברה,3,14,1,FREE
902,104,חברה,3,14,0,FREE
902,104,חברה,3,9,1,BUSY
1005,112,רוח,3,16,1,BUSY
1005,112,רוח,3,14,0,BUSY
605,65,מ.ישראל,3,17,1,BUSY
605,65,מ.ישראל,3,10,1,FREE
905,116,חברה,3,18,1,BUSY
905,116,חברה,3,12,1,BUSY
203,226,טבע,3,8,0,FREE
203,226,טבע,3,16,1,BUSY
902,202,חברה,3,16,1,BUSY
902,202,חברה,3,9,0,FREE
902,102,חברה,3,9,0,BUSY
902,102,חברה,3,11,0,BUSY
1002,201,רוח,3,11,1,BUSY
1002,201,רוח,3,19,1,BUSY
605,12,מ.ישראל,3,15,1,BUSY
605,12,מ.ישראל,3,17,1,FREE
502,30,מ.ישראל,3,14,0,BUSY
502,30,מ.ישראל,3,19,0,FREE
504,63,מ.ישראל,3,17,0,FREE
504,63,מ.ישראל,3,18,0,FREE
507,13,מ.ישראל,3,17,0,FREE
507,13,מ.ישראל,3,11,0,BUSY
507,105,מ.ישראל,3,18,0,FREE
507,105,מ.ישראל,3,9,0,BUSY
604,103,מ.ישראל,3,17,1,BUSY
604,103,מ.ישראל,3,16,1,BUSY
410,26,יהדות,3,14,0,FREE
410,26,יהדות,3,18,0,FREE
410,6,יהדות,3,17,1,BUSY
410,6,יהדות,3,15,1,BUSY
404,66,יהדות,3,12,0,FREE
404,66,יהדות,3,19,0,FREE
605,64,מ.ישראל,3,11,1,BUSY
605,64,מ.ישראל,3,15,1,BUSY
505,64,מ.ישראל,3,12,1,BUSY
505,64,מ.ישראל,3,14,0,FREE
403,115,יהדות,3,18,0,BUSY
403,115,יהדות,3,14,1,BUSY
404,67,יהדות,3,12,0,FREE
404,67,יהדות,3,9,0,FREE
1005,111,רוח,3,11,1,BUSY
1005,111,רוח,3,15,1,BUSY
1004,305,רוח,3,17,1,BUSY
1004,305,רוח,3,18,1,BUSY
404,101,יהדות,3,10,1,BUSY
404,101,יהדות,3,13,1,BUSY
1002,305,רוח,3,9,0,FREE
1002,305,רוח,3,14,1,BUSY
504,208,מ.ישראל,3,12,0,BUSY
504,208,מ.ישראל,3,19,0,BUSY
211,112,טבע,3,14,1,BUSY
211,112,טבע,3,13,1,BUSY
305,63,משפטים,3,13,0,FREE
305,63,משפטים,3,15,0,FREE
306,112,משפטים,3,19,0,FREE
306,112,משפטים,3,14,0,FREE
211,106,טבע,3,17,0,FREE
211,106,טבע,3,15,0,FREE
207,201,טבע,3,11,0,FREE
207,201,טבע,3,15,0,BUSY
305,101,משפטים,3,8,0,FREE
305,101,משפטים,3,19,0,FREE
403,61,יהדות,3,14,1,BUSY
403,61,יהדות,3,12,0,BUSY
202,202,טבע,3,13,0,BUSY
202,202,טבע,3,11,1,BUSY
203,106,טבע,3,13,0,BUSY
203,106,טבע,3,14,0,FREE
203,112,טבע,3,8,0,FREE
203,112,טבע,3,14,0,BUSY
105,112,סטודנטים,3,15,0,FREE
105,112,סטודנטים,3,13,0,FREE
207,6,טבע,3,8,0,FREE
207,6,טבע,3,9,1,BUSY
207,4,טבע,3,10,1,BUSY
207,4,טבע,3,15,1,BUSY
207,101,טבע,3,10,1,FREE
207,101,טבע,3,11,1,FREE
604,6,מ.ישראל,3,8,0,FREE
604,6,מ.ישראל,3,14,0,BUSY
211,22,nan,3,15,1,BUSY
211,22,nan,3,10,0,FREE
211,4,טבע,3,12,0,BUSY
211,4,טבע,3,11,0,FREE
507,7,מ.ישראל,3,10,1,BUSY
507,7,מ.ישראל,3,14,0,BUSY
1401,3,nan,3,19,0,FREE
1401,3,nan,3,15,0,FREE
905,63,חברה,3,16,1,BUSY
905,63,חברה,3,18,1,FREE
901,61,חברה,3,17,1,FREE
901,61,חברה,3,14,1,FREE
403,69,מינץ,3,12,1,BUSY
403,69,מינץ,3,13,1,FREE
1401,63,nan,3,9,0,FREE
1401,63,nan,3,16,0,FREE
1401,1,nan,3,13,0,BUSY
1401,1,nan,3,17,0,FREE
507,1,מ.ישראל,3,11,1,BUSY
507,1,מ.ישראל,3,16,1,BUSY
905,62,חברה,3,18,0,FREE
905,62,חברה,3,19,0,FREE
504,10,מ.ישראל,3,9,0,FREE
504,10,מ.ישראל,3,8,0,FREE
505,202,מ.ישראל,3,19,0,BUSY
505,202,מ.ישראל,3,12,0,BUSY
1002,102,רוח,3,16,1,BUSY
1002,102,רוח,3,8,1,BUSY
410,226,יהדות,3,12,1,BUSY
410,226,יהדות,3,8,0,FREE
410,225,יהדות,3,18,1,BUSY
410,225,יהדות,3,8,1,FREE
1004,407,רוח,3,19,1,BUSY
1004,407,רוח,3,11,0,FREE
1004,402,רוח,3,12,1,BUSY
1004,402,רוח,3,10,1,BUSY
505,65,מ.ישראל,3,13,1,BUSY
505,65,מ.ישראל,3,15,1,BUSY
505,204,מ.ישראל,3,12,0,FREE
505,204,מ.ישראל,3,14,1,BUSY
304,1,משפטים,3,14,1,BUSY
304,1,משפטים,3,15,1,FREE
605,63,מ.ישראל,3,19,0,FREE
605,63,מ.ישראל,3,18,0,FREE
305,10,משפטים,3,11,1,BUSY
305,10,משפטים,3,9,0,FREE
304,61,משפטים,3,12,0,BUSY
304,61,משפטים,3,16,0,FREE
604,202,מ.ישראל,3,13,0,FREE
604,202,מ.ישראל,3,10,0,FREE
211,25,nan,3,19,0,FREE
211,25,nan,3,15,0,FREE
304,25,משפטים,3,16,0,FREE
304,25,משפטים,3,12,0,BUSY
1105,53,הנדסה,3,17,1,BUSY
1105,53,הנדסה,3,10,1,BUSY
1401,53,nan,3,15,0,FREE
1401,53,nan,3,14,0,BUSY
305,2,משפטים,3,8,0,FREE
305,2,משפטים,3,17,0,FREE
305,4,משפטים,3,17,1,BUSY
305,4,משפטים,3,15,1,BUSY
502,23,מ.ישראל,3,11,0,FREE
502,23,מ.ישראל,3,18,0,FREE
503,1,מ.ישראל,3,19,0,FREE
503,1,מ.ישראל,3,9,0,BUSY
404,113,יהדות,3,16,1,BUSY
404,113,יהדות,3,17,1,BUSY
404,201,יהדות,3,8,1,BUSY
404,201,יהדות,3,10,1,BUSY
505,203,מ.ישראל,3,15,0,FREE
505,203,מ.ישראל,3,11,0,FREE
1005,19,רוח,3,9,0,FREE
1005,19,רוח,3,19,0,FREE
1005,108,רוח,3,15,0,FREE
1005,108,רוח,3,19,0,FREE
1005,201,רוח,3,16,1,FREE
1005,201,רוח,3,13,1,FREE
1005,209,רוח,3,8,0,FREE
1005,209,רוח,3,18,1,FREE
1005,207,רוח,3,16,1,BUSY
1005,207,רוח,3,15,1,FREE
1005,203,רוח,3,10,0,FREE
1005,203,רוח,3,11,0,FREE
604,201,מ.ישראל,3,16,0,FREE
604,201,מ.ישראל,3,15,0,FREE
305,105,משפטים,3,18,0,FREE
305,105,משפטים,3,19,0,FREE
507,37,מ.ישראל,3,12,0,FREE
507,37,מ.ישראל,3,10,0,FREE
1104,42,הנדסה,3,17,1,BUSY
1104,42,הנדסה,3,18,0,BUSY
1105,42,הנדסה,3,10,0,BUSY
1105,42,הנדסה,3,16,0,FREE
1103,22,הנדסה,3,11,1,BUSY
1103,22,הנדסה,3,19,0,FREE
902,9,חברה,3,16,0,FREE
902,9,חברה,3,14,1,BUSY
304,9,משפטים,3,14,0,BUSY
304,9,משפטים,3,12,0,FREE
1105,271,הנדסה,3,9,1,FREE
1105,271,הנדסה,3,19,1,FREE
1104,271,הנדסה,3,13,0,FREE
1104,271,הנדסה,3,12,0,BUSY
507,61,מ.ישראל,3,9,0,FREE
507,61,מ.ישראל,3,18,0,FREE
213,304,טבע,3,10,0,FREE
213,304,טבע,3,13,1,BUSY
213,320,טבע,3,16,0,BUSY
213,320,טבע,3,11,0,FREE
1004,203,רוח,3,10,1,BUSY
1004,203,רוח,3,8,0,FREE
1004,212,רוח,3,17,1,FREE
1004,212,רוח,3,8,0,FREE
410,328,יהדות,3,19,0,FREE
410,328,יהדות,3,12,0,FREE
410,332,יהדות,3,18,0,FREE
410,332,יהדות,3,10,1,BUSY
604,204,מ.ישראל,3,18,0,FREE
604,204,מ.ישראל,3,9,0,BUSY
1002,203,רוח,3,9,0,FREE
1002,203,רוח,3,19,0,FREE
202,301,טבע,3,10,1,BUSY
202,301,טבע,3,13,1,BUSY
203,4,טבע,3,17,0,FREE
203,4,טבע,3,16,0,BUSY
202,221,טבע,3,19,0,BUSY
202,221,טבע,3,13,0,FREE
202,205,טבע,3,9,0,BUSY
202,205,טבע,3,12,1,BUSY
202,304,טבע,3,8,0,FREE
202,304,טבע,3,16,0,FREE
202,505,טבע,3,10,0,BUSY
202,505,טבע,3,13,1,BUSY
202,203,טבע,3,19,0,FREE
202,203,טבע,3,10,0,FREE
202,303,טבע,3,10,1,BUSY
202,303,טבע,3,14,1,BUSY
202,201,טבע,3,9,0,FREE
202,201,טבע,3,14,0,FREE
202,204,טבע,3,12,0,FREE
202,204,טבע,3,8,0,FREE
505,505,מ.ישראל,3,8,0,FREE
505,505,מ.ישראל,3,11,0,FREE
902,301,חברה,3,19,1,BUSY
902,301,חברה,3,15,1,BUSY
902,12,חברה,3,17,1,BUSY
902,12,חברה,3,19,1,BUSY
902,107,חברה,3,13,1,BUSY
902,107,חברה,3,12,1,BUSY
905,217,חברה,3,19,0,FREE
905,217,חברה,3,8,1,FREE
902,217,חברה,3,13,0,FREE
902,217,חברה,3,11,0,FREE
902,110,חברה,3,16,0,BUSY
902,110,חברה,3,17,0,FREE
902,109,חברה,3,19,0,FREE
902,109,חברה,3,13,0,FREE
507,23,מ.ישראל,3,8,0,FREE
507,23,מ.ישראל,3,9,0,FREE
1004,406,רוח,3,15,0,BUSY
1004,406,רוח,3,13,0,FREE
1105,368,הנדסה,3,10,0,FREE
1105,368,הנדסה,3,9,0,FREE
1102,2,הנדסה,3,9,0,FREE
1102,2,הנדסה,3,12,1,BUSY
1104,244,הנדסה,3,19,1,BUSY
1104,244,הנדסה,3,11,1,BUSY
1104,249,הנדסה,3,18,1,BUSY
1104,249,הנדסה,3,10,1,BUSY
1104,243,הנדסה,3,19,1,BUSY
1104,243,הנדסה,3,14,1,BUSY
1103,42,הנדסה,3,15,0,FREE
1103,42,הנדסה,3,11,0,FREE
1401,4,nan,3,13,0,BUSY
1401,4,nan,3,9,0,FREE
1105,3,הנדסה,3,18,0,FREE
1105,3,הנדסה,3,8,0,FREE
1102,4,הנדסה,3,17,0,BUSY
1102,4,הנדסה,3,13,1,BUSY
A1300,2,מעונות,3,17,1,BUSY
A1300,2,מעונות,3,19,0,FREE
A1300,1,מעונות,3,13,1,BUSY
A1300,1,מעונות,3,15,1,BUSY
901,4,חברה,3,14,0,FREE
901,4,חברה,3,13,0,FREE
1103,223,הנדסה,3,17,0,FREE
1103,223,הנדסה,3,14,1,BUSY
1102,205,הנדסה,3,13,0,FREE
1102,205,הנדסה,3,18,0,FREE
1105,366,הנדסה,3,17,0,FREE
1105,366,הנדסה,3,14,1,BUSY
1104,344,הנדסה,3,14,1,BUSY
1104,344,הנדסה,3,15,1,BUSY
1104,347,הנדסה,3,17,0,FREE
1104,347,הנדסה,3,10,0,FREE
1103,224,הנדסה,3,16,0,FREE
1103,224,הנדסה,3,11,0,FREE
1002,112,רוח,3,14,0,BUSY
1002,112,רוח,3,16,0,FREE
905,119,חברה,3,12,1,BUSY
905,119,חברה,3,13,1,BUSY
905,118,חברה,3,14,1,BUSY
905,118,חברה,3,15,1,BUSY
905,319,חברה,3,16,0,FREE
905,319,חברה,3,10,0,FREE
905,418,חברה,3,18,0,BUSY
905,418,חברה,3,10,0,FREE
905,416,חברה,3,17,0,BUSY
905,416,חברה,3,9,0,FREE
905,211,חברה,3,9,0,FREE
905,211,חברה,3,14,0,BUSY
905,321,חברה,3,16,0,BUSY
905,321,חברה,3,8,0,FREE
905,311,חברה,3,14,0,FREE
905,311,חברה,3,15,0,FREE
905,2,חברה,3,8,0,FREE
905,2,חברה,3,17,0,FREE
905,317,חברה,3,11,0,FREE
905,317,חברה,3,17,0,FREE
502,63,מ.ישראל,3,11,0,FREE
502,63,מ.ישראל,3,13,1,BUSY
212,214,טבע,3,14,0,BUSY
212,214,טבע,3,12,0,BUSY
211,21,nan,3,19,0,FREE
211,21,nan,3,15,1,FREE
211,17,nan,3,11,1,BUSY
211,17,nan,3,15,0,FREE
505,7,מ.ישראל,3,11,0,FREE
505,7,מ.ישראל,3,10,0,FREE
212,212,nan,3,8,0,FREE
212,212,nan,3,15,0,FREE
212,1,טבע,3,10,1,FREE
212,1,טבע,3,9,0,BUSY
304,4,משפטים,3,10,0,BUSY
304,4,משפטים,3,17,0,FREE
403,3,יהדות,3,16,0,BUSY
403,3,יהדות,3,14,0,FREE
905,25,חברה,3,15,0,BUSY
905,25,חברה,3,8,0,FREE
212,310,טבע,3,12,0,FREE
212,310,טבע,3,15,1,BUSY
212,1,nan,3,15,0,BUSY
212,1,nan,3,14,0,BUSY
212,3,טבע,3,12,0,FREE
212,3,טבע,3,14,0,FREE
212,21,nan,3,12,0,BUSY
212,21,nan,3,8,0,FREE
203,212,טבע,3,19,0,FREE
203,212,טבע,3,12,0,FREE
304,69,משפטים,3,12,0,FREE
304,69,משפטים,3,18,0,FREE
305,11,משפטים,3,19,0,FREE
305,11,משפטים,3,18,0,FREE
901,11,חברה,3,19,0,FREE
901,11,חברה,3,14,0,BUSY
211,3,nan,3,11,0,FREE
211,3,nan,3,17,0,FREE
213,61,טבע,3,18,0,FREE
213,61,טבע,3,19,0,BUSY
211,9,nan,3,8,0,FREE
211,9,nan,3,11,0,FREE
902,1,חברה,3,11,0,FREE
902,1,חברה,3,13,0,FREE
304,7,משפטים,3,18,0,FREE
304,7,משפטים,3,10,0,FREE
403,1,מינץ,3,11,0,FREE
403,1,מינץ,3,12,0,FREE
211,7,nan,3,19,0,FREE
211,7,nan,3,14,1,BUSY
501,11,מ.ישראל,3,13,0,BUSY
501,11,מ.ישראל,3,18,0,FREE
507,11,מ.ישראל,3,15,0,BUSY
507,11,מ.ישראל,3,18,0,FREE
1401,7,nan,3,14,0,BUSY
1401,7,nan,3,8,0,FREE
211,63,nan,3,12,0,FREE
211,63,nan,3,10,0,BUSY
105,134,סטודנטים,3,15,0,BUSY
105,134,סטודנטים,3,9,0,BUSY
305,3,משפטים,3,19,0,BUSY
305,3,משפטים,3,17,0,FREE
404,133,יהדות,3,13,0,BUSY
404,133,יהדות,3,12,0,BUSY
306,1,משפטים,3,14,0,FREE
306,1,משפטים,3,10,0,FREE
304,132,משפטים,3,15,1,BUSY
304,132,משפטים,3,9,0,BUSY
105,132,סטודנטים,3,17,0,FREE
105,132,סטודנטים,3,16,0,FREE
404,134,יהדות,3,11,0,FREE
404,134,יהדות,3,18,0,FREE
404,65,יהדות,3,15,0,FREE
404,65,יהדות,3,14,0,FREE
102,133,סטודנטים,3,15,1,BUSY
102,133,סטודנטים,3,11,0,FREE
305,104,משפטים,3,13,0,FREE
305,104,משפטים,3,12,0,FREE
507,10,מ.ישראל,3,19,0,FREE
507,10,מ.ישראל,3,18,0,BUSY
507,62,מ.ישראל,3,16,0,BUSY
507,62,מ.ישראל,3,15,0,BUSY
604,309,מ.ישראל,3,8,1,BUSY
604,309,מ.ישראל,3,9,1,BUSY
901,101,חברה,3,15,1,BUSY
901,101,חברה,3,11,1,BUSY
901,102,חברה,3,12,0,FREE
901,102,חברה,3,15,1,FREE
301,202,פלדמן,3,11,1,BUSY
301,202,פלדמן,3,19,0,FREE
905,104,חברה,3,19,0,FREE
905,104,חברה,3,11,0,FREE
507,107,מ.ישראל,4,18,0,FREE
507,107,מ.ישראל,4,12,1,BUSY
905,61,חברה,4,11,1,BUSY
905,61,חברה,4,18,1,FREE
1401,2,nan,4,11,0,FREE
1401,2,nan,4,15,0,FREE
402,63,יהדות,4,9,0,FREE
402,63,יהדות,4,18,0,FREE
203,221,טבע,4,15,1,BUSY
203,221,טבע,4,10,1,BUSY
1002,1,רוח,4,12,1,FREE
1002,1,רוח,4,10,1,BUSY
604,63,מ.ישראל,4,11,0,BUSY
604,63,מ.ישראל,4,8,0,FREE
604,64,מ.ישראל,4,9,1,BUSY
604,64,מ.ישראל,4,13,1,BUSY
604,105,מ.ישראל,4,12,1,BUSY
604,105,מ.ישראל,4,11,1,FREE
403,211,יהדות,4,14,1,BUSY
403,211,יהדות,4,9,1,BUSY
604,102,מ.ישראל,4,15,1,BUSY
604,102,מ.ישראל,4,9,1,FREE
403,217,יהדות,4,12,0,FREE
403,217,יהדות,4,8,0,BUSY
305,133,משפטים,4,18,0,FREE
305,133,משפטים,4,9,0,FREE
504,2,מ.ישראל,4,18,0,BUSY
504,2,מ.ישראל,4,11,0,FREE
507,102,מ.ישראל,4,16,1,BUSY
507,102,מ.ישראל,4,19,1,BUSY
604,62,מ.ישראל,4,14,0,FREE
604,62,מ.ישראל,4,9,0,FREE
1002,405,רוח,4,10,0,FREE
1002,405,רוח,4,14,0,FREE
902,210,חברה,4,11,1,BUSY
902,210,חברה,4,19,0,FREE
508,7,מ.ישראל,4,13,0,BUSY
508,7,מ.ישראל,4,18,0,FREE
502,8,מ.ישראל,4,15,0,FREE
502,8,מ.ישראל,4,19,0,FREE
605,104,מ.ישראל,4,11,0,BUSY
605,104,מ.ישראל,4,12,0,BUSY
1002,61,רוח,4,13,1,BUSY
1002,61,רוח,4,11,1,FREE
507,4,מ.ישראל,4,12,1,BUSY
507,4,מ.ישראל,4,17,1,BUSY
504,4,מ.ישראל,4,14,1,FREE
504,4,מ.ישראל,4,12,1,FREE
1002,202,רוח,4,14,0,FREE
1002,202,רוח,4,13,1,BUSY
502,6,מ.ישראל,4,18,1,BUSY
502,6,מ.ישראל,4,17,0,FREE
502,7,מ.ישראל,4,8,0,FREE
502,7,מ.ישראל,4,12,0,FREE
505,4,מ.ישראל,4,11,0,FREE
505,4,מ.ישראל,4,18,1,BUSY
502,9,מ.ישראל,4,19,0,FREE
502,9,מ.ישראל,4,12,0,BUSY
1005,109,רוח,4,9,0,FREE
1005,109,רוח,4,18,0,FREE
902,103,חברה,4,12,1,BUSY
902,103,חברה,4,13,1,BUSY
502,37,מ.ישראל,4,11,0,FREE
502,37,מ.ישראל,4,19,1,FREE
902,201,חברה,4,10,1,BUSY
902,201,חברה,4,12,1,BUSY
604,205,מ.ישראל,4,11,1,FREE
604,205,מ.ישראל,4,18,1,BUSY
505,63,מ.ישראל,4,18,1,BUSY
505,63,מ.ישראל,4,11,1,BUSY
504,5,מ.ישראל,4,13,0,FREE
504,5,מ.ישראל,4,14,0,FREE
305,5,משפטים,4,18,0,FREE
305,5,משפטים,4,15,0,FREE
605,14,מ.ישראל,4,13,0,BUSY
605,14,מ.ישראל,4,9,0,FREE
505,105,מ.ישראל,4,8,0,FREE
505,105,מ.ישראל,4,9,0,FREE
502,24,מ.ישראל,4,14,0,FREE
502,24,מ.ישראל,4,17,0,FREE
505,5,מ.ישראל,4,17,1,FREE
505,5,מ.ישראל,4,16,1,BUSY
404,68,יהדות,4,9,0,BUSY
404,68,יהדות,4,10,1,BUSY
305,134,משפטים,4,15,1,BUSY
305,134,משפטים,4,18,1,FREE
105,103,סטודנטים,4,8,0,FREE
105,103,סטודנטים,4,10,1,BUSY
105,104,סטודנטים,4,14,1,BUSY
105,104,סטודנטים,4,17,0,FREE
105,101,סטודנטים,4,18,0,FREE
105,101,סטודנטים,4,16,1,FREE
105,102,סטודנטים,4,11,1,BUSY
105,102,סטודנטים,4,9,1,BUSY
105,1,סטודנטים,4,12,0,BUSY
105,1,סטודנטים,4,13,0,FREE
304,3,משפטים,4,11,1,BUSY
304,3,משפטים,4,18,1,FREE
305,6,משפטים,4,19,0,FREE
305,6,משפטים,4,8,0,FREE
105,61,סטודנטים,4,9,0,BUSY
105,61,סטודנטים,4,17,1,FREE
105,2,סטודנטים,4,11,1,BUSY
105,2,סטודנטים,4,18,0,FREE
304,2,משפטים,4,9,0,FREE
304,2,משפטים,4,14,0,FREE
105,3,סטודנטים,4,12,0,BUSY
105,3,סטודנטים,4,14,1,BUSY
605,101,מ.ישראל,4,10,1,BUSY
605,101,מ.ישראל,4,17,1,BUSY
605,102,מ.ישראל,4,12,0,FREE
605,102,מ.ישראל,4,18,0,FREE
604,11,מ.ישראל,4,15,0,FREE
604,11,מ.ישראל,4,12,0,FREE
605,11,מ.ישראל,4,17,1,FREE
605,11,מ.ישראל,4,11,0,FREE
604,12,מ.ישראל,4,17,1,FREE
604,12,מ.ישראל,4,10,0,FREE
504,6,מ.ישראל,4,14,1,BUSY
504,6,מ.ישראל,4,16,0,FREE
605,202,מ.ישראל,4,12,0,FREE
605,202,מ.ישראל,4,13,0,BUSY
604,14,מ.ישראל,4,9,0,BUSY
604,14,מ.ישראל,4,18,1,BUSY
507,101,מ.ישראל,4,8,0,FREE
507,101,מ.ישראל,4,19,1,BUSY
507,103,מ.ישראל,4,14,1,BUSY
507,103,מ.ישראל,4,12,1,BUSY
504,7,מ.ישראל,4,18,1,BUSY
504,7,מ.ישראל,4,16,1,BUSY
604,13,מ.ישראל,4,13,1,BUSY
604,13,מ.ישראל,4,17,1,FREE
505,1,מ.ישראל,4,8,0,FREE
505,1,מ.ישראל,4,17,0,FREE
504,3,מ.ישראל,4,14,0,FREE
504,3,מ.ישראל,4,17,1,BUSY
604,101,מ.ישראל,4,17,1,BUSY
604,101,מ.ישראל,4,9,1,FREE
507,201,מ.ישראל,4,13,0,BUSY
507,201,מ.ישראל,4,19,0,FREE
403,67,יהדות,4,18,1,FREE
403,67,יהדות,4,12,0,BUSY
507,204,מ.ישראל,4,11,1,BUSY
507,204,מ.ישראל,4,12,0,FREE
505,106,מ.ישראל,4,12,1,BUSY
505,106,מ.ישראל,4,10,1,BUSY
505,62,מ.ישראל,4,9,0,FREE
505,62,מ.ישראל,4,17,1,FREE
505,104,מ.ישראל,4,11,1,BUSY
505,104,מ.ישראל,4,13,1,BUSY
605,13,מ.ישראל,4,11,1,FREE
605,13,מ.ישראל,4,15,0,FREE
501,25,מ.ישראל,4,10,1,BUSY
501,25,מ.ישראל,4,15,0,FREE
505,201,מ.ישראל,4,19,0,FREE
505,201,מ.ישראל,4,9,0,FREE
505,3,מ.ישראל,4,19,1,BUSY
505,3,מ.ישראל,4,12,0,BUSY
507,207,מ.ישראל,4,8,1,BUSY
507,207,מ.ישראל,4,13,0,FREE
604,61,מ.ישראל,4,10,0,FREE
604,61,מ.ישראל,4,8,0,FREE
507,2,מ.ישראל,4,15,0,FREE
507,2,מ.ישראל,4,9,1,BUSY
505,101,מ.ישראל,4,12,0,FREE
505,101,מ.ישראל,4,15,0,FREE
905,417,חברה,4,13,1,BUSY
905,417,חברה,4,12,1,BUSY
504,1,מ.ישראל,4,11,0,FREE
504,1,מ.ישראל,4,12,0,BUSY
605,201,מ.ישראל,4,10,0,FREE
605,201,מ.ישראל,4,8,0,BUSY
604,104,מ.ישראל,4,14,1,BUSY
604,104,מ.ישראל,4,15,1,BUSY
213,4,טבע,4,18,0,FREE
213,4,טבע,4,10,1,BUSY
105,4,סטודנטים,4,15,0,FREE
105,4,סטודנטים,4,9,0,FREE
102,2,סטודנטים,4,14,0,FREE
102,2,סטודנטים,4,10,0,FREE
105,5,סטודנטים,4,15,1,BUSY
105,5,סטודנטים,4,14,1,BUSY
105,105,סטודנטים,4,19,0,FREE
105,105,סטודנטים,4,9,0,FREE
207,1,טבע,4,11,1,BUSY
207,1,טבע,4,9,1,FREE
105,106,סטודנטים,4,8,0,FREE
105,106,סטודנטים,4,14,0,BUSY
404,115,יהדות,4,17,1,FREE
404,115,יהדות,4,9,1,BUSY
403,101,יהדות,4,11,0,FREE
403,101,יהדות,4,15,0,FREE
404,102,יהדות,4,8,1,BUSY
404,102,יהדות,4,13,1,BUSY
105,6,סטודנטים,4,14,0,FREE
105,6,סטודנטים,4,16,0,BUSY
102,4,סטודנטים,4,13,0,FREE
102,4,סטודנטים,4,11,1,BUSY
404,114,יהדות,4,10,1,FREE
404,114,יהדות,4,17,1,BUSY
306,111,משפטים,4,12,1,BUSY
306,111,משפטים,4,16,1,FREE
505,2,מ.ישראל,4,10,1,BUSY
505,2,מ.ישראל,4,13,1,BUSY
604,2,מ.ישראל,4,11,0,BUSY
604,2,מ.ישראל,4,12,0,FREE
605,61,מ.ישראל,4,10,0,FREE
605,61,מ.ישראל,4,11,0,BUSY
410,125,יהדות,4,15,1,BUSY
410,125,יהדות,4,10,1,BUSY
410,46,יהדות,4,11,1,BUSY
410,46,יהדות,4,8,1,BUSY
403,66,יהדות,4,18,0,FREE
403,66,יהדות,4,16,1,BUSY
502,26,מ.ישראל,4,10,1,FREE
502,26,מ.ישראל,4,19,0,FREE
502,25,מ.ישראל,4,9,0,FREE
502,25,מ.ישראל,4,12,1,FREE
403,218,יהדות,4,10,1,BUSY
403,218,יהדות,4,14,1,BUSY
403,113,יהדות,4,8,0,FREE
403,113,יהדות,4,15,0,FREE
410,142,יהדות,4,8,0,BUSY
410,142,יהדות,4,16,0,BUSY
505,61,מ.ישראל,4,9,1,BUSY
505,61,מ.ישראל,4,15,1,BUSY
505,11,מ.ישראל,4,15,0,FREE
505,11,מ.ישראל,4,14,0,FREE
605,105,מ.ישראל,4,16,1,FREE
605,105,מ.ישראל,4,18,1,BUSY
604,1,מ.ישראל,4,15,0,FREE
604,1,מ.ישראל,4,16,1,BUSY
507,14,מ.ישראל,4,16,1,BUSY
507,14,מ.ישראל,4,11,0,FREE
605,4,מ.ישראל,4,9,1,BUSY
605,4,מ.ישראל,4,17,0,FREE
502,62,מ.ישראל,4,13,0,FREE
502,62,מ.ישראל,4,17,0,FREE
605,7,מ.ישראל,4,13,0,FREE
605,7,מ.ישראל,4,9,0,FREE
507,206,מ.ישראל,4,10,1,BUSY
507,206,מ.ישראל,4,17,1,BUSY
504,206,מ.ישראל,4,12,0,FREE
504,206,מ.ישראל,4,8,0,FREE
508,103,מ.ישראל,4,19,0,FREE
508,103,מ.ישראל,4,14,0,FREE
507,106,מ.ישראל,4,13,1,BUSY
507,106,מ.ישראל,4,16,1,BUSY
605,106,מ.ישראל,4,18,0,FREE
605,106,מ.ישראל,4,13,0,FREE
507,108,מ.ישראל,4,10,1,BUSY
507,108,מ.ישראל,4,9,1,BUSY
505,108,מ.ישראל,4,18,0,FREE
505,108,מ.ישראל,4,14,0,BUSY
505,102,מ.ישראל,4,10,0,FREE
505,102,מ.ישראל,4,13,1,FREE
507,6,מ.ישראל,4,19,0,FREE
507,6,מ.ישראל,4,16,1,FREE
507,208,מ.ישראל,4,11,1,BUSY
507,208,מ.ישראל,4,9,1,BUSY
507,205,מ.ישראל,4,10,1,BUSY
507,205,מ.ישראל,4,16,0,FREE
507,3,מ.ישראל,4,14,0,BUSY
507,3,מ.ישראל,4,18,1,BUSY
505,103,מ.ישראל,4,13,1,BUSY
505,103,מ.ישראל,4,14,1,BUSY
507,209,מ.ישראל,4,18,1,FREE
507,209,מ.ישראל,4,12,1,BUSY
507,202,מ.ישראל,4,8,1,BUSY
507,202,מ.ישראל,4,11,0,BUSY
605,103,מ.ישראל,4,16,1,BUSY
605,103,מ.ישראל,4,12,0,BUSY
403,2,יהדות,4,10,1,BUSY
403,2,יהדות,4,13,1,BUSY
507,104,מ.ישראל,4,11,1,BUSY
507,104,מ.ישראל,4,18,0,FREE
507,5,מ.ישראל,4,12,0,FREE
507,5,מ.ישראל,4,14,0,BUSY
507,203,מ.ישראל,4,18,1,BUSY
507,203,מ.ישראל,4,19,1,FREE
305,132,משפטים,4,18,0,FREE
305,132,משפטים,4,14,1,FREE
902,101,חברה,4,12,1,BUSY
902,101,חברה,4,17,0,FREE
902,104,חברה,4,8,0,FREE
902,104,חברה,4,12,1,BUSY
1005,112,רוח,4,13,0,BUSY
1005,112,רוח,4,16,0,FREE
605,65,מ.ישראל,4,17,1,BUSY
605,65,מ.ישראל,4,13,0,FREE
905,116,חברה,4,16,0,BUSY
905,116,חברה,4,17,0,FREE
203,226,טבע,4,17,0,BUSY
203,226,טבע,4,11,0,FREE
902,202,חברה,4,8,0,FREE
902,202,חברה,4,12,1,BUSY
902,102,חברה,4,14,1,BUSY
902,102,חברה,4,10,1,BUSY
1002,201,רוח,4,10,1,FREE
1002,201,רוח,4,15,1,BUSY
605,12,מ.ישראל,4,15,0,FREE
605,12,מ.ישראל,4,9,0,BUSY
502,30,מ.ישראל,4,14,0,FREE
502,30,מ.ישראל,4,12,0,FREE
504,63,מ.ישראל,4,18,1,FREE
504,63,מ.ישראל,4,19,1,FREE
507,13,מ.ישראל,4,16,0,FREE
507,13,מ.ישראל,4,14,0,FREE
507,105,מ.ישראל,4,18,0,FREE
507,105,מ.ישראל,4,12,0,FREE
604,103,מ.ישראל,4,17,1,BUSY
604,103,מ.ישראל,4,8,0,FREE
410,26,יהדות,4,9,0,FREE
410,26,יהדות,4,19,0,FREE
410,6,יהדות,4,16,0,FREE
410,6,יהדות,4,14,0,BUSY
404,66,יהדות,4,16,0,FREE
404,66,יהדות,4,11,0,FREE
605,64,מ.ישראל,4,9,0,FREE
605,64,מ.ישראל,4,14,1,BUSY
505,64,מ.ישראל,4,13,1,BUSY
505,64,מ.ישראל,4,8,1,FREE
403,115,יהדות,4,9,0,FREE
403,115,יהדות,4,10,0,FREE
404,67,יהדות,4,15,0,FREE
404,67,יהדות,4,9,0,FREE
1005,111,רוח,4,10,0,FREE
1005,111,רוח,4,19,0,FREE
1004,305,רוח,4,10,0,FREE
1004,305,רוח,4,8,0,FREE
404,101,יהדות,4,11,1,BUSY
404,101,יהדות,4,8,1,BUSY
1002,305,רוח,4,15,0,FREE
1002,305,רוח,4,13,1,BUSY
504,208,מ.ישראל,4,11,0,BUSY
504,208,מ.ישראל,4,18,0,FREE
211,112,טבע,4,14,1,BUSY
211,112,טבע,4,16,1,BUSY
305,63,משפטים,4,18,0,FREE
305,63,משפטים,4,15,1,BUSY
306,112,משפטים,4,16,0,FREE
306,112,משפטים,4,14,0,BUSY
211,106,טבע,4,10,0,FREE
211,106,טבע,4,19,0,FREE
207,201,טבע,4,19,1,FREE
207,201,טבע,4,11,1,BUSY
305,101,משפטים,4,10,0,FREE
305,101,משפטים,4,17,0,FREE
403,61,יהדות,4,14,0,FREE
403,61,יהדות,4,10,0,BUSY
202,202,טבע,4,19,0,FREE
202,202,טבע,4,14,0,FREE
203,106,טבע,4,17,0,FREE
203,106,טבע,4,8,0,FREE
203,112,טבע,4,18,0,BUSY
203,112,טבע,4,9,0,FREE
105,112,סטודנטים,4,15,0,FREE
105,112,סטודנטים,4,12,0,BUSY
207,6,טבע,4,11,1,BUSY
207,6,טבע,4,14,0,FREE
207,4,טבע,4,8,0,FREE
207,4,טבע,4,9,0,FREE
207,101,טבע,4,9,1,BUSY
207,101,טבע,4,10,1,BUSY
604,6,מ.ישראל,4,13,0,FREE
604,6,מ.ישראל,4,16,0,BUSY
211,22,nan,4,19,0,FREE
211,22,nan,4,11,0,BUSY
211,4,טבע,4,10,0,FREE
211,4,טבע,4,19,0,FREE
507,7,מ.ישראל,4,18,1,FREE
507,7,מ.ישראל,4,11,0,FREE
1401,3,nan,4,17,0,FREE
1401,3,nan,4,15,0,FREE
905,63,חברה,4,13,1,BUSY
905,63,חברה,4,14,0,FREE
901,61,חברה,4,15,0,FREE
901,61,חברה,4,16,0,FREE
403,69,מינץ,4,8,0,FREE
403,69,מינץ,4,15,0,FREE
1401,63,nan,4,10,0,FREE
1401,63,nan,4,15,0,FREE
1401,1,nan,4,10,0,BUSY
1401,1,nan,4,18,0,FREE
507,1,מ.ישראל,4,10,0,FREE
507,1,מ.ישראל,4,13,0,FREE
905,62,חברה,4,11,1,BUSY
905,62,חברה,4,17,1,BUSY
504,10,מ.ישראל,4,19,1,BUSY
504,10,מ.ישראל,4,17,1,BUSY
505,202,מ.ישראל,4,16,0,FREE
505,202,מ.ישראל,4,14,0,BUSY
1002,102,רוח,4,17,1,BUSY
1002,102,רוח,4,10,0,FREE
410,226,יהדות,4,19,0,FREE
410,226,יהדות,4,13,1,BUSY
410,225,יהדות,4,19,0,FREE
410,225,יהדות,4,17,0,FREE
1004,407,רוח,4,14,0,FREE
1004,407,רוח,4,10,0,FREE
1004,402,רוח,4,17,1,FREE
1004,402,רוח,4,11,1,BUSY
505,65,מ.ישראל,4,14,0,FREE
505,65,מ.ישראל,4,9,0,FREE
505,204,מ.ישראל,4,19,0,FREE
505,204,מ.ישראל,4,10,0,FREE
304,1,משפטים,4,15,1,BUSY
304,1,משפטים,4,12,1,BUSY
605,63,מ.ישראל,4,17,0,FREE
605,63,מ.ישראל,4,16,0,FREE
305,10,משפטים,4,8,1,BUSY
305,10,משפטים,4,15,0,FREE
304,61,משפטים,4,13,0,FREE
304,61,משפטים,4,16,0,FREE
604,202,מ.ישראל,4,11,0,FREE
604,202,מ.ישראל,4,9,0,FREE
211,25,nan,4,11,1,BUSY
211,25,nan,4,8,1,BUSY
304,25,משפטים,4,10,0,FREE
304,25,משפטים,4,18,0,FREE
1105,53,הנדסה,4,18,0,FREE
1105,53,הנדסה,4,16,1,BUSY
1401,53,nan,4,19,0,FREE
1401,53,nan,4,16,0,FREE
305,2,משפטים,4,18,0,FREE
305,2,משפטים,4,19,0,FREE
305,4,משפטים,4,15,1,FREE
305,4,משפטים,4,18,1,BUSY
502,23,מ.ישראל,4,18,0,FREE
502,23,מ.ישראל,4,17,0,FREE
503,1,מ.ישראל,4,11,0,FREE
503,1,מ.ישראל,4,12,1,BUSY
404,113,יהדות,4,11,0,FREE
404,113,יהדות,4,16,0,FREE
404,201,יהדות,4,15,0,FREE
404,201,יהדות,4,8,0,FREE
505,203,מ.ישראל,4,19,0,FREE
505,203,מ.ישראל,4,17,0,FREE
1005,19,רוח,4,18,1,FREE
1005,19,רוח,4,17,1,FREE
1005,108,רוח,4,19,0,FREE
1005,108,רוח,4,13,0,BUSY
1005,201,רוח,4,17,0,FREE
1005,201,רוח,4,19,0,FREE
1005,209,רוח,4,19,0,FREE
1005,209,רוח,4,8,0,BUSY
1005,207,רוח,4,12,0,BUSY
1005,207,רוח,4,10,0,FREE
1005,203,רוח,4,13,0,BUSY
1005,203,רוח,4,9,0,FREE
604,201,מ.ישראל,4,17,1,FREE
604,201,מ.ישראל,4,9,0,FREE
305,105,משפטים,4,9,0,FREE
305,105,משפטים,4,10,0,FREE
507,37,מ.ישראל,4,13,0,BUSY
507,37,מ.ישראל,4,9,0,FREE
1104,42,הנדסה,4,8,0,FREE
1104,42,הנדסה,4,13,1,BUSY
1105,42,הנדסה,4,11,0,FREE
1105,42,הנדסה,4,13,0,FREE
1103,22,הנדסה,4,14,1,BUSY
1103,22,הנדסה,4,10,1,BUSY
902,9,חברה,4,15,1,BUSY
902,9,חברה,4,14,1,BUSY
304,9,משפטים,4,9,0,BUSY
304,9,משפטים,4,14,0,FREE
1105,271,הנדסה,4,14,1,BUSY
1105,271,הנדסה,4,17,1,FREE
1104,271,הנדסה,4,15,0,FREE
1104,271,הנדסה,4,17,0,FREE
507,61,מ.ישראל,4,19,0,FREE
507,61,מ.ישראל,4,13,0,BUSY
213,304,טבע,4,13,0,BUSY
213,304,טבע,4,16,0,FREE
213,320,טבע,4,18,0,FREE
213,320,טבע,4,14,0,BUSY
1004,203,רוח,4,8,0,FREE
1004,203,רוח,4,15,0,FREE
1004,212,רוח,4,11,0,FREE
1004,212,רוח,4,13,0,FREE
410,328,יהדות,4,8,0,FREE
410,328,יהדות,4,14,0,FREE
410,332,יהדות,4,13,0,FREE
410,332,יהדות,4,10,0,BUSY
604,204,מ.ישראל,4,18,0,FREE
604,204,מ.ישראל,4,10,0,FREE
1002,203,רוח,4,12,0,BUSY
1002,203,רוח,4,11,1,BUSY
202,301,טבע,4,17,1,BUSY
202,301,טבע,4,10,1,FREE
203,4,טבע,4,14,0,FREE
203,4,טבע,4,18,0,FREE
202,221,טבע,4,11,0,BUSY
202,221,טבע,4,8,0,BUSY
202,205,טבע,4,15,0,FREE
202,205,טבע,4,18,0,FREE
202,304,טבע,4,19,1,BUSY
202,304,טבע,4,10,0,FREE
202,505,טבע,4,9,0,FREE
202,505,טבע,4,15,0,FREE
202,203,טבע,4,18,0,BUSY
202,203,טבע,4,9,0,BUSY
202,303,טבע,4,18,0,FREE
202,303,טבע,4,19,0,FREE
202,201,טבע,4,14,0,FREE
202,201,טבע,4,10,1,BUSY
202,204,טבע,4,18,0,BUSY
202,204,טבע,4,12,0,FREE
505,505,מ.ישראל,4,8,0,FREE
505,505,מ.ישראל,4,12,1,BUSY
902,301,חברה,4,19,0,FREE
902,301,חברה,4,16,1,BUSY
902,12,חברה,4,9,1,BUSY
902,12,חברה,4,8,1,BUSY
902,107,חברה,4,9,0,FREE
902,107,חברה,4,17,1,BUSY
905,217,חברה,4,14,1,BUSY
905,217,חברה,4,19,1,BUSY
902,217,חברה,4,15,0,FREE
902,217,חברה,4,16,0,FREE
902,110,חברה,4,19,0,FREE
902,110,חברה,4,11,0,FREE
902,109,חברה,4,13,0,FREE
902,109,חברה,4,16,0,FREE
507,23,מ.ישראל,4,9,0,FREE
507,23,מ.ישראל,4,8,0,FREE
1004,406,רוח,4,12,0,FREE
1004,406,רוח,4,18,0,FREE
1105,368,הנדסה,4,19,0,FREE
1105,368,הנדסה,4,16,1,FREE
1102,2,הנדסה,4,11,1,BUSY
1102,2,הנדסה,4,14,0,BUSY
1104,244,הנדסה,4,15,1,BUSY
1104,244,הנדסה,4,12,1,BUSY
1104,249,הנדסה,4,9,1,BUSY
1104,249,הנדסה,4,15,1,BUSY
1104,243,הנדסה,4,12,1,BUSY
1104,243,הנדסה,4,9,1,BUSY
1103,42,הנדסה,4,18,0,FREE
1103,42,הנדסה,4,9,0,FREE
1401,4,nan,4,19,0,FREE
1401,4,nan,4,11,0,FREE
1105,3,הנדסה,4,16,0,FREE
1105,3,הנדסה,4,8,0,FREE
1102,4,הנדסה,4,15,0,FREE
1102,4,הנדסה,4,12,0,BUSY
A1300,2,מעונות,4,18,0,FREE
A1300,2,מעונות,4,13,1,BUSY
A1300,1,מעונות,4,9,1,BUSY
A1300,1,מעונות,4,8,0,FREE
901,4,חברה,4,14,1,BUSY
901,4,חברה,4,19,0,FREE
1103,223,הנדסה,4,10,0,FREE
1103,223,הנדסה,4,14,1,BUSY
1102,205,הנדסה,4,9,0,FREE
1102,205,הנדסה,4,16,1,FREE
1105,366,הנדסה,4,18,0,FREE
1105,366,הנדסה,4,13,0,BUSY
1104,344,הנדסה,4,12,1,BUSY
1104,344,הנדסה,4,18,0,FREE
1104,347,הנדסה,4,17,0,FREE
1104,347,הנדסה,4,19,0,BUSY
1103,224,הנדסה,4,17,0,FREE
1103,224,הנדסה,4,19,0,BUSY
1002,112,רוח,4,15,0,FREE
1002,112,רוח,4,9,0,FREE
905,119,חברה,4,12,1,BUSY
905,119,חברה,4,15,1,BUSY
905,118,חברה,4,18,0,FREE
905,118,חברה,4,19,0,FREE
905,319,חברה,4,11,0,FREE
905,319,חברה,4,10,0,BUSY
905,418,חברה,4,19,1,BUSY
905,418,חברה,4,10,1,BUSY
905,416,חברה,4,11,0,FREE
905,416,חברה,4,12,0,FREE
905,211,חברה,4,19,0,FREE
905,211,חברה,4,13,0,BUSY
905,321,חברה,4,9,0,FREE
905,321,חברה,4,10,0,BUSY
905,311,חברה,4,16,0,FREE
905,311,חברה,4,18,0,FREE
905,2,חברה,4,17,0,FREE
905,2,חברה,4,19,0,FREE
905,317,חברה,4,9,0,FREE
905,317,חברה,4,10,0,FREE
502,63,מ.ישראל,4,15,0,FREE
502,63,מ.ישראל,4,11,0,FREE
212,214,טבע,4,12,0,FREE
212,214,טבע,4,19,0,FREE
211,21,nan,4,17,0,FREE
211,21,nan,4,8,0,FREE
211,17,nan,4,11,1,BUSY
211,17,nan,4,15,0,BUSY
505,7,מ.ישראל,4,11,0,FREE
505,7,מ.ישראל,4,10,0,FREE
212,212,nan,4,11,0,FREE
212,212,nan,4,15,0,FREE
212,1,טבע,4,14,0,FREE
212,1,טבע,4,18,0,BUSY
304,4,משפטים,4,19,0,FREE
304,4,משפטים,4,15,1,BUSY
403,3,יהדות,4,11,0,FREE
403,3,יהדות,4,10,0,FREE
905,25,חברה,4,18,0,FREE
905,25,חברה,4,14,1,BUSY
212,310,טבע,4,12,0,FREE
212,310,טבע,4,11,0,BUSY
212,1,nan,4,15,0,FREE
212,1,nan,4,8,0,FREE
212,3,טבע,4,15,1,BUSY
212,3,טבע,4,19,0,FREE
212,21,nan,4,8,0,FREE
212,21,nan,4,17,0,FREE
203,212,טבע,4,8,0,FREE
203,212,טבע,4,19,0,FREE
304,69,משפטים,4,13,0,FREE
304,69,משפטים,4,19,0,FREE
305,11,משפטים,4,12,0,FREE
305,11,משפטים,4,17,0,FREE
901,11,חברה,4,12,1,BUSY
901,11,חברה,4,8,0,BUSY
211,3,nan,4,8,0,FREE
211,3,nan,4,14,1,BUSY
213,61,טבע,4,14,0,BUSY
213,61,טבע,4,16,0,FREE
211,9,nan,4,12,0,BUSY
211,9,nan,4,14,0,BUSY
902,1,חברה,4,18,1,BUSY
902,1,חברה,4,12,0,FREE
304,7,משפטים,4,14,1,BUSY
304,7,משפטים,4,8,0,FREE
403,1,מינץ,4,13,1,FREE
403,1,מינץ,4,12,1,BUSY
211,7,nan,4,17,0,FREE
211,7,nan,4,14,0,FREE
501,11,מ.ישראל,4,15,0,FREE
501,11,מ.ישראל,4,19,0,FREE
507,11,מ.ישראל,4,12,0,BUSY
507,11,מ.ישראל,4,19,0,FREE
1401,7,nan,4,14,0,BUSY
1401,7,nan,4,15,0,BUSY
211,63,nan,4,10,0,FREE
211,63,nan,4,15,1,BUSY
105,134,סטודנטים,4,19,0,BUSY
105,134,סטודנטים,4,18,0,FREE
305,3,משפטים,4,14,0,FREE
305,3,משפטים,4,19,0,FREE
404,133,יהדות,4,13,0,FREE
404,133,יהדות,4,10,0,FREE
306,1,משפטים,4,13,0,FREE
306,1,משפטים,4,19,0,FREE
304,132,משפטים,4,18,0,FREE
304,132,משפטים,4,11,0,FREE
105,132,סטודנטים,4,10,0,FREE
105,132,סטודנטים,4,9,0,FREE
404,134,יהדות,4,15,0,FREE
404,134,יהדות,4,18,0,FREE
404,65,יהדות,4,9,0,FREE
404,65,יהדות,4,17,0,FREE
102,133,סטודנטים,4,10,0,FREE
102,133,סטודנטים,4,8,0,FREE
305,104,משפטים,4,18,1,BUSY
305,104,משפטים,4,13,0,FREE
507,10,מ.ישראל,4,14,0,FREE
507,10,מ.ישראל,4,19,0,FREE
507,62,מ.ישראל,4,9,0,FREE
507,62,מ.ישראל,4,14,0,BUSY
604,309,מ.ישראל,4,18,0,FREE
604,309,מ.ישראל,4,8,0,BUSY
901,101,חברה,4,11,0,FREE
901,101,חברה,4,9,1,FREE
901,102,חברה,4,18,0,FREE
901,102,חברה,4,9,0,BUSY
301,202,פלדמן,4,18,0,FREE
301,202,פלדמן,4,17,0,FREE
905,104,חברה,4,13,0,FREE
905,104,חברה,4,10,0,FREE
507,107,מ.ישראל,0,11,1,BUSY
507,107,מ.ישראל,0,10,1,BUSY
905,61,חברה,0,12,1,BUSY
905,61,חברה,0,15,1,FREE
1401,2,nan,0,17,1,BUSY
1401,2,nan,0,9,0,FREE
402,63,יהדות,0,17,1,BUSY
402,63,יהדות,0,12,1,BUSY
203,221,טבע,0,11,1,BUSY
203,221,טבע,0,8,0,FREE
1002,1,רוח,0,9,1,BUSY
1002,1,רוח,0,10,1,BUSY
604,63,מ.ישראל,0,16,1,BUSY
604,63,מ.ישראל,0,15,1,FREE
604,64,מ.ישראל,0,14,1,BUSY
604,64,מ.ישראל,0,9,0,FREE
604,105,מ.ישראל,0,9,1,BUSY
604,105,מ.ישראל,0,8,0,FREE
403,211,יהדות,0,11,0,FREE
403,211,יהדות,0,12,0,FREE
604,102,מ.ישראל,0,10,1,BUSY
604,102,מ.ישראל,0,18,1,BUSY
403,217,יהדות,0,15,1,BUSY
403,217,יהדות,0,11,1,BUSY
305,133,משפטים,0,15,0,FREE
305,133,משפטים,0,13,0,FREE
504,2,מ.ישראל,0,14,1,BUSY
504,2,מ.ישראל,0,17,1,BUSY
507,102,מ.ישראל,0,10,1,BUSY
507,102,מ.ישראל,0,9,1,BUSY
604,62,מ.ישראל,0,8,0,FREE
604,62,מ.ישראל,0,17,1,FREE
1002,405,רוח,0,14,1,FREE
1002,405,רוח,0,13,1,BUSY
902,210,חברה,0,16,1,BUSY
902,210,חברה,0,12,0,BUSY
508,7,מ.ישראל,0,19,0,BUSY
508,7,מ.ישראל,0,12,1,BUSY
502,8,מ.ישראל,0,18,0,BUSY
502,8,מ.ישראל,0,19,0,FREE
605,104,מ.ישראל,0,11,0,BUSY
605,104,מ.ישראל,0,9,0,FREE
1002,61,רוח,0,18,0,FREE
1002,61,רוח,0,8,0,FREE
507,4,מ.ישראל,0,10,1,BUSY
507,4,מ.ישראל,0,13,1,BUSY
504,4,מ.ישראל,0,9,1,BUSY
504,4,מ.ישראל,0,11,1,BUSY
1002,202,רוח,0,17,1,BUSY
1002,202,רוח,0,14,1,BUSY
502,6,מ.ישראל,0,12,0,FREE
502,6,מ.ישראל,0,19,0,BUSY
502,7,מ.ישראל,0,17,0,FREE
502,7,מ.ישראל,0,19,0,FREE
505,4,מ.ישראל,0,14,0,FREE
505,4,מ.ישראל,0,11,0,FREE
502,9,מ.ישראל,0,9,0,FREE
502,9,מ.ישראל,0,16,0,FREE
1005,109,רוח,0,8,0,FREE
1005,109,רוח,0,9,0,FREE
902,103,חברה,0,15,0,FREE
902,103,חברה,0,16,1,BUSY
502,37,מ.ישראל,0,18,1,BUSY
502,37,מ.ישראל,0,10,1,BUSY
902,201,חברה,0,11,0,FREE
902,201,חברה,0,18,1,FREE
604,205,מ.ישראל,0,17,1,BUSY
604,205,מ.ישראל,0,14,1,BUSY
505,63,מ.ישראל,0,18,1,BUSY
505,63,מ.ישראל,0,17,1,BUSY
504,5,מ.ישראל,0,16,1,BUSY
504,5,מ.ישראל,0,11,1,FREE
305,5,משפטים,0,14,0,BUSY
305,5,משפטים,0,17,0,BUSY
605,14,מ.ישראל,0,17,0,FREE
605,14,מ.ישראל,0,9,1,BUSY
505,105,מ.ישראל,0,8,0,FREE
505,105,מ.ישראל,0,18,1,FREE
502,24,מ.ישראל,0,15,1,BUSY
502,24,מ.ישראל,0,16,1,FREE
505,5,מ.ישראל,0,9,1,BUSY
505,5,מ.ישראל,0,19,0,FREE
404,68,יהדות,0,18,0,FREE
404,68,יהדות,0,15,1,BUSY
305,134,משפטים,0,16,1,BUSY
305,134,משפטים,0,9,1,BUSY
105,103,סטודנטים,0,19,0,FREE
105,103,סטודנטים,0,8,0,FREE
105,104,סטודנטים,0,14,0,FREE
105,104,סטודנטים,0,17,0,BUSY
105,101,סטודנטים,0,19,1,BUSY
105,101,סטודנטים,0,13,1,FREE
105,102,סטודנטים,0,16,0,FREE
105,102,סטודנטים,0,12,0,FREE
105,1,סטודנטים,0,8,0,BUSY
105,1,סטודנטים,0,14,1,BUSY
304,3,משפטים,0,8,1,BUSY
304,3,משפטים,0,9,1,BUSY
305,6,משפטים,0,11,0,FREE
305,6,משפטים,0,15,0,FREE
105,61,סטודנטים,0,19,0,FREE
105,61,סטודנטים,0,18,0,BUSY
105,2,סטודנטים,0,13,0,BUSY
105,2,סטודנטים,0,17,0,FREE
304,2,משפטים,0,8,1,BUSY
304,2,משפטים,0,17,1,BUSY
105,3,סטודנטים,0,18,0,BUSY
105,3,סטודנטים,0,15,0,BUSY
605,101,מ.ישראל,0,19,1,BUSY
605,101,מ.ישראל,0,13,1,FREE
605,102,מ.ישראל,0,14,1,BUSY
605,102,מ.ישראל,0,8,1,BUSY
604,11,מ.ישראל,0,17,1,BUSY
604,11,מ.ישראל,0,16,1,BUSY
605,11,מ.ישראל,0,11,1,BUSY
605,11,מ.ישראל,0,15,1,BUSY
604,12,מ.ישראל,0,15,0,FREE
604,12,מ.ישראל,0,11,1,BUSY
504,6,מ.ישראל,0,8,0,FREE
504,6,מ.ישראל,0,9,0,BUSY
605,202,מ.ישראל,0,18,1,BUSY
605,202,מ.ישראל,0,8,0,FREE
604,14,מ.ישראל,0,13,0,BUSY
604,14,מ.ישראל,0,18,1,BUSY
507,101,מ.ישראל,0,10,1,BUSY
507,101,מ.ישראל,0,13,1,BUSY
507,103,מ.ישראל,0,13,1,BUSY
507,103,מ.ישראל,0,15,1,BUSY
504,7,מ.ישראל,0,18,1,BUSY
504,7,מ.ישראל,0,11,1,BUSY
604,13,מ.ישראל,0,18,1,BUSY
604,13,מ.ישראל,0,9,1,BUSY
505,1,מ.ישראל,0,18,0,FREE
505,1,מ.ישראל,0,13,0,FREE
504,3,מ.ישראל,0,13,1,BUSY
504,3,מ.ישראל,0,17,1,BUSY
604,101,מ.ישראל,0,11,1,BUSY
604,101,מ.ישראל,0,15,1,BUSY
507,201,מ.ישראל,0,9,0,FREE
507,201,מ.ישראל,0,18,1,BUSY
403,67,יהדות,0,15,1,FREE
403,67,יהדות,0,8,0,FREE
507,204,מ.ישראל,0,19,1,BUSY
507,204,מ.ישראל,0,12,1,BUSY
505,106,מ.ישראל,0,16,1,BUSY
505,106,מ.ישראל,0,18,1,BUSY
505,62,מ.ישראל,0,8,0,FREE
505,62,מ.ישראל,0,16,1,BUSY
505,104,מ.ישראל,0,17,0,FREE
505,104,מ.ישראל,0,14,1,BUSY
605,13,מ.ישראל,0,13,1,BUSY
605,13,מ.ישראל,0,14,1,BUSY
501,25,מ.ישראל,0,9,0,FREE
501,25,מ.ישראל,0,16,1,BUSY
505,201,מ.ישראל,0,11,1,BUSY
505,201,מ.ישראל,0,12,1,BUSY
505,3,מ.ישראל,0,8,0,FREE
505,3,מ.ישראל,0,17,1,BUSY
507,207,מ.ישראל,0,18,1,BUSY
507,207,מ.ישראל,0,19,1,BUSY
604,61,מ.ישראל,0,15,1,BUSY
604,61,מ.ישראל,0,19,0,BUSY
507,2,מ.ישראל,0,10,1,BUSY
507,2,מ.ישראל,0,8,0,BUSY
505,101,מ.ישראל,0,11,0,FREE
505,101,מ.ישראל,0,16,0,FREE
905,417,חברה,0,16,0,FREE
905,417,חברה,0,13,1,BUSY
504,1,מ.ישראל,0,8,0,FREE
504,1,מ.ישראל,0,12,0,BUSY
605,201,מ.ישראל,0,19,0,FREE
605,201,מ.ישראל,0,10,0,BUSY
604,104,מ.ישראל,0,11,1,BUSY
604,104,מ.ישראל,0,19,1,BUSY
213,4,טבע,0,17,0,FREE
213,4,טבע,0,18,1,BUSY
105,4,סטודנטים,0,19,1,BUSY
105,4,סטודנטים,0,15,0,FREE
102,2,סטודנטים,0,8,0,FREE
102,2,סטודנטים,0,10,0,FREE
105,5,סטודנטים,0,16,0,BUSY
105,5,סטודנטים,0,17,0,FREE
105,105,סטודנטים,0,12,1,BUSY
105,105,סטודנטים,0,10,0,FREE
207,1,טבע,0,8,0,FREE
207,1,טבע,0,11,1,BUSY
105,106,סטודנטים,0,16,0,FREE
105,106,סטודנטים,0,12,1,BUSY
404,115,יהדות,0,14,1,BUSY
404,115,יהדות,0,17,0,FREE
403,101,יהדות,0,10,0,FREE
403,101,יהדות,0,12,0,BUSY
404,102,יהדות,0,13,1,BUSY
404,102,יהדות,0,8,0,FREE
105,6,סטודנטים,0,12,0,BUSY
105,6,סטודנטים,0,15,0,FREE
102,4,סטודנטים,0,8,1,BUSY
102,4,סטודנטים,0,16,1,BUSY
404,114,יהדות,0,19,1,BUSY
404,114,יהדות,0,14,0,FREE
306,111,משפטים,0,11,0,FREE
306,111,משפטים,0,14,0,FREE
505,2,מ.ישראל,0,19,0,FREE
505,2,מ.ישראל,0,17,1,BUSY
604,2,מ.ישראל,0,18,0,BUSY
604,2,מ.ישראל,0,14,0,BUSY
605,61,מ.ישראל,0,10,0,FREE
605,61,מ.ישראל,0,9,0,BUSY
410,125,יהדות,0,15,0,FREE
410,125,יהדות,0,19,1,BUSY
410,46,יהדות,0,12,1,BUSY
410,46,יהדות,0,10,1,BUSY
403,66,יהדות,0,9,0,FREE
403,66,יהדות,0,14,1,BUSY
502,26,מ.ישראל,0,9,0,FREE
502,26,מ.ישראל,0,16,1,BUSY
502,25,מ.ישראל,0,19,0,FREE
502,25,מ.ישראל,0,11,0,BUSY
403,218,יהדות,0,13,1,BUSY
403,218,יהדות,0,9,0,FREE
403,113,יהדות,0,12,0,FREE
403,113,יהדות,0,13,0,BUSY
410,142,יהדות,0,18,1,FREE
410,142,יהדות,0,11,1,BUSY
505,61,מ.ישראל,0,19,1,BUSY
505,61,מ.ישראל,0,10,1,BUSY
505,11,מ.ישראל,0,10,0,FREE
505,11,מ.ישראל,0,13,0,BUSY
605,105,מ.ישראל,0,8,0,FREE
605,105,מ.ישראל,0,9,0,FREE
604,1,מ.ישראל,0,10,0,FREE
604,1,מ.ישראל,0,18,0,FREE
507,14,מ.ישראל,0,15,0,FREE
507,14,מ.ישראל,0,11,0,FREE
605,4,מ.ישראל,0,12,0,BUSY
605,4,מ.ישראל,0,8,0,FREE
502,62,מ.ישראל,0,16,0,FREE
502,62,מ.ישראל,0,14,0,BUSY
605,7,מ.ישראל,0,8,0,FREE
605,7,מ.ישראל,0,11,0,FREE
507,206,מ.ישראל,0,10,0,FREE
507,206,מ.ישראל,0,12,0,BUSY
504,206,מ.ישראל,0,18,0,BUSY
504,206,מ.ישראל,0,15,0,FREE
508,103,מ.ישראל,0,13,0,FREE
508,103,מ.ישראל,0,15,0,BUSY
507,106,מ.ישראל,0,12,1,BUSY
507,106,מ.ישראל,0,13,1,FREE
605,106,מ.ישראל,0,19,0,FREE
605,106,מ.ישראל,0,18,0,FREE
507,108,מ.ישראל,0,16,1,BUSY
507,108,מ.ישראל,0,9,0,FREE
505,108,מ.ישראל,0,8,0,FREE
505,108,מ.ישראל,0,11,0,BUSY
505,102,מ.ישראל,0,18,1,BUSY
505,102,מ.ישראל,0,17,1,BUSY
507,6,מ.ישראל,0,9,0,BUSY
507,6,מ.ישראל,0,10,1,BUSY
507,208,מ.ישראל,0,8,0,FREE
507,208,מ.ישראל,0,9,0,FREE
507,205,מ.ישראל,0,8,0,FREE
507,205,מ.ישראל,0,14,0,FREE
507,3,מ.ישראל,0,13,1,BUSY
507,3,מ.ישראל,0,8,1,FREE
505,103,מ.ישראל,0,19,1,BUSY
505,103,מ.ישראל,0,8,1,BUSY
507,209,מ.ישראל,0,11,1,BUSY
507,209,מ.ישראל,0,12,1,BUSY
507,202,מ.ישראל,0,19,0,BUSY
507,202,מ.ישראל,0,8,0,FREE
605,103,מ.ישראל,0,12,1,BUSY
605,103,מ.ישראל,0,10,0,FREE
403,2,יהדות,0,17,1,BUSY
403,2,יהדות,0,11,1,BUSY
507,104,מ.ישראל,0,8,1,BUSY
507,104,מ.ישראל,0,15,1,BUSY
507,5,מ.ישראל,0,8,0,FREE
507,5,מ.ישראל,0,16,1,FREE
507,203,מ.ישראל,0,11,0,FREE
507,203,מ.ישראל,0,17,0,BUSY
305,132,משפטים,0,18,0,FREE
305,132,משפטים,0,16,1,BUSY
902,101,חברה,0,12,1,BUSY
902,101,חברה,0,14,1,BUSY
902,104,חברה,0,10,1,BUSY
902,104,חברה,0,15,1,FREE
1005,112,רוח,0,12,0,FREE
1005,112,רוח,0,11,0,FREE
605,65,מ.ישראל,0,14,1,BUSY
605,65,מ.ישראל,0,8,0,FREE
905,116,חברה,0,14,1,BUSY
905,116,חברה,0,10,1,FREE
203,226,טבע,0,16,1,BUSY
203,226,טבע,0,11,1,BUSY
902,202,חברה,0,19,1,BUSY
902,202,חברה,0,10,0,FREE
902,102,חברה,0,10,1,BUSY
902,102,חברה,0,14,0,FREE
1002,201,רוח,0,12,1,BUSY
1002,201,רוח,0,17,1,FREE
605,12,מ.ישראל,0,11,1,BUSY
605,12,מ.ישראל,0,10,1,FREE
502,30,מ.ישראל,0,13,0,BUSY
502,30,מ.ישראל,0,17,0,FREE
504,63,מ.ישראל,0,8,0,FREE
504,63,מ.ישראל,0,13,0,FREE
507,13,מ.ישראל,0,10,0,FREE
507,13,מ.ישראל,0,16,0,FREE
507,105,מ.ישראל,0,16,0,BUSY
507,105,מ.ישראל,0,19,0,FREE
604,103,מ.ישראל,0,17,1,FREE
604,103,מ.ישראל,0,11,1,BUSY
410,26,יהדות,0,18,0,FREE
410,26,יהדות,0,10,0,BUSY
410,6,יהדות,0,15,0,FREE
410,6,יהדות,0,18,1,BUSY
404,66,יהדות,0,8,0,FREE
404,66,יהדות,0,19,0,FREE
605,64,מ.ישראל,0,13,1,BUSY
605,64,מ.ישראל,0,17,0,FREE
505,64,מ.ישראל,0,12,0,BUSY
505,64,מ.ישראל,0,9,0,BUSY
403,115,יהדות,0,16,0,FREE
403,115,יהדות,0,8,0,FREE
404,67,יהדות,0,13,0,FREE
404,67,יהדות,0,16,0,FREE
1005,111,רוח,0,15,1,BUSY
1005,111,רוח,0,9,0,FREE
1004,305,רוח,0,14,0,FREE
1004,305,רוח,0,11,1,FREE
404,101,יהדות,0,16,1,BUSY
404,101,יהדות,0,19,1,FREE
1002,305,רוח,0,13,1,BUSY
1002,305,רוח,0,16,1,FREE
504,208,מ.ישראל,0,10,0,BUSY
504,208,מ.ישראל,0,18,0,BUSY
211,112,טבע,0,13,1,BUSY
211,112,טבע,0,9,1,BUSY
305,63,משפטים,0,13,0,FREE
305,63,משפטים,0,16,0,FREE
306,112,משפטים,0,10,0,FREE
306,112,משפטים,0,11,0,FREE
211,106,טבע,0,16,0,BUSY
211,106,טבע,0,12,0,FREE
207,201,טבע,0,12,1,BUSY
207,201,טבע,0,13,1,BUSY
305,101,משפטים,0,8,0,FREE
305,101,משפטים,0,11,0,BUSY
403,61,יהדות,0,14,0,FREE
403,61,יהדות,0,11,0,FREE
202,202,טבע,0,16,0,BUSY
202,202,טבע,0,12,0,FREE
203,106,טבע,0,14,0,BUSY
203,106,טבע,0,19,0,BUSY
203,112,טבע,0,17,0,BUSY
203,112,טבע,0,9,0,FREE
105,112,סטודנטים,0,18,0,BUSY
105,112,סטודנטים,0,14,0,FREE
207,6,טבע,0,11,0,FREE
207,6,טבע,0,14,0,FREE
207,4,טבע,0,15,0,FREE
207,4,טבע,0,18,0,FREE
207,101,טבע,0,8,0,BUSY
207,101,טבע,0,13,0,BUSY
604,6,מ.ישראל,0,9,0,FREE
604,6,מ.ישראל,0,17,0,FREE
211,22,nan,0,10,1,BUSY
211,22,nan,0,19,0,FREE
211,4,טבע,0,13,0,FREE
211,4,טבע,0,19,0,BUSY
507,7,מ.ישראל,0,11,1,BUSY
507,7,מ.ישראל,0,16,1,BUSY
1401,3,nan,0,18,1,BUSY
1401,3,nan,0,14,1,BUSY
905,63,חברה,0,14,1,BUSY
905,63,חברה,0,15,1,BUSY
901,61,חברה,0,19,1,BUSY
901,61,חברה,0,10,1,FREE
403,69,מינץ,0,16,1,BUSY
403,69,מינץ,0,19,0,FREE
1401,63,nan,0,17,0,FREE
1401,63,nan,0,8,0,FREE
1401,1,nan,0,19,0,FREE
1401,1,nan,0,16,1,BUSY
507,1,מ.ישראל,0,9,0,FREE
507,1,מ.ישראל,0,14,1,BUSY
905,62,חברה,0,11,0,FREE
905,62,חברה,0,16,1,FREE
504,10,מ.ישראל,0,8,0,FREE
504,10,מ.ישראל,0,11,0,FREE
505,202,מ.ישראל,0,9,0,BUSY
505,202,מ.ישראל,0,16,0,FREE
1002,102,רוח,0,19,1,FREE
1002,102,רוח,0,14,1,BUSY
410,226,יהדות,0,9,1,BUSY
410,226,יהדות,0,13,1,BUSY
410,225,יהדות,0,17,0,FREE
410,225,יהדות,0,15,0,FREE
1004,407,רוח,0,11,0,FREE
1004,407,רוח,0,15,0,FREE
1004,402,רוח,0,16,0,FREE
1004,402,רוח,0,19,0,FREE
505,65,מ.ישראל,0,12,0,FREE
505,65,מ.ישראל,0,8,0,FREE
505,204,מ.ישראל,0,14,0,FREE
505,204,מ.ישראל,0,19,0,FREE
304,1,משפטים,0,10,1,BUSY
304,1,משפטים,0,9,1,BUSY
605,63,מ.ישראל,0,10,0,FREE
605,63,מ.ישראל,0,16,1,BUSY
305,10,משפטים,0,18,1,FREE
305,10,משפטים,0,11,1,BUSY
304,61,משפטים,0,13,0,FREE
304,61,משפטים,0,12,0,FREE
604,202,מ.ישראל,0,17,0,FREE
604,202,מ.ישראל,0,16,0,FREE
211,25,nan,0,17,1,BUSY
211,25,nan,0,15,1,BUSY
304,25,משפטים,0,10,0,FREE
304,25,משפטים,0,19,0,BUSY
1105,53,הנדסה,0,8,1,BUSY
1105,53,הנדסה,0,14,0,FREE
1401,53,nan,0,13,0,FREE
1401,53,nan,0,12,0,BUSY
305,2,משפטים,0,8,0,FREE
305,2,משפטים,0,9,0,FREE
305,4,משפטים,0,18,1,BUSY
305,4,משפטים,0,11,1,FREE
502,23,מ.ישראל,0,12,0,FREE
502,23,מ.ישראל,0,13,0,FREE
503,1,מ.ישראל,0,13,1,BUSY
503,1,מ.ישראל,0,8,0,BUSY
404,113,יהדות,0,12,0,FREE
404,113,יהדות,0,8,0,FREE
404,201,יהדות,0,16,0,FREE
404,201,יהדות,0,14,1,BUSY
505,203,מ.ישראל,0,14,0,FREE
505,203,מ.ישראל,0,11,0,FREE
1005,19,רוח,0,13,0,FREE
1005,19,רוח,0,12,0,FREE
1005,108,רוח,0,17,0,FREE
1005,108,רוח,0,16,0,FREE
1005,201,רוח,0,13,0,FREE
1005,201,רוח,0,16,1,FREE
1005,209,רוח,0,15,0,FREE
1005,209,רוח,0,16,0,FREE
1005,207,רוח,0,11,0,FREE
1005,207,רוח,0,12,0,FREE
1005,203,רוח,0,16,0,FREE
1005,203,רוח,0,10,0,FREE
604,201,מ.ישראל,0,11,0,FREE
604,201,מ.ישראל,0,15,0,BUSY
305,105,משפטים,0,8,0,FREE
305,105,משפטים,0,11,0,FREE
507,37,מ.ישראל,0,14,0,BUSY
507,37,מ.ישראל,0,17,0,FREE
1104,42,הנדסה,0,14,1,BUSY
1104,42,הנדסה,0,9,1,FREE
1105,42,הנדסה,0,13,0,FREE
1105,42,הנדסה,0,19,0,FREE
1103,22,הנדסה,0,15,1,BUSY
1103,22,הנדסה,0,14,1,BUSY
902,9,חברה,0,18,1,FREE
902,9,חברה,0,9,0,BUSY
304,9,משפטים,0,18,0,FREE
304,9,משפטים,0,13,0,FREE
1105,271,הנדסה,0,18,1,BUSY
1105,271,הנדסה,0,12,1,BUSY
1104,271,הנדסה,0,10,0,BUSY
1104,271,הנדסה,0,19,0,FREE
507,61,מ.ישראל,0,12,0,FREE
507,61,מ.ישראל,0,15,0,FREE
213,304,טבע,0,12,1,BUSY
213,304,טבע,0,10,1,BUSY
213,320,טבע,0,8,0,BUSY
213,320,טבע,0,14,0,BUSY
1004,203,רוח,0,11,0,FREE
1004,203,רוח,0,8,1,BUSY
1004,212,רוח,0,9,1,BUSY
1004,212,רוח,0,16,1,BUSY
410,328,יהדות,0,16,1,BUSY
410,328,יהדות,0,17,1,BUSY
410,332,יהדות,0,10,0,FREE
410,332,יהדות,0,13,0,BUSY
604,204,מ.ישראל,0,16,0,FREE
604,204,מ.ישראל,0,17,0,FREE
1002,203,רוח,0,11,0,FREE
1002,203,רוח,0,8,0,FREE
202,301,טבע,0,13,1,FREE
202,301,טבע,0,17,1,BUSY
203,4,טבע,0,19,0,BUSY
203,4,טבע,0,12,0,FREE
202,221,טבע,0,12,0,FREE
202,221,טבע,0,11,0,FREE
202,205,טבע,0,19,0,FREE
202,205,טבע,0,17,0,BUSY
202,304,טבע,0,16,0,FREE
202,304,טבע,0,13,0,FREE
202,505,טבע,0,11,1,BUSY
202,505,טבע,0,13,0,FREE
202,203,טבע,0,10,0,FREE
202,203,טבע,0,11,0,FREE
202,303,טבע,0,8,0,BUSY
202,303,טבע,0,17,0,FREE
202,201,טבע,0,14,0,BUSY
202,201,טבע,0,17,0,BUSY
202,204,טבע,0,14,0,BUSY
202,204,טבע,0,9,0,FREE
505,505,מ.ישראל,0,18,0,BUSY
505,505,מ.ישראל,0,12,0,FREE
902,301,חברה,0,11,0,FREE
902,301,חברה,0,10,0,FREE
902,12,חברה,0,19,1,BUSY
902,12,חברה,0,12,1,BUSY
902,107,חברה,0,18,0,FREE
902,107,חברה,0,9,0,FREE
905,217,חברה,0,12,0,FREE
905,217,חברה,0,14,1,BUSY
902,217,חברה,0,13,0,FREE
902,217,חברה,0,18,0,BUSY
902,110,חברה,0,10,0,BUSY
902,110,חברה,0,12,0,BUSY
902,109,חברה,0,8,0,FREE
902,109,חברה,0,9,0,BUSY
507,23,מ.ישראל,0,13,0,BUSY
507,23,מ.ישראל,0,10,0,FREE
1004,406,רוח,0,17,0,FREE
1004,406,רוח,0,11,1,BUSY
1105,368,הנדסה,0,9,0,FREE
1105,368,הנדסה,0,11,0,BUSY
1102,2,הנדסה,0,19,1,BUSY
1102,2,הנדסה,0,16,1,BUSY
1104,244,הנדסה,0,19,1,BUSY
1104,244,הנדסה,0,16,1,BUSY
1104,249,הנדסה,0,13,1,BUSY
1104,249,הנדסה,0,14,1,BUSY
1104,243,הנדסה,0,8,0,FREE
1104,243,הנדסה,0,10,1,FREE
1103,42,הנדסה,0,14,0,BUSY
1103,42,הנדסה,0,10,0,BUSY
1401,4,nan,0,11,1,BUSY
1401,4,nan,0,17,0,BUSY
1105,3,הנדסה,0,12,0,BUSY
1105,3,הנדסה,0,16,0,FREE
1102,4,הנדסה,0,18,0,FREE
1102,4,הנדסה,0,17,0,FREE
A1300,2,מעונות,0,18,1,BUSY
A1300,2,מעונות,0,10,1,BUSY
A1300,1,מעונות,0,11,1,FREE
A1300,1,מעונות,0,12,1,BUSY
901,4,חברה,0,17,0,FREE
901,4,חברה,0,16,0,FREE
1103,223,הנדסה,0,8,0,FREE
1103,223,הנדסה,0,10,0,FREE
1102,205,הנדסה,0,15,0,FREE
1102,205,הנדסה,0,19,0,BUSY
1105,366,הנדסה,0,16,0,FREE
1105,366,הנדסה,0,8,0,FREE
1104,344,הנדסה,0,18,1,BUSY
1104,344,הנדסה,0,11,1,BUSY
1104,347,הנדסה,0,13,1,FREE
1104,347,הנדסה,0,17,1,BUSY
1103,224,הנדסה,0,11,1,FREE
1103,224,הנדסה,0,18,0,FREE
1002,112,רוח,0,17,0,FREE
1002,112,רוח,0,8,0,FREE
905,119,חברה,0,13,1,BUSY
905,119,חברה,0,17,1,BUSY
905,118,חברה,0,15,0,BUSY
905,118,חברה,0,11,1,BUSY
905,319,חברה,0,8,0,FREE
905,319,חברה,0,17,0,FREE
905,418,חברה,0,9,0,BUSY
905,418,חברה,0,13,1,BUSY
905,416,חברה,0,15,0,FREE
905,416,חברה,0,9,0,FREE
905,211,חברה,0,8,0,FREE
905,211,חברה,0,17,1,BUSY
905,321,חברה,0,19,0,FREE
905,321,חברה,0,15,0,BUSY
905,311,חברה,0,11,0,FREE
905,311,חברה,0,18,0,FREE
905,2,חברה,0,11,0,FREE
905,2,חברה,0,16,0,BUSY
905,317,חברה,0,17,0,FREE
905,317,חברה,0,16,0,BUSY
502,63,מ.ישראל,0,19,0,FREE
502,63,מ.ישראל,0,10,0,FREE
212,214,טבע,0,10,1,BUSY
212,214,טבע,0,18,0,FREE
211,21,nan,0,15,0,FREE
211,21,nan,0,16,1,BUSY
211,17,nan,0,9,0,FREE
211,17,nan,0,18,0,FREE
505,7,מ.ישראל,0,13,0,BUSY
505,7,מ.ישראל,0,18,0,FREE
212,212,nan,0,15,0,BUSY
212,212,nan,0,14,0,FREE
212,1,טבע,0,10,0,FREE
212,1,טבע,0,19,0,FREE
304,4,משפטים,0,19,0,FREE
304,4,משפטים,0,13,0,FREE
403,3,יהדות,0,10,0,BUSY
403,3,יהדות,0,18,0,FREE
905,25,חברה,0,12,0,FREE
905,25,חברה,0,18,0,BUSY
212,310,טבע,0,17,1,BUSY
212,310,טבע,0,13,0,FREE
212,1,nan,0,18,0,FREE
212,1,nan,0,11,0,FREE
212,3,טבע,0,10,0,BUSY
212,3,טבע,0,18,0,FREE
212,21,nan,0,18,0,FREE
212,21,nan,0,11,0,BUSY
203,212,טבע,0,16,0,BUSY
203,212,טבע,0,10,0,BUSY
304,69,משפטים,0,16,0,BUSY
304,69,משפטים,0,15,0,FREE
305,11,משפטים,0,14,1,BUSY
305,11,משפטים,0,9,0,FREE
901,11,חברה,0,9,0,FREE
901,11,חברה,0,17,0,FREE
211,3,nan,0,8,0,FREE
211,3,nan,0,11,0,FREE
213,61,טבע,0,12,0,FREE
213,61,טבע,0,19,0,FREE
211,9,nan,0,16,0,FREE
211,9,nan,0,18,0,FREE
902,1,חברה,0,10,0,FREE
902,1,חברה,0,12,0,FREE
304,7,משפטים,0,10,0,FREE
304,7,משפטים,0,13,0,BUSY
403,1,מינץ,0,16,0,FREE
403,1,מינץ,0,10,0,FREE
211,7,nan,0,17,0,BUSY
211,7,nan,0,12,0,FREE
501,11,מ.ישראל,0,15,0,FREE
501,11,מ.ישראל,0,19,0,FREE
507,11,מ.ישראל,0,12,0,BUSY
507,11,מ.ישראל,0,16,0,FREE
1401,7,nan,0,11,0,FREE
1401,7,nan,0,17,0,FREE
211,63,nan,0,13,0,FREE
211,63,nan,0,12,0,FREE
105,134,סטודנטים,0,10,0,FREE
105,134,סטודנטים,0,8,0,BUSY
305,3,משפטים,0,10,0,FREE
305,3,משפטים,0,19,0,FREE
404,133,יהדות,0,16,0,FREE
404,133,יהדות,0,11,0,FREE
306,1,משפטים,0,16,0,FREE
306,1,משפטים,0,17,0,FREE
304,132,משפטים,0,18,0,FREE
304,132,משפטים,0,16,0,FREE
105,132,סטודנטים,0,13,0,FREE
105,132,סטודנטים,0,8,0,FREE
404,134,יהדות,0,16,0,FREE
404,134,יהדות,0,17,0,FREE
404,65,יהדות,0,19,0,FREE
404,65,יהדות,0,9,0,FREE
102,133,סטודנטים,0,11,0,FREE
102,133,סטודנטים,0,9,0,FREE
305,104,משפטים,0,13,0,BUSY
305,104,משפטים,0,12,0,FREE
507,10,מ.ישראל,0,18,0,FREE
507,10,מ.ישראל,0,12,0,FREE
507,62,מ.ישראל,0,10,0,FREE
507,62,מ.ישראל,0,14,0,BUSY
604,309,מ.ישראל,0,15,1,BUSY
604,309,מ.ישראל,0,16,1,BUSY
901,101,חברה,0,14,1,BUSY
901,101,חברה,0,8,0,FREE
901,102,חברה,0,10,0,FREE
901,102,חברה,0,12,1,BUSY
301,202,פלדמן,0,15,0,FREE
301,202,פלדמן,0,11,1,BUSY
905,104,חברה,0,10,0,BUSY
905,104,חברה,0,12,0,FREE
507,107,מ.ישראל,1,17,1,BUSY
507,107,מ.ישראל,1,18,1,BUSY
905,61,חברה,1,16,1,BUSY
905,61,חברה,1,14,1,FREE
1401,2,nan,1,12,1,BUSY
1401,2,nan,1,14,1,BUSY
402,63,יהדות,1,19,1,BUSY
402,63,יהדות,1,12,1,FREE
203,221,טבע,1,16,1,FREE
203,221,טבע,1,17,1,BUSY
1002,1,רוח,1,15,1,FREE
1002,1,רוח,1,12,1,BUSY
604,63,מ.ישראל,1,15,1,FREE
604,63,מ.ישראל,1,10,1,BUSY
604,64,מ.ישראל,1,9,0,FREE
604,64,מ.ישראל,1,10,0,FREE
604,105,מ.ישראל,1,18,1,BUSY
604,105,מ.ישראל,1,12,1,FREE
403,211,יהדות,1,14,1,BUSY
403,211,יהדות,1,11,1,BUSY
604,102,מ.ישראל,1,11,1,BUSY
604,102,מ.ישראל,1,10,0,FREE
403,217,יהדות,1,18,0,FREE
403,217,יהדות,1,8,1,BUSY
305,133,משפטים,1,8,0,FREE
305,133,משפטים,1,19,1,BUSY
504,2,מ.ישראל,1,10,0,FREE
504,2,מ.ישראל,1,19,1,FREE
507,102,מ.ישראל,1,11,1,BUSY
507,102,מ.ישראל,1,18,1,BUSY
604,62,מ.ישראל,1,14,0,BUSY
604,62,מ.ישראל,1,8,1,FREE
1002,405,רוח,1,13,0,FREE
1002,405,רוח,1,9,0,FREE
902,210,חברה,1,17,1,BUSY
902,210,חברה,1,12,1,BUSY
508,7,מ.ישראל,1,13,1,FREE
508,7,מ.ישראל,1,18,1,FREE
502,8,מ.ישראל,1,17,1,BUSY
502,8,מ.ישראל,1,12,0,BUSY
605,104,מ.ישראל,1,15,0,FREE
605,104,מ.ישראל,1,16,0,FREE
1002,61,רוח,1,12,1,BUSY
1002,61,רוח,1,10,1,BUSY
507,4,מ.ישראל,1,17,1,FREE
507,4,מ.ישראל,1,15,1,FREE
504,4,מ.ישראל,1,14,0,FREE
504,4,מ.ישראל,1,15,0,BUSY
1002,202,רוח,1,17,1,BUSY
1002,202,רוח,1,9,0,FREE
502,6,מ.ישראל,1,16,0,FREE
502,6,מ.ישראל,1,9,0,FREE
502,7,מ.ישראל,1,16,1,BUSY
502,7,מ.ישראל,1,14,1,FREE
505,4,מ.ישראל,1,11,1,BUSY
505,4,מ.ישראל,1,17,1,BUSY
502,9,מ.ישראל,1,13,1,BUSY
502,9,מ.ישראל,1,19,0,FREE
1005,109,רוח,1,16,1,BUSY
1005,109,רוח,1,10,1,BUSY
902,103,חברה,1,15,1,BUSY
902,103,חברה,1,12,1,BUSY
502,37,מ.ישראל,1,9,0,FREE
502,37,מ.ישראל,1,15,1,BUSY
902,201,חברה,1,11,1,BUSY
902,201,חברה,1,18,1,FREE
604,205,מ.ישראל,1,18,0,FREE
604,205,מ.ישראל,1,16,1,BUSY
505,63,מ.ישראל,1,18,0,BUSY
505,63,מ.ישראל,1,14,1,BUSY
504,5,מ.ישראל,1,19,1,BUSY
504,5,מ.ישראל,1,15,1,BUSY
305,5,משפטים,1,8,0,FREE
305,5,משפטים,1,9,0,FREE
605,14,מ.ישראל,1,10,1,BUSY
605,14,מ.ישראל,1,18,1,BUSY
505,105,מ.ישראל,1,9,1,BUSY
505,105,מ.ישראל,1,17,1,FREE
502,24,מ.ישראל,1,13,1,BUSY
502,24,מ.ישראל,1,11,1,BUSY
505,5,מ.ישראל,1,13,1,BUSY
505,5,מ.ישראל,1,8,0,BUSY
404,68,יהדות,1,11,1,BUSY
404,68,יהדות,1,16,1,BUSY
305,134,משפטים,1,8,1,BUSY
305,134,משפטים,1,18,1,BUSY
105,103,סטודנטים,1,17,0,BUSY
105,103,סטודנטים,1,12,0,BUSY
105,104,סטודנטים,1,19,1,FREE
105,104,סטודנטים,1,11,1,BUSY
105,101,סטודנטים,1,15,1,BUSY
105,101,סטודנטים,1,17,0,FREE
105,102,סטודנטים,1,12,1,BUSY
105,102,סטודנטים,1,11,1,BUSY
105,1,סטודנטים,1,15,1,BUSY
105,1,סטודנטים,1,8,0,FREE
304,3,משפטים,1,12,1,BUSY
304,3,משפטים,1,17,1,BUSY
305,6,משפטים,1,18,0,FREE
305,6,משפטים,1,15,1,FREE
105,61,סטודנטים,1,9,0,FREE
105,61,סטודנטים,1,15,1,BUSY
105,2,סטודנטים,1,11,1,BUSY
105,2,סטודנטים,1,12,1,BUSY
304,2,משפטים,1,14,1,BUSY
304,2,משפטים,1,16,1,BUSY
105,3,סטודנטים,1,8,0,FREE
105,3,סטודנטים,1,12,1,BUSY
605,101,מ.ישראל,1,13,1,BUSY
605,101,מ.ישראל,1,11,1,BUSY
605,102,מ.ישראל,1,14,0,FREE
605,102,מ.ישראל,1,8,1,BUSY
604,11,מ.ישראל,1,10,1,BUSY
604,11,מ.ישראל,1,11,1,BUSY
605,11,מ.ישראל,1,14,1,BUSY
605,11,מ.ישראל,1,8,1,BUSY
604,12,מ.ישראל,1,12,1,FREE
604,12,מ.ישראל,1,17,1,BUSY
504,6,מ.ישראל,1,14,1,BUSY
504,6,מ.ישראל,1,9,1,BUSY
605,202,מ.ישראל,1,13,0,FREE
605,202,מ.ישראל,1,14,0,FREE
604,14,מ.ישראל,1,8,1,FREE
604,14,מ.ישראל,1,10,1,BUSY
507,101,מ.ישראל,1,15,1,BUSY
507,101,מ.ישראל,1,16,1,BUSY
507,103,מ.ישראל,1,12,1,BUSY
507,103,מ.ישראל,1,9,0,FREE
504,7,מ.ישראל,1,16,1,BUSY
504,7,מ.ישראל,1,19,1,BUSY
604,13,מ.ישראל,1,11,1,BUSY
604,13,מ.ישראל,1,16,1,BUSY
505,1,מ.ישראל,1,11,1,BUSY
505,1,מ.ישראל,1,19,1,BUSY
504,3,מ.ישראל,1,8,0,FREE
504,3,מ.ישראל,1,10,0,FREE
604,101,מ.ישראל,1,13,1,BUSY
604,101,מ.ישראל,1,14,1,BUSY
507,201,מ.ישראל,1,14,1,BUSY
507,201,מ.ישראל,1,15,1,BUSY
403,67,יהדות,1,13,1,FREE
403,67,יהדות,1,16,1,BUSY
507,204,מ.ישראל,1,18,0,FREE
507,204,מ.ישראל,1,12,0,BUSY
505,106,מ.ישראל,1,18,1,FREE
505,106,מ.ישראל,1,16,1,BUSY
505,62,מ.ישראל,1,18,0,FREE
505,62,מ.ישראל,1,17,1,BUSY
505,104,מ.ישראל,1,9,1,BUSY
505,104,מ.ישראל,1,13,0,BUSY
605,13,מ.ישראל,1,13,1,FREE
605,13,מ.ישראל,1,18,1,FREE
501,25,מ.ישראל,1,19,1,BUSY
501,25,מ.ישראל,1,8,1,BUSY
505,201,מ.ישראל,1,15,1,BUSY
505,201,מ.ישראל,1,19,1,BUSY
505,3,מ.ישראל,1,18,0,FREE
505,3,מ.ישראל,1,16,1,BUSY
507,207,מ.ישראל,1,11,1,BUSY
507,207,מ.ישראל,1,16,1,BUSY
604,61,מ.ישראל,1,8,1,BUSY
604,61,מ.ישראל,1,9,1,FREE
507,2,מ.ישראל,1,16,1,BUSY
507,2,מ.ישראל,1,19,1,BUSY
505,101,מ.ישראל,1,8,1,BUSY
505,101,מ.ישראל,1,11,0,BUSY
905,417,חברה,1,14,0,BUSY
905,417,חברה,1,11,1,BUSY
504,1,מ.ישראל,1,15,1,BUSY
504,1,מ.ישראל,1,12,1,BUSY
605,201,מ.ישראל,1,12,0,BUSY
605,201,מ.ישראל,1,11,0,FREE
604,104,מ.ישראל,1,13,1,BUSY
604,104,מ.ישראל,1,12,0,FREE
213,4,טבע,1,17,0,BUSY
213,4,טבע,1,13,0,FREE
105,4,סטודנטים,1,18,1,BUSY
105,4,סטודנטים,1,9,0,BUSY
102,2,סטודנטים,1,9,0,FREE
102,2,סטודנטים,1,10,0,FREE
105,5,סטודנטים,1,11,0,FREE
105,5,סטודנטים,1,8,0,BUSY
105,105,סטודנטים,1,10,0,BUSY
105,105,סטודנטים,1,18,0,BUSY
207,1,טבע,1,13,0,FREE
207,1,טבע,1,17,0,FREE
105,106,סטודנטים,1,17,1,BUSY
105,106,סטודנטים,1,19,1,BUSY
404,115,יהדות,1,14,1,BUSY
404,115,יהדות,1,19,0,BUSY
403,101,יהדות,1,11,0,FREE
403,101,יהדות,1,13,0,FREE
404,102,יהדות,1,19,1,BUSY
404,102,יהדות,1,14,1,FREE
105,6,סטודנטים,1,15,0,FREE
105,6,סטודנטים,1,17,1,BUSY
102,4,סטודנטים,1,13,1,BUSY
102,4,סטודנטים,1,12,1,BUSY
404,114,יהדות,1,19,1,FREE
404,114,יהדות,1,17,0,FREE
306,111,משפטים,1,16,1,BUSY
306,111,משפטים,1,8,1,BUSY
505,2,מ.ישראל,1,9,1,BUSY
505,2,מ.ישראל,1,16,1,BUSY
604,2,מ.ישראל,1,8,0,FREE
604,2,מ.ישראל,1,18,0,FREE
605,61,מ.ישראל,1,12,0,FREE
605,61,מ.ישראל,1,11,0,FREE
410,125,יהדות,1,13,0,FREE
410,125,יהדות,1,14,1,FREE
410,46,יהדות,1,18,1,BUSY
410,46,יהדות,1,15,1,BUSY
403,66,יהדות,1,10,1,BUSY
403,66,יהדות,1,11,1,BUSY
502,26,מ.ישראל,1,12,1,BUSY
502,26,מ.ישראל,1,18,1,BUSY
502,25,מ.ישראל,1,11,0,BUSY
502,25,מ.ישראל,1,14,0,BUSY
403,218,יהדות,1,9,0,FREE
403,218,יהדות,1,18,0,FREE
403,113,יהדות,1,11,1,BUSY
403,113,יהדות,1,10,1,FREE
410,142,יהדות,1,10,1,BUSY
410,142,יהדות,1,17,1,BUSY
505,61,מ.ישראל,1,9,1,BUSY
505,61,מ.ישראל,1,18,1,BUSY
505,11,מ.ישראל,1,19,0,FREE
505,11,מ.ישראל,1,14,0,FREE
605,105,מ.ישראל,1,9,1,BUSY
605,105,מ.ישראל,1,8,1,BUSY
604,1,מ.ישראל,1,9,0,FREE
604,1,מ.ישראל,1,15,0,FREE
507,14,מ.ישראל,1,13,0,FREE
507,14,מ.ישראל,1,16,0,FREE
605,4,מ.ישראל,1,16,0,BUSY
605,4,מ.ישראל,1,15,0,FREE
502,62,מ.ישראל,1,17,0,FREE
502,62,מ.ישראל,1,19,0,FREE
605,7,מ.ישראל,1,10,0,FREE
605,7,מ.ישראל,1,18,0,BUSY
507,206,מ.ישראל,1,9,1,BUSY
507,206,מ.ישראל,1,15,1,BUSY
504,206,מ.ישראל,1,18,0,FREE
504,206,מ.ישראל,1,15,0,FREE
508,103,מ.ישראל,1,13,0,FREE
508,103,מ.ישראל,1,16,0,BUSY
507,106,מ.ישראל,1,11,1,BUSY
507,106,מ.ישראל,1,14,1,BUSY
605,106,מ.ישראל,1,14,0,FREE
605,106,מ.ישראל,1,12,0,BUSY
507,108,מ.ישראל,1,8,1,BUSY
507,108,מ.ישראל,1,10,1,BUSY
505,108,מ.ישראל,1,10,0,FREE
505,108,מ.ישראל,1,14,0,BUSY
505,102,מ.ישראל,1,15,1,FREE
505,102,מ.ישראל,1,17,1,BUSY
507,6,מ.ישראל,1,9,1,BUSY
507,6,מ.ישראל,1,14,1,BUSY
507,208,מ.ישראל,1,13,1,BUSY
507,208,מ.ישראל,1,14,1,BUSY
507,205,מ.ישראל,1,14,0,FREE
507,205,מ.ישראל,1,15,0,FREE
507,3,מ.ישראל,1,19,1,BUSY
507,3,מ.ישראל,1,17,1,BUSY
505,103,מ.ישראל,1,16,1,BUSY
505,103,מ.ישראל,1,15,1,BUSY
507,209,מ.ישראל,1,15,1,BUSY
507,209,מ.ישראל,1,19,1,BUSY
507,202,מ.ישראל,1,17,1,FREE
507,202,מ.ישראל,1,14,1,FREE
605,103,מ.ישראל,1,16,1,BUSY
605,103,מ.ישראל,1,11,1,BUSY
403,2,יהדות,1,12,1,BUSY
403,2,יהדות,1,13,1,BUSY
507,104,מ.ישראל,1,18,1,FREE
507,104,מ.ישראל,1,14,1,BUSY
507,5,מ.ישראל,1,12,1,FREE
507,5,מ.ישראל,1,11,1,FREE
507,203,מ.ישראל,1,13,1,BUSY
507,203,מ.ישראל,1,15,1,FREE
305,132,משפטים,1,14,0,FREE
305,132,משפטים,1,8,0,FREE
902,101,חברה,1,14,1,BUSY
902,101,חברה,1,15,1,BUSY
902,104,חברה,1,13,1,BUSY
902,104,חברה,1,14,1,BUSY
1005,112,רוח,1,16,1,BUSY
1005,112,רוח,1,14,1,BUSY
605,65,מ.ישראל,1,17,1,BUSY
605,65,מ.ישראל,1,14,1,BUSY
905,116,חברה,1,13,1,BUSY
905,116,חברה,1,16,0,FREE
203,226,טבע,1,16,0,BUSY
203,226,טבע,1,19,1,FREE
902,202,חברה,1,14,1,FREE
902,202,חברה,1,10,1,BUSY
902,102,חברה,1,13,1,BUSY
902,102,חברה,1,8,0,FREE
1002,201,רוח,1,12,1,FREE
1002,201,רוח,1,15,1,BUSY
605,12,מ.ישראל,1,14,0,FREE
605,12,מ.ישראל,1,13,1,BUSY
502,30,מ.ישראל,1,12,0,FREE
502,30,מ.ישראל,1,19,0,FREE
504,63,מ.ישראל,1,10,0,FREE
504,63,מ.ישראל,1,19,0,FREE
507,13,מ.ישראל,1,19,0,FREE
507,13,מ.ישראל,1,14,0,FREE
507,105,מ.ישראל,1,15,1,BUSY
507,105,מ.ישראל,1,12,0,FREE
604,103,מ.ישראל,1,14,1,FREE
604,103,מ.ישראל,1,12,1,BUSY
410,26,יהדות,1,11,0,FREE
410,26,יהדות,1,12,0,BUSY
410,6,יהדות,1,19,0,BUSY
410,6,יהדות,1,13,1,BUSY
404,66,יהדות,1,17,0,FREE
404,66,יהדות,1,11,0,FREE
605,64,מ.ישראל,1,10,1,BUSY
605,64,מ.ישראל,1,13,1,BUSY
505,64,מ.ישראל,1,15,0,FREE
505,64,מ.ישראל,1,10,1,BUSY
403,115,יהדות,1,18,0,FREE
403,115,יהדות,1,8,0,FREE
404,67,יהדות,1,19,0,FREE
404,67,יהדות,1,10,0,FREE
1005,111,רוח,1,10,1,BUSY
1005,111,רוח,1,18,1,BUSY
1004,305,רוח,1,9,0,FREE
1004,305,רוח,1,13,1,BUSY
404,101,יהדות,1,9,1,FREE
404,101,יהדות,1,16,1,BUSY
1002,305,רוח,1,11,1,BUSY
1002,305,רוח,1,8,0,FREE
504,208,מ.ישראל,1,10,0,FREE
504,208,מ.ישראל,1,16,0,BUSY
211,112,טבע,1,18,0,BUSY
211,112,טבע,1,12,1,BUSY
305,63,משפטים,1,11,0,FREE
305,63,משפטים,1,9,0,FREE
306,112,משפטים,1,18,0,FREE
306,112,משפטים,1,11,0,FREE
211,106,טבע,1,10,0,BUSY
211,106,טבע,1,17,0,FREE
207,201,טבע,1,17,0,BUSY
207,201,טבע,1,12,0,BUSY
305,101,משפטים,1,15,0,FREE
305,101,משפטים,1,17,0,FREE
403,61,יהדות,1,17,0,FREE
403,61,יהדות,1,11,0,FREE
202,202,טבע,1,18,0,BUSY
202,202,טבע,1,12,0,BUSY
203,106,טבע,1,13,0,FREE
203,106,טבע,1,18,0,FREE
203,112,טבע,1,19,0,FREE
203,112,טבע,1,17,0,FREE
105,112,סטודנטים,1,18,0,FREE
105,112,סטודנטים,1,17,0,FREE
207,6,טבע,1,19,0,FREE
207,6,טבע,1,9,0,FREE
207,4,טבע,1,8,0,FREE
207,4,טבע,1,14,0,BUSY
207,101,טבע,1,8,0,FREE
207,101,טבע,1,17,0,FREE
604,6,מ.ישראל,1,13,0,FREE
604,6,מ.ישראל,1,12,0,FREE
211,22,nan,1,16,1,BUSY
211,22,nan,1,18,0,FREE
211,4,טבע,1,13,0,FREE
211,4,טבע,1,18,0,BUSY
507,7,מ.ישראל,1,13,1,BUSY
507,7,מ.ישראל,1,14,1,BUSY
1401,3,nan,1,18,1,BUSY
1401,3,nan,1,12,1,BUSY
905,63,חברה,1,11,1,BUSY
905,63,חברה,1,8,0,FREE
901,61,חברה,1,14,1,BUSY
901,61,חברה,1,10,0,FREE
403,69,מינץ,1,15,0,FREE
403,69,מינץ,1,13,0,FREE
1401,63,nan,1,8,0,FREE
1401,63,nan,1,14,0,BUSY
1401,1,nan,1,9,1,BUSY
1401,1,nan,1,19,0,FREE
507,1,מ.ישראל,1,15,0,BUSY
507,1,מ.ישראל,1,16,1,BUSY
905,62,חברה,1,10,1,FREE
905,62,חברה,1,17,1,BUSY
504,10,מ.ישראל,1,11,0,FREE
504,10,מ.ישראל,1,15,0,BUSY
505,202,מ.ישראל,1,13,0,FREE
505,202,מ.ישראל,1,8,0,FREE
1002,102,רוח,1,11,1,BUSY
1002,102,רוח,1,17,1,BUSY
410,226,יהדות,1,19,0,FREE
410,226,יהדות,1,16,1,BUSY
410,225,יהדות,1,13,1,BUSY
410,225,יהדות,1,19,0,FREE
1004,407,רוח,1,18,0,FREE
1004,407,רוח,1,9,0,FREE
1004,402,רוח,1,11,1,BUSY
1004,402,רוח,1,8,0,FREE
505,65,מ.ישראל,1,17,0,FREE
505,65,מ.ישראל,1,8,0,FREE
505,204,מ.ישראל,1,12,0,FREE
505,204,מ.ישראל,1,15,1,BUSY
304,1,משפטים,1,12,1,BUSY
304,1,משפטים,1,9,1,BUSY
605,63,מ.ישראל,1,15,1,BUSY
605,63,מ.ישראל,1,16,1,BUSY
305,10,משפטים,1,12,1,BUSY
305,10,משפטים,1,11,1,BUSY
304,61,משפטים,1,17,0,FREE
304,61,משפטים,1,8,0,FREE
604,202,מ.ישראל,1,17,0,FREE
604,202,מ.ישראל,1,15,0,BUSY
211,25,nan,1,15,0,FREE
211,25,nan,1,13,1,FREE
304,25,משפטים,1,14,0,FREE
304,25,משפטים,1,17,0,FREE
1105,53,הנדסה,1,15,1,BUSY
1105,53,הנדסה,1,12,1,FREE
1401,53,nan,1,13,0,FREE
1401,53,nan,1,11,0,FREE
305,2,משפטים,1,10,0,FREE
305,2,משפטים,1,9,0,FREE
305,4,משפטים,1,8,1,FREE
305,4,משפטים,1,12,1,FREE
502,23,מ.ישראל,1,9,0,FREE
502,23,מ.ישראל,1,12,1,BUSY
503,1,מ.ישראל,1,10,0,FREE
503,1,מ.ישראל,1,18,1,BUSY
404,113,יהדות,1,9,1,BUSY
404,113,יהדות,1,17,1,BUSY
404,201,יהדות,1,18,1,BUSY
404,201,יהדות,1,11,1,BUSY
505,203,מ.ישראל,1,13,0,BUSY
505,203,מ.ישראל,1,10,0,FREE
1005,19,רוח,1,16,1,BUSY
1005,19,רוח,1,11,0,FREE
1005,108,רוח,1,8,0,FREE
1005,108,רוח,1,19,0,FREE
1005,201,רוח,1,9,0,FREE
1005,201,רוח,1,18,1,BUSY
1005,209,רוח,1,15,1,BUSY
1005,209,רוח,1,13,1,BUSY
1005,207,רוח,1,17,1,BUSY
1005,207,רוח,1,12,1,BUSY
1005,203,רוח,1,13,0,FREE
1005,203,רוח,1,18,0,FREE
604,201,מ.ישראל,1,19,0,BUSY
604,201,מ.ישראל,1,17,0,FREE
305,105,משפטים,1,13,1,BUSY
305,105,משפטים,1,19,0,FREE
507,37,מ.ישראל,1,14,0,FREE
507,37,מ.ישראל,1,11,0,FREE
1104,42,הנדסה,1,12,1,BUSY
1104,42,הנדסה,1,14,1,BUSY
1105,42,הנדסה,1,8,0,BUSY
1105,42,הנדסה,1,12,0,FREE
1103,22,הנדסה,1,15,1,BUSY
1103,22,הנדסה,1,10,1,BUSY
902,9,חברה,1,12,1,BUSY
902,9,חברה,1,19,0,FREE
304,9,משפטים,1,13,0,FREE
304,9,משפטים,1,8,0,FREE
1105,271,הנדסה,1,9,1,BUSY
1105,271,הנדסה,1,19,1,BUSY
1104,271,הנדסה,1,19,0,FREE
1104,271,הנדסה,1,12,0,FREE
507,61,מ.ישראל,1,15,0,FREE
507,61,מ.ישראל,1,13,0,BUSY
213,304,טבע,1,10,1,BUSY
213,304,טבע,1,9,0,BUSY
213,320,טבע,1,18,0,BUSY
213,320,טבע,1,13,0,FREE
1004,203,רוח,1,16,0,FREE
1004,203,רוח,1,17,0,FREE
1004,212,רוח,1,14,1,BUSY
1004,212,רוח,1,17,0,FREE
410,328,יהדות,1,10,1,BUSY
410,328,יהדות,1,17,1,BUSY
410,332,יהדות,1,16,0,FREE
410,332,יהדות,1,11,0,FREE
604,204,מ.ישראל,1,11,0,FREE
604,204,מ.ישראל,1,12,0,FREE
1002,203,רוח,1,14,1,BUSY
1002,203,רוח,1,10,1,BUSY
202,301,טבע,1,11,1,BUSY
202,301,טבע,1,12,1,BUSY
203,4,טבע,1,15,0,FREE
203,4,טבע,1,17,0,FREE
202,221,טבע,1,11,0,FREE
202,221,טבע,1,14,0,FREE
202,205,טבע,1,16,0,FREE
202,205,טבע,1,9,1,BUSY
202,304,טבע,1,15,0,BUSY
202,304,טבע,1,9,0,BUSY
202,505,טבע,1,11,0,FREE
202,505,טבע,1,18,0,FREE
202,203,טבע,1,18,0,BUSY
202,203,טבע,1,14,0,BUSY
202,303,טבע,1,17,1,BUSY
202,303,טבע,1,11,1,FREE
202,201,טבע,1,18,0,FREE
202,201,טבע,1,12,0,FREE
202,204,טבע,1,18,1,BUSY
202,204,טבע,1,19,0,FREE
505,505,מ.ישראל,1,15,0,BUSY
505,505,מ.ישראל,1,17,0,FREE
902,301,חברה,1,13,1,BUSY
902,301,חברה,1,10,1,BUSY
902,12,חברה,1,19,0,FREE
902,12,חברה,1,9,1,BUSY
902,107,חברה,1,16,1,BUSY
902,107,חברה,1,19,1,BUSY
905,217,חברה,1,10,1,BUSY
905,217,חברה,1,18,1,BUSY
902,217,חברה,1,11,0,FREE
902,217,חברה,1,15,0,FREE
902,110,חברה,1,11,0,FREE
902,110,חברה,1,12,0,FREE
902,109,חברה,1,16,0,BUSY
902,109,חברה,1,8,0,FREE
507,23,מ.ישראל,1,19,0,FREE
507,23,מ.ישראל,1,15,0,FREE
1004,406,רוח,1,19,0,FREE
1004,406,רוח,1,12,0,FREE
1105,368,הנדסה,1,8,0,FREE
1105,368,הנדסה,1,9,1,BUSY
1102,2,הנדסה,1,10,1,BUSY
1102,2,הנדסה,1,15,1,BUSY
1104,244,הנדסה,1,16,1,BUSY
1104,244,הנדסה,1,8,0,BUSY
1104,249,הנדסה,1,13,1,BUSY
1104,249,הנדסה,1,17,1,BUSY
1104,243,הנדסה,1,8,0,FREE
1104,243,הנדסה,1,19,1,BUSY
1103,42,הנדסה,1,16,0,BUSY
1103,42,הנדסה,1,14,0,FREE
1401,4,nan,1,16,0,BUSY
1401,4,nan,1,9,1,FREE
1105,3,הנדסה,1,15,0,FREE
1105,3,הנדסה,1,16,0,BUSY
1102,4,הנדסה,1,18,0,BUSY
1102,4,הנדסה,1,11,0,FREE
A1300,2,מעונות,1,19,0,FREE
A1300,2,מעונות,1,11,1,BUSY
A1300,1,מעונות,1,8,0,FREE
A1300,1,מעונות,1,10,1,FREE
901,4,חברה,1,17,0,FREE
901,4,חברה,1,12,0,BUSY
1103,223,הנדסה,1,10,0,FREE
1103,223,הנדסה,1,18,1,BUSY
1102,205,הנדסה,1,11,0,BUSY
1102,205,הנדסה,1,18,0,FREE
1105,366,הנדסה,1,17,0,FREE
1105,366,הנדסה,1,12,1,BUSY
1104,344,הנדסה,1,8,0,FREE
1104,344,הנדסה,1,15,0,FREE
1104,347,הנדסה,1,16,0,FREE
1104,347,הנדסה,1,13,1,BUSY
1103,224,הנדסה,1,12,0,BUSY
1103,224,הנדסה,1,8,0,FREE
1002,112,רוח,1,16,0,FREE
1002,112,רוח,1,9,0,FREE
905,119,חברה,1,11,1,BUSY
905,119,חברה,1,9,1,FREE
905,118,חברה,1,8,1,BUSY
905,118,חברה,1,17,1,BUSY
905,319,חברה,1,14,1,BUSY
905,319,חברה,1,8,0,FREE
905,418,חברה,1,12,1,FREE
905,418,חברה,1,8,1,BUSY
905,416,חברה,1,16,0,FREE
905,416,חברה,1,11,1,BUSY
905,211,חברה,1,17,0,FREE
905,211,חברה,1,13,1,BUSY
905,321,חברה,1,11,1,BUSY
905,321,חברה,1,16,1,FREE
905,311,חברה,1,18,0,FREE
905,311,חברה,1,8,0,FREE
905,2,חברה,1,14,0,FREE
905,2,חברה,1,12,0,FREE
905,317,חברה,1,19,1,BUSY
905,317,חברה,1,13,0,FREE
502,63,מ.ישראל,1,14,0,BUSY
502,63,מ.ישראל,1,11,0,FREE
212,214,טבע,1,13,0,BUSY
212,214,טבע,1,9,0,FREE
211,21,nan,1,13,0,BUSY
211,21,nan,1,10,0,FREE
211,17,nan,1,14,0,BUSY
211,17,nan,1,13,1,BUSY
505,7,מ.ישראל,1,16,0,FREE
505,7,מ.ישראל,1,18,0,BUSY
212,212,nan,1,19,0,FREE
212,212,nan,1,8,0,FREE
212,1,טבע,1,13,1,BUSY
212,1,טבע,1,15,1,BUSY
304,4,משפטים,1,13,0,FREE
304,4,משפטים,1,10,0,FREE
403,3,יהדות,1,18,0,FREE
403,3,יהדות,1,9,0,FREE
905,25,חברה,1,16,0,FREE
905,25,חברה,1,11,0,FREE
212,310,טבע,1,10,0,FREE
212,310,טבע,1,8,0,FREE
212,1,nan,1,8,0,BUSY
212,1,nan,1,17,0,FREE
212,3,טבע,1,8,0,FREE
212,3,טבע,1,13,0,FREE
212,21,nan,1,8,1,BUSY
212,21,nan,1,15,0,FREE
203,212,טבע,1,17,0,FREE
203,212,טבע,1,16,0,BUSY
304,69,משפטים,1,16,0,FREE
304,69,משפטים,1,11,0,FREE
305,11,משפטים,1,15,0,FREE
305,11,משפטים,1,8,1,FREE
901,11,חברה,1,19,0,FREE
901,11,חברה,1,11,0,BUSY
211,3,nan,1,12,0,FREE
211,3,nan,1,10,0,FREE
213,61,טבע,1,11,0,BUSY
213,61,טבע,1,13,1,BUSY
211,9,nan,1,17,0,FREE
211,9,nan,1,11,1,BUSY
902,1,חברה,1,15,0,BUSY
902,1,חברה,1,12,0,FREE
304,7,משפטים,1,17,0,FREE
304,7,משפטים,1,16,0,FREE
403,1,מינץ,1,17,0,BUSY
403,1,מינץ,1,11,0,FREE
211,7,nan,1,14,0,BUSY
211,7,nan,1,8,0,BUSY
501,11,מ.ישראל,1,16,0,FREE
501,11,מ.ישראל,1,10,0,BUSY
507,11,מ.ישראל,1,10,0,FREE
507,11,מ.ישראל,1,19,0,FREE
1401,7,nan,1,12,0,BUSY
1401,7,nan,1,8,0,FREE
211,63,nan,1,11,0,FREE
211,63,nan,1,8,0,FREE
105,134,סטודנטים,1,8,0,FREE
105,134,סטודנטים,1,15,0,FREE
305,3,משפטים,1,14,0,FREE
305,3,משפטים,1,9,0,FREE
404,133,יהדות,1,9,0,FREE
404,133,יהדות,1,15,0,FREE
306,1,משפטים,1,9,0,FREE
306,1,משפטים,1,8,0,FREE
304,132,משפטים,1,17,0,FREE
304,132,משפטים,1,18,0,FREE
105,132,סטודנטים,1,17,0,FREE
105,132,סטודנטים,1,10,0,FREE
404,134,יהדות,1,14,0,BUSY
404,134,יהדות,1,16,0,FREE
404,65,יהדות,1,11,0,FREE
404,65,יהדות,1,15,0,FREE
102,133,סטודנטים,1,15,0,BUSY
102,133,סטודנטים,1,9,0,BUSY
305,104,משפטים,1,13,0,FREE
305,104,משפטים,1,9,0,FREE
507,10,מ.ישראל,1,15,0,FREE
507,10,מ.ישראל,1,9,0,FREE
507,62,מ.ישראל,1,14,0,FREE
507,62,מ.ישראל,1,10,0,FREE
604,309,מ.ישראל,1,10,0,BUSY
604,309,מ.ישראל,1,8,0,FREE
901,101,חברה,1,15,1,BUSY
901,101,חברה,1,10,1,BUSY
901,102,חברה,1,17,0,FREE
901,102,חברה,1,18,0,FREE
301,202,פלדמן,1,10,0,FREE
301,202,פלדמן,1,9,0,FREE
905,104,חברה,1,16,0,FREE
905,104,חברה,1,15,0,BUSY
507,107,מ.ישראל,2,11,0,BUSY
507,107,מ.ישראל,2,12,1,BUSY
905,61,חברה,2,19,1,BUSY
905,61,חברה,2,16,1,BUSY
1401,2,nan,2,17,0,FREE
1401,2,nan,2,18,0,BUSY
402,63,יהדות,2,8,1,BUSY
402,63,יהדות,2,18,0,FREE
203,221,טבע,2,19,0,FREE
203,221,טבע,2,13,1,BUSY
1002,1,רוח,2,8,1,BUSY
1002,1,רוח,2,17,0,FREE
604,63,מ.ישראל,2,9,1,BUSY
604,63,מ.ישראל,2,14,1,BUSY
604,64,מ.ישראל,2,14,1,BUSY
604,64,מ.ישראל,2,18,1,BUSY
604,105,מ.ישראל,2,19,1,BUSY
604,105,מ.ישראל,2,11,1,BUSY
403,211,יהדות,2,19,0,FREE
403,211,יהדות,2,12,0,BUSY
604,102,מ.ישראל,2,12,1,BUSY
604,102,מ.ישראל,2,14,1,BUSY
403,217,יהדות,2,16,0,FREE
403,217,יהדות,2,17,0,FREE
305,133,משפטים,2,19,1,BUSY
305,133,משפטים,2,13,0,FREE
504,2,מ.ישראל,2,10,1,FREE
504,2,מ.ישראל,2,8,0,FREE
507,102,מ.ישראל,2,16,1,BUSY
507,102,מ.ישראל,2,18,1,FREE
604,62,מ.ישראל,2,12,1,BUSY
604,62,מ.ישראל,2,11,1,BUSY
1002,405,רוח,2,8,0,FREE
1002,405,רוח,2,15,0,BUSY
902,210,חברה,2,15,0,FREE
902,210,חברה,2,16,1,BUSY
508,7,מ.ישראל,2,8,1,BUSY
508,7,מ.ישראל,2,15,1,FREE
502,8,מ.ישראל,2,17,1,BUSY
502,8,מ.ישראל,2,18,1,BUSY
605,104,מ.ישראל,2,10,1,BUSY
605,104,מ.ישראל,2,15,1,BUSY
1002,61,רוח,2,18,1,BUSY
1002,61,רוח,2,16,1,BUSY
507,4,מ.ישראל,2,10,1,BUSY
507,4,מ.ישראל,2,19,1,BUSY
504,4,מ.ישראל,2,14,1,BUSY
504,4,מ.ישראל,2,9,1,BUSY
1002,202,רוח,2,19,0,FREE
1002,202,רוח,2,15,1,FREE
502,6,מ.ישראל,2,17,1,BUSY
502,6,מ.ישראל,2,18,1,BUSY
502,7,מ.ישראל,2,9,0,FREE
502,7,מ.ישראל,2,8,0,BUSY
505,4,מ.ישראל,2,10,1,BUSY
505,4,מ.ישראל,2,17,1,BUSY
502,9,מ.ישראל,2,10,1,BUSY
502,9,מ.ישראל,2,8,0,FREE
1005,109,רוח,2,19,0,FREE
1005,109,רוח,2,10,1,FREE
902,103,חברה,2,10,1,BUSY
902,103,חברה,2,15,1,BUSY
502,37,מ.ישראל,2,19,1,BUSY
502,37,מ.ישראל,2,13,0,BUSY
902,201,חברה,2,12,1,BUSY
902,201,חברה,2,9,0,FREE
604,205,מ.ישראל,2,13,0,FREE
604,205,מ.ישראל,2,11,1,BUSY
505,63,מ.ישראל,2,9,1,FREE
505,63,מ.ישראל,2,13,1,BUSY
504,5,מ.ישראל,2,11,1,BUSY
504,5,מ.ישראל,2,19,1,FREE
305,5,משפטים,2,14,0,FREE
305,5,משפטים,2,13,0,BUSY
605,14,מ.ישראל,2,11,1,BUSY
605,14,מ.ישראל,2,19,1,BUSY
505,105,מ.ישראל,2,8,1,BUSY
505,105,מ.ישראל,2,11,1,FREE
502,24,מ.ישראל,2,16,1,BUSY
502,24,מ.ישראל,2,14,1,BUSY
505,5,מ.ישראל,2,8,0,FREE
505,5,מ.ישראל,2,16,1,BUSY
404,68,יהדות,2,17,0,FREE
404,68,יהדות,2,16,0,FREE
305,134,משפטים,2,10,1,BUSY
305,134,משפטים,2,8,1,BUSY
105,103,סטודנטים,2,12,1,BUSY
105,103,סטודנטים,2,9,1,BUSY
105,104,סטודנטים,2,19,0,FREE
105,104,סטודנטים,2,9,0,FREE
105,101,סטודנטים,2,8,1,BUSY
105,101,סטודנטים,2,14,1,BUSY
105,102,סטודנטים,2,11,1,FREE
105,102,סטודנטים,2,12,1,FREE
105,1,סטודנטים,2,15,1,BUSY
105,1,סטודנטים,2,11,1,BUSY
304,3,משפטים,2,18,1,BUSY
304,3,משפטים,2,15,1,BUSY
305,6,משפטים,2,17,1,BUSY
305,6,משפטים,2,19,0,FREE
105,61,סטודנטים,2,13,1,BUSY
105,61,סטודנטים,2,17,0,FREE
105,2,סטודנטים,2,15,0,FREE
105,2,סטודנטים,2,13,1,BUSY
304,2,משפטים,2,13,1,BUSY
304,2,משפטים,2,12,1,BUSY
105,3,סטודנטים,2,8,0,FREE
105,3,סטודנטים,2,17,1,BUSY
605,101,מ.ישראל,2,9,1,BUSY
605,101,מ.ישראל,2,12,1,FREE
605,102,מ.ישראל,2,18,1,BUSY
605,102,מ.ישראל,2,12,1,BUSY
604,11,מ.ישראל,2,12,1,BUSY
604,11,מ.ישראל,2,19,0,FREE
605,11,מ.ישראל,2,15,1,BUSY
605,11,מ.ישראל,2,8,1,BUSY
604,12,מ.ישראל,2,9,1,BUSY
604,12,מ.ישראל,2,10,1,BUSY
504,6,מ.ישראל,2,15,1,BUSY
504,6,מ.ישראל,2,18,1,BUSY
605,202,מ.ישראל,2,19,0,FREE
605,202,מ.ישראל,2,16,0,BUSY
604,14,מ.ישראל,2,16,0,FREE
604,14,מ.ישראל,2,18,1,BUSY
507,101,מ.ישראל,2,11,1,BUSY
507,101,מ.ישראל,2,16,1,BUSY
507,103,מ.ישראל,2,10,1,BUSY
507,103,מ.ישראל,2,18,1,BUSY
504,7,מ.ישראל,2,14,1,FREE
504,7,מ.ישראל,2,18,1,BUSY
604,13,מ.ישראל,2,12,1,BUSY
604,13,מ.ישראל,2,11,1,BUSY
505,1,מ.ישראל,2,9,1,BUSY
505,1,מ.ישראל,2,19,1,BUSY
504,3,מ.ישראל,2,18,1,BUSY
504,3,מ.ישראל,2,14,1,BUSY
604,101,מ.ישראל,2,8,0,FREE
604,101,מ.ישראל,2,17,1,BUSY
507,201,מ.ישראל,2,10,1,FREE
507,201,מ.ישראל,2,18,1,BUSY
403,67,יהדות,2,12,1,BUSY
403,67,יהדות,2,15,0,FREE
507,204,מ.ישראל,2,16,1,BUSY
507,204,מ.ישראל,2,19,1,FREE
505,106,מ.ישראל,2,17,1,FREE
505,106,מ.ישראל,2,15,1,BUSY
505,62,מ.ישראל,2,16,1,BUSY
505,62,מ.ישראל,2,19,1,BUSY
505,104,מ.ישראל,2,14,1,BUSY
505,104,מ.ישראל,2,12,1,BUSY
605,13,מ.ישראל,2,15,1,BUSY
605,13,מ.ישראל,2,9,1,BUSY
501,25,מ.ישראל,2,11,1,BUSY
501,25,מ.ישראל,2,13,1,BUSY
505,201,מ.ישראל,2,13,1,BUSY
505,201,מ.ישראל,2,16,0,FREE
505,3,מ.ישראל,2,9,1,BUSY
505,3,מ.ישראל,2,18,1,BUSY
507,207,מ.ישראל,2,10,1,BUSY
507,207,מ.ישראל,2,18,1,BUSY
604,61,מ.ישראל,2,12,1,FREE
604,61,מ.ישראל,2,8,0,BUSY
507,2,מ.ישראל,2,10,1,BUSY
507,2,מ.ישראל,2,12,1,FREE
505,101,מ.ישראל,2,18,1,FREE
505,101,מ.ישראל,2,12,1,BUSY
905,417,חברה,2,10,1,BUSY
905,417,חברה,2,17,1,BUSY
504,1,מ.ישראל,2,19,1,BUSY
504,1,מ.ישראל,2,17,1,BUSY
605,201,מ.ישראל,2,14,0,BUSY
605,201,מ.ישראל,2,18,1,BUSY
604,104,מ.ישראל,2,14,1,BUSY
604,104,מ.ישראל,2,15,1,FREE
213,4,טבע,2,15,1,BUSY
213,4,טבע,2,12,1,BUSY
105,4,סטודנטים,2,9,0,FREE
105,4,סטודנטים,2,10,1,BUSY
102,2,סטודנטים,2,13,1,FREE
102,2,סטודנטים,2,19,0,FREE
105,5,סטודנטים,2,18,1,BUSY
105,5,סטודנטים,2,12,1,BUSY
105,105,סטודנטים,2,18,1,BUSY
105,105,סטודנטים,2,8,1,BUSY
207,1,טבע,2,15,1,BUSY
207,1,טבע,2,13,1,BUSY
105,106,סטודנטים,2,18,1,BUSY
105,106,סטודנטים,2,8,0,FREE
404,115,יהדות,2,17,1,FREE
404,115,יהדות,2,10,1,BUSY
403,101,יהדות,2,15,1,BUSY
403,101,יהדות,2,13,1,BUSY
404,102,יהדות,2,14,1,BUSY
404,102,יהדות,2,15,1,BUSY
105,6,סטודנטים,2,19,0,FREE
105,6,סטודנטים,2,17,0,FREE
102,4,סטודנטים,2,13,1,BUSY
102,4,סטודנטים,2,11,0,FREE
404,114,יהדות,2,9,1,FREE
404,114,יהדות,2,19,0,FREE
306,111,משפטים,2,13,1,BUSY
306,111,משפטים,2,9,0,FREE
505,2,מ.ישראל,2,15,1,BUSY
505,2,מ.ישראל,2,12,1,BUSY
604,2,מ.ישראל,2,17,0,FREE
604,2,מ.ישראל,2,14,0,FREE
605,61,מ.ישראל,2,17,1,BUSY
605,61,מ.ישראל,2,8,1,FREE
410,125,יהדות,2,9,1,BUSY
410,125,יהדות,2,11,1,BUSY
410,46,יהדות,2,13,1,BUSY
410,46,יהדות,2,14,1,BUSY
403,66,יהדות,2,16,0,BUSY
403,66,יהדות,2,15,1,BUSY
502,26,מ.ישראל,2,14,1,BUSY
502,26,מ.ישראל,2,8,0,BUSY
502,25,מ.ישראל,2,8,0,FREE
502,25,מ.ישראל,2,14,1,BUSY
403,218,יהדות,2,16,1,BUSY
403,218,יהדות,2,15,0,FREE
403,113,יהדות,2,17,1,FREE
403,113,יהדות,2,15,0,FREE
410,142,יהדות,2,15,1,BUSY
410,142,יהדות,2,8,1,BUSY
505,61,מ.ישראל,2,15,1,BUSY
505,61,מ.ישראל,2,17,0,FREE
505,11,מ.ישראל,2,13,0,BUSY
505,11,מ.ישראל,2,11,0,FREE
605,105,מ.ישראל,2,9,1,BUSY
605,105,מ.ישראל,2,19,1,BUSY
604,1,מ.ישראל,2,9,0,BUSY
604,1,מ.ישראל,2,8,0,FREE
507,14,מ.ישראל,2,10,1,FREE
507,14,מ.ישראל,2,16,0,FREE
605,4,מ.ישראל,2,16,0,BUSY
605,4,מ.ישראל,2,18,0,FREE
502,62,מ.ישראל,2,18,0,FREE
502,62,מ.ישראל,2,12,0,BUSY
605,7,מ.ישראל,2,17,0,FREE
605,7,מ.ישראל,2,19,0,BUSY
507,206,מ.ישראל,2,8,0,BUSY
507,206,מ.ישראל,2,18,1,FREE
504,206,מ.ישראל,2,9,0,FREE
504,206,מ.ישראל,2,8,0,BUSY
508,103,מ.ישראל,2,11,0,BUSY
508,103,מ.ישראל,2,8,0,FREE
507,106,מ.ישראל,2,19,0,BUSY
507,106,מ.ישראל,2,9,1,BUSY
605,106,מ.ישראל,2,8,0,BUSY
605,106,מ.ישראל,2,10,0,FREE
507,108,מ.ישראל,2,10,1,BUSY
507,108,מ.ישראל,2,15,1,FREE
505,108,מ.ישראל,2,8,0,FREE
505,108,מ.ישראל,2,18,0,FREE
505,102,מ.ישראל,2,12,1,FREE
505,102,מ.ישראל,2,13,1,BUSY
507,6,מ.ישראל,2,14,1,BUSY
507,6,מ.ישראל,2,19,1,BUSY
507,208,מ.ישראל,2,15,0,FREE
507,208,מ.ישראל,2,17,1,BUSY
507,205,מ.ישראל,2,9,1,BUSY
507,205,מ.ישראל,2,12,1,BUSY
507,3,מ.ישראל,2,17,1,BUSY
507,3,מ.ישראל,2,19,1,BUSY
505,103,מ.ישראל,2,15,1,BUSY
505,103,מ.ישראל,2,16,1,BUSY
507,209,מ.ישראל,2,10,1,BUSY
507,209,מ.ישראל,2,14,1,BUSY
507,202,מ.ישראל,2,8,0,FREE
507,202,מ.ישראל,2,12,1,FREE
605,103,מ.ישראל,2,17,1,BUSY
605,103,מ.ישראל,2,16,1,BUSY
403,2,יהדות,2,17,0,FREE
403,2,יהדות,2,8,1,FREE
507,104,מ.ישראל,2,17,1,BUSY
507,104,מ.ישראל,2,14,1,BUSY
507,5,מ.ישראל,2,9,1,BUSY
507,5,מ.ישראל,2,12,1,BUSY
507,203,מ.ישראל,2,12,0,FREE
507,203,מ.ישראל,2,8,0,FREE
305,132,משפטים,2,10,1,BUSY
305,132,משפטים,2,12,0,FREE
902,101,חברה,2,13,1,BUSY
902,101,חברה,2,11,0,FREE
902,104,חברה,2,17,1,BUSY
902,104,חברה,2,19,1,FREE
1005,112,רוח,2,14,0,BUSY
1005,112,רוח,2,15,0,BUSY
605,65,מ.ישראל,2,19,1,BUSY
605,65,מ.ישראל,2,12,1,BUSY
905,116,חברה,2,8,0,BUSY
905,116,חברה,2,14,1,BUSY
203,226,טבע,2,17,0,FREE
203,226,טבע,2,18,0,FREE
902,202,חברה,2,18,0,BUSY
902,202,חברה,2,9,0,FREE
902,102,חברה,2,17,0,FREE
902,102,חברה,2,15,1,BUSY
1002,201,רוח,2,11,1,BUSY
1002,201,רוח,2,13,1,BUSY
605,12,מ.ישראל,2,13,1,BUSY
605,12,מ.ישראל,2,14,1,BUSY
502,30,מ.ישראל,2,16,1,BUSY
502,30,מ.ישראל,2,10,0,BUSY
504,63,מ.ישראל,2,10,0,BUSY
504,63,מ.ישראל,2,14,0,FREE
507,13,מ.ישראל,2,16,0,FREE
507,13,מ.ישראל,2,19,0,FREE
507,105,מ.ישראל,2,13,1,BUSY
507,105,מ.ישראל,2,18,0,FREE
604,103,מ.ישראל,2,14,1,BUSY
604,103,מ.ישראל,2,17,1,FREE
410,26,יהדות,2,9,0,FREE
410,26,יהדות,2,12,0,FREE
410,6,יהדות,2,8,1,BUSY
410,6,יהדות,2,10,1,BUSY
404,66,יהדות,2,12,0,FREE
404,66,יהדות,2,15,0,BUSY
605,64,מ.ישראל,2,19,1,BUSY
605,64,מ.ישראל,2,15,1,BUSY
505,64,מ.ישראל,2,10,0,FREE
505,64,מ.ישראל,2,9,0,FREE
403,115,יהדות,2,13,0,FREE
403,115,יהדות,2,10,0,FREE
404,67,יהדות,2,12,0,FREE
404,67,יהדות,2,19,0,FREE
1005,111,רוח,2,10,0,FREE
1005,111,רוח,2,19,1,BUSY
1004,305,רוח,2,16,1,BUSY
1004,305,רוח,2,8,0,FREE
404,101,יהדות,2,9,0,FREE
404,101,יהדות,2,8,0,FREE
1002,305,רוח,2,10,1,FREE
1002,305,רוח,2,12,1,BUSY
504,208,מ.ישראל,2,11,0,FREE
504,208,מ.ישראל,2,14,1,BUSY
211,112,טבע,2,13,1,BUSY
211,112,טבע,2,16,1,BUSY
305,63,משפטים,2,9,0,FREE
305,63,משפטים,2,18,0,FREE
306,112,משפטים,2,15,0,FREE
306,112,משפטים,2,16,0,FREE
211,106,טבע,2,16,0,BUSY
211,106,טבע,2,13,1,BUSY
207,201,טבע,2,19,0,FREE
207,201,טבע,2,14,1,BUSY
305,101,משפטים,2,18,0,FREE
305,101,משפטים,2,12,0,BUSY
403,61,יהדות,2,18,0,FREE
403,61,יהדות,2,17,0,FREE
202,202,טבע,2,13,0,FREE
202,202,טבע,2,16,1,BUSY
203,106,טבע,2,12,0,BUSY
203,106,טבע,2,9,0,BUSY
203,112,טבע,2,13,0,BUSY
203,112,טבע,2,15,0,FREE
105,112,סטודנטים,2,15,0,FREE
105,112,סטודנטים,2,8,0,BUSY
207,6,טבע,2,12,0,BUSY
207,6,טבע,2,19,0,FREE
207,4,טבע,2,16,0,BUSY
207,4,טבע,2,11,0,FREE
207,101,טבע,2,12,1,BUSY
207,101,טבע,2,8,0,FREE
604,6,מ.ישראל,2,17,0,FREE
604,6,מ.ישראל,2,10,0,BUSY
211,22,nan,2,14,0,BUSY
211,22,nan,2,15,1,FREE
211,4,טבע,2,19,0,BUSY
211,4,טבע,2,11,0,FREE
507,7,מ.ישראל,2,15,1,FREE
507,7,מ.ישראל,2,11,1,BUSY
1401,3,nan,2,17,1,BUSY
1401,3,nan,2,9,1,BUSY
905,63,חברה,2,14,1,BUSY
905,63,חברה,2,18,1,BUSY
901,61,חברה,2,10,1,FREE
901,61,חברה,2,13,1,BUSY
403,69,מינץ,2,19,0,FREE
403,69,מינץ,2,9,0,FREE
1401,63,nan,2,10,0,FREE
1401,63,nan,2,13,0,FREE
1401,1,nan,2,9,0,FREE
1401,1,nan,2,10,0,FREE
507,1,מ.ישראל,2,14,1,BUSY
507,1,מ.ישראל,2,18,0,FREE
905,62,חברה,2,9,0,BUSY
905,62,חברה,2,12,1,BUSY
504,10,מ.ישראל,2,19,0,BUSY
504,10,מ.ישראל,2,10,0,BUSY
505,202,מ.ישראל,2,10,1,BUSY
505,202,מ.ישראל,2,14,1,BUSY
1002,102,רוח,2,8,1,BUSY
1002,102,רוח,2,10,1,BUSY
410,226,יהדות,2,8,1,BUSY
410,226,יהדות,2,11,1,BUSY
410,225,יהדות,2,8,1,BUSY
410,225,יהדות,2,12,0,FREE
1004,407,רוח,2,18,0,FREE
1004,407,רוח,2,19,0,FREE
1004,402,רוח,2,18,1,BUSY
1004,402,רוח,2,11,1,BUSY
505,65,מ.ישראל,2,18,1,BUSY
505,65,מ.ישראל,2,17,0,BUSY
505,204,מ.ישראל,2,12,0,FREE
505,204,מ.ישראל,2,19,0,FREE
304,1,משפטים,2,13,1,BUSY
304,1,משפטים,2,19,1,BUSY
605,63,מ.ישראל,2,16,1,FREE
605,63,מ.ישראל,2,18,1,BUSY
305,10,משפטים,2,19,1,BUSY
305,10,משפטים,2,13,1,BUSY
304,61,משפטים,2,10,0,FREE
304,61,משפטים,2,12,0,FREE
604,202,מ.ישראל,2,11,0,FREE
604,202,מ.ישראל,2,16,0,BUSY
211,25,nan,2,17,1,BUSY
211,25,nan,2,12,1,BUSY
304,25,משפטים,2,10,0,FREE
304,25,משפטים,2,11,1,FREE
1105,53,הנדסה,2,11,1,BUSY
1105,53,הנדסה,2,10,1,BUSY
1401,53,nan,2,15,0,FREE
1401,53,nan,2,18,0,FREE
305,2,משפטים,2,10,0,FREE
305,2,משפטים,2,19,0,FREE
305,4,משפטים,2,9,1,BUSY
305,4,משפטים,2,15,1,FREE
502,23,מ.ישראל,2,17,0,FREE
502,23,מ.ישראל,2,10,0,FREE
503,1,מ.ישראל,2,8,0,BUSY
503,1,מ.ישראל,2,13,0,FREE
404,113,יהדות,2,10,1,BUSY
404,113,יהדות,2,17,1,BUSY
404,201,יהדות,2,12,1,BUSY
404,201,יהדות,2,17,1,BUSY
505,203,מ.ישראל,2,8,1,BUSY
505,203,מ.ישראל,2,16,0,FREE
1005,19,רוח,2,14,1,BUSY
1005,19,רוח,2,10,0,FREE
1005,108,רוח,2,8,0,BUSY
1005,108,רוח,2,12,1,FREE
1005,201,רוח,2,15,1,BUSY
1005,201,רוח,2,19,1,BUSY
1005,209,רוח,2,17,0,FREE
1005,209,רוח,2,18,0,FREE
1005,207,רוח,2,11,0,FREE
1005,207,רוח,2,10,0,FREE
1005,203,רוח,2,18,0,FREE
1005,203,רוח,2,12,0,FREE
604,201,מ.ישראל,2,11,0,FREE
604,201,מ.ישראל,2,15,0,FREE
305,105,משפטים,2,14,0,FREE
305,105,משפטים,2,11,0,FREE
507,37,מ.ישראל,2,15,0,BUSY
507,37,מ.ישראל,2,13,0,FREE
1104,42,הנדסה,2,8,0,FREE
1104,42,הנדסה,2,13,1,BUSY
1105,42,הנדסה,2,19,0,FREE
1105,42,הנדסה,2,12,0,BUSY
1103,22,הנדסה,2,16,1,BUSY
1103,22,הנדסה,2,8,0,FREE
902,9,חברה,2,18,1,BUSY
902,9,חברה,2,8,1,BUSY
304,9,משפטים,2,13,0,FREE
304,9,משפטים,2,9,0,FREE
1105,271,הנדסה,2,8,0,FREE
1105,271,הנדסה,2,17,1,BUSY
1104,271,הנדסה,2,14,0,BUSY
1104,271,הנדסה,2,18,0,FREE
507,61,מ.ישראל,2,19,0,FREE
507,61,מ.ישראל,2,17,0,FREE
213,304,טבע,2,16,1,BUSY
213,304,טבע,2,14,1,BUSY
213,320,טבע,2,16,0,FREE
213,320,טבע,2,12,0,FREE
1004,203,רוח,2,19,1,BUSY
1004,203,רוח,2,13,1,BUSY
1004,212,רוח,2,12,1,BUSY
1004,212,רוח,2,8,0,FREE
410,328,יהדות,2,8,0,FREE
410,328,יהדות,2,10,0,FREE
410,332,יהדות,2,11,1,BUSY
410,332,יהדות,2,15,0,BUSY
604,204,מ.ישראל,2,14,0,FREE
604,204,מ.ישראל,2,12,0,FREE
1002,203,רוח,2,8,1,BUSY
1002,203,רוח,2,10,1,BUSY
202,301,טבע,2,17,1,FREE
202,301,טבע,2,16,1,BUSY
203,4,טבע,2,19,0,BUSY
203,4,טבע,2,11,0,FREE
202,221,טבע,2,11,0,FREE
202,221,טבע,2,8,0,FREE
202,205,טבע,2,18,0,FREE
202,205,טבע,2,19,0,FREE
202,304,טבע,2,11,1,BUSY
202,304,טבע,2,9,0,FREE
202,505,טבע,2,17,0,FREE
202,505,טבע,2,13,0,FREE
202,203,טבע,2,14,0,FREE
202,203,טבע,2,8,0,FREE
202,303,טבע,2,14,1,BUSY
202,303,טבע,2,8,0,BUSY
202,201,טבע,2,15,0,FREE
202,201,טבע,2,10,0,FREE
202,204,טבע,2,13,0,FREE
202,204,טבע,2,12,0,BUSY
505,505,מ.ישראל,2,11,0,FREE
505,505,מ.ישראל,2,10,0,FREE
902,301,חברה,2,14,0,FREE
902,301,חברה,2,12,0,BUSY
902,12,חברה,2,15,1,BUSY
902,12,חברה,2,18,1,BUSY
902,107,חברה,2,11,0,FREE
902,107,חברה,2,18,1,BUSY
905,217,חברה,2,11,1,BUSY
905,217,חברה,2,18,1,BUSY
902,217,חברה,2,10,0,FREE
902,217,חברה,2,16,0,FREE
902,110,חברה,2,12,1,FREE
902,110,חברה,2,11,1,BUSY
902,109,חברה,2,8,0,FREE
902,109,חברה,2,16,0,FREE
507,23,מ.ישראל,2,10,0,FREE
507,23,מ.ישראל,2,9,0,BUSY
1004,406,רוח,2,12,0,BUSY
1004,406,רוח,2,17,0,FREE
1105,368,הנדסה,2,19,1,BUSY
1105,368,הנדסה,2,8,0,FREE
1102,2,הנדסה,2,11,1,BUSY
1102,2,הנדסה,2,9,1,BUSY
1104,244,הנדסה,2,15,1,BUSY
1104,244,הנדסה,2,9,1,BUSY
1104,249,הנדסה,2,16,1,BUSY
1104,249,הנדסה,2,8,0,BUSY
1104,243,הנדסה,2,18,1,BUSY
1104,243,הנדסה,2,19,0,FREE
1103,42,הנדסה,2,16,0,FREE
1103,42,הנדסה,2,15,0,BUSY
1401,4,nan,2,19,0,FREE
1401,4,nan,2,18,0,FREE
1105,3,הנדסה,2,11,0,FREE
1105,3,הנדסה,2,13,0,FREE
1102,4,הנדסה,2,11,0,FREE
1102,4,הנדסה,2,16,0,BUSY
A1300,2,מעונות,2,14,1,BUSY
A1300,2,מעונות,2,13,1,BUSY
A1300,1,מעונות,2,17,1,BUSY
A1300,1,מעונות,2,11,1,BUSY
901,4,חברה,2,16,0,FREE
901,4,חברה,2,13,0,FREE
1103,223,הנדסה,2,19,0,FREE
1103,223,הנדסה,2,13,0,BUSY
1102,205,הנדסה,2,15,0,FREE
1102,205,הנדסה,2,12,1,BUSY
1105,366,הנדסה,2,17,0,FREE
1105,366,הנדסה,2,11,0,FREE
1104,344,הנדסה,2,8,0,FREE
1104,344,הנדסה,2,16,1,BUSY
1104,347,הנדסה,2,10,0,FREE
1104,347,הנדסה,2,13,1,FREE
1103,224,הנדסה,2,11,0,BUSY
1103,224,הנדסה,2,14,0,FREE
1002,112,רוח,2,13,0,BUSY
1002,112,רוח,2,9,0,FREE
905,119,חברה,2,19,0,FREE
905,119,חברה,2,9,0,FREE
905,118,חברה,2,12,0,BUSY
905,118,חברה,2,17,0,FREE
905,319,חברה,2,15,0,FREE
905,319,חברה,2,11,0,BUSY
905,418,חברה,2,18,0,FREE
905,418,חברה,2,19,0,FREE
905,416,חברה,2,9,0,FREE
905,416,חברה,2,17,0,BUSY
905,211,חברה,2,19,0,FREE
905,211,חברה,2,9,0,FREE
905,321,חברה,2,9,0,FREE
905,321,חברה,2,13,0,FREE
905,311,חברה,2,16,0,FREE
905,311,חברה,2,12,0,FREE
905,2,חברה,2,8,0,BUSY
905,2,חברה,2,17,0,FREE
905,317,חברה,2,10,0,BUSY
905,317,חברה,2,9,0,FREE
502,63,מ.ישראל,2,18,0,FREE
502,63,מ.ישראל,2,17,0,BUSY
212,214,טבע,2,18,0,BUSY
212,214,טבע,2,12,0,BUSY
211,21,nan,2,12,1,BUSY
211,21,nan,2,15,0,FREE
211,17,nan,2,16,1,BUSY
211,17,nan,2,11,0,FREE
505,7,מ.ישראל,2,15,1,BUSY
505,7,מ.ישראל,2,14,1,BUSY
212,212,nan,2,13,0,FREE
212,212,nan,2,19,0,FREE
212,1,טבע,2,8,0,FREE
212,1,טבע,2,15,1,BUSY
304,4,משפטים,2,14,0,FREE
304,4,משפטים,2,19,0,FREE
403,3,יהדות,2,15,0,FREE
403,3,יהדות,2,13,0,FREE
905,25,חברה,2,17,0,FREE
905,25,חברה,2,14,0,BUSY
212,310,טבע,2,10,1,BUSY
212,310,טבע,2,14,1,BUSY
212,1,nan,2,14,0,BUSY
212,1,nan,2,11,0,FREE
212,3,טבע,2,16,0,FREE
212,3,טבע,2,15,0,FREE
212,21,nan,2,11,0,FREE
212,21,nan,2,12,0,FREE
203,212,טבע,2,19,0,FREE
203,212,טבע,2,14,1,FREE
304,69,משפטים,2,15,0,FREE
304,69,משפטים,2,18,0,FREE
305,11,משפטים,2,15,0,FREE
305,11,משפטים,2,10,1,BUSY
901,11,חברה,2,16,0,BUSY
901,11,חברה,2,13,0,BUSY
211,3,nan,2,8,0,FREE
211,3,nan,2,13,0,FREE
213,61,טבע,2,11,0,FREE
213,61,טבע,2,18,0,FREE
211,9,nan,2,15,0,FREE
211,9,nan,2,13,0,BUSY
902,1,חברה,2,16,0,FREE
902,1,חברה,2,8,0,BUSY
304,7,משפטים,2,18,0,FREE
304,7,משפטים,2,9,0,FREE
403,1,מינץ,2,19,0,FREE
403,1,מינץ,2,16,0,FREE
211,7,nan,2,13,0,FREE
211,7,nan,2,8,0,FREE
501,11,מ.ישראל,2,19,0,FREE
501,11,מ.ישראל,2,10,1,BUSY
507,11,מ.ישראל,2,10,0,FREE
507,11,מ.ישראל,2,9,0,FREE
1401,7,nan,2,14,0,BUSY
1401,7,nan,2,19,0,FREE
211,63,nan,2,9,0,FREE
211,63,nan,2,16,0,FREE
105,134,סטודנטים,2,9,0,FREE
105,134,סטודנטים,2,18,0,FREE
305,3,משפטים,2,14,0,BUSY
305,3,משפטים,2,18,0,FREE
404,133,יהדות,2,18,0,FREE
404,133,יהדות,2,12,0,FREE
306,1,משפטים,2,13,0,FREE
306,1,משפטים,2,8,0,FREE
304,132,משפטים,2,12,0,FREE
304,132,משפטים,2,19,0,FREE
105,132,סטודנטים,2,8,0,FREE
105,132,סטודנטים,2,17,0,BUSY
404,134,יהדות,2,10,0,BUSY
404,134,יהדות,2,16,0,FREE
404,65,יהדות,2,18,0,FREE
404,65,יהדות,2,10,0,FREE
102,133,סטודנטים,2,10,0,BUSY
102,133,סטודנטים,2,19,0,BUSY
305,104,משפטים,2,15,0,FREE
305,104,משפטים,2,9,0,FREE
507,10,מ.ישראל,2,17,0,BUSY
507,10,מ.ישראל,2,11,0,FREE
507,62,מ.ישראל,2,18,0,FREE
507,62,מ.ישראל,2,16,0,FREE
604,309,מ.ישראל,2,8,1,BUSY
604,309,מ.ישראל,2,17,1,BUSY
901,101,חברה,2,17,1,BUSY
901,101,חברה,2,15,1,BUSY
901,102,חברה,2,13,1,FREE
901,102,חברה,2,17,0,FREE
301,202,פלדמן,2,16,0,FREE
301,202,פלדמן,2,8,0,FREE
905,104,חברה,2,15,0,BUSY
905,104,חברה,2,18,0,BUSY
507,107,מ.ישראל,3,9,0,BUSY
507,107,מ.ישראל,3,13,1,BUSY
905,61,חברה,3,12,1,BUSY
905,61,חברה,3,19,0,FREE
1401,2,nan,3,17,0,BUSY
1401,2,nan,3,15,0,BUSY
402,63,יהדות,3,15,1,BUSY
402,63,יהדות,3,11,1,BUSY
203,221,טבע,3,8,0,BUSY
203,221,טבע,3,19,1,BUSY
1002,1,רוח,3,17,1,BUSY
1002,1,רוח,3,13,1,BUSY
604,63,מ.ישראל,3,19,1,BUSY
604,63,מ.ישראל,3,9,1,BUSY
604,64,מ.ישראל,3,18,1,BUSY
604,64,מ.ישראל,3,13,1,BUSY
604,105,מ.ישראל,3,8,1,BUSY
604,105,מ.ישראל,3,13,1,BUSY
403,211,יהדות,3,14,1,BUSY
403,211,יהדות,3,16,0,FREE
604,102,מ.ישראל,3,18,1,BUSY
604,102,מ.ישראל,3,17,1,BUSY
403,217,יהדות,3,18,0,FREE
403,217,יהדות,3,13,1,BUSY
305,133,משפטים,3,11,0,FREE
305,133,משפטים,3,13,1,FREE
504,2,מ.ישראל,3,15,1,BUSY
504,2,מ.ישראל,3,8,1,BUSY
507,102,מ.ישראל,3,14,1,FREE
507,102,מ.ישראל,3,8,1,BUSY
604,62,מ.ישראל,3,15,1,BUSY
604,62,מ.ישראל,3,11,1,BUSY
1002,405,רוח,3,19,0,BUSY
1002,405,רוח,3,15,0,FREE
902,210,חברה,3,13,1,FREE
902,210,חברה,3,15,1,BUSY
508,7,מ.ישראל,3,10,1,BUSY
508,7,מ.ישראל,3,11,1,FREE
502,8,מ.ישראל,3,14,1,BUSY
502,8,מ.ישראל,3,16,0,FREE
605,104,מ.ישראל,3,14,1,BUSY
605,104,מ.ישראל,3,9,0,FREE
1002,61,רוח,3,16,1,FREE
1002,61,רוח,3,17,1,BUSY
507,4,מ.ישראל,3,16,1,BUSY
507,4,מ.ישראל,3,8,1,BUSY
504,4,מ.ישראל,3,8,0,FREE
504,4,מ.ישראל,3,17,0,FREE
1002,202,רוח,3,11,0,FREE
1002,202,רוח,3,9,0,FREE
502,6,מ.ישראל,3,13,1,BUSY
502,6,מ.ישראל,3,12,1,BUSY
502,7,מ.ישראל,3,12,0,FREE
502,7,מ.ישראל,3,13,0,BUSY
505,4,מ.ישראל,3,8,0,FREE
505,4,מ.ישראל,3,10,1,BUSY
502,9,מ.ישראל,3,15,1,BUSY
502,9,מ.ישראל,3,14,1,BUSY
1005,109,רוח,3,8,1,BUSY
1005,109,רוח,3,12,1,BUSY
902,103,חברה,3,13,1,BUSY
902,103,חברה,3,18,1,BUSY
502,37,מ.ישראל,3,14,0,BUSY
502,37,מ.ישראל,3,16,0,FREE
902,201,חברה,3,8,0,FREE
902,201,חברה,3,12,0,BUSY
604,205,מ.ישראל,3,8,1,BUSY
604,205,מ.ישראל,3,17,1,FREE
505,63,מ.ישראל,3,9,0,FREE
505,63,מ.ישראל,3,10,0,BUSY
504,5,מ.ישראל,3,14,0,FREE
504,5,מ.ישראל,3,9,0,FREE
305,5,משפטים,3,10,0,FREE
305,5,משפטים,3,14,1,BUSY
605,14,מ.ישראל,3,19,0,FREE
605,14,מ.ישראל,3,10,1,BUSY
505,105,מ.ישראל,3,9,1,BUSY
505,105,מ.ישראל,3,14,1,BUSY
502,24,מ.ישראל,3,13,1,BUSY
502,24,מ.ישראל,3,15,0,FREE
505,5,מ.ישראל,3,16,1,FREE
505,5,מ.ישראל,3,17,1,BUSY
404,68,יהדות,3,8,0,FREE
404,68,יהדות,3,17,1,BUSY
305,134,משפטים,3,9,1,BUSY
305,134,משפטים,3,14,1,BUSY
105,103,סטודנטים,3,15,1,BUSY
105,103,סטודנטים,3,14,0,FREE
105,104,סטודנטים,3,11,0,BUSY
105,104,סטודנטים,3,13,0,FREE
105,101,סטודנטים,3,14,1,BUSY
105,101,סטודנטים,3,12,1,BUSY
105,102,סטודנטים,3,11,0,FREE
105,102,סטודנטים,3,18,0,BUSY
105,1,סטודנטים,3,13,1,FREE
105,1,סטודנטים,3,8,1,BUSY
304,3,משפטים,3,15,0,FREE
304,3,משפטים,3,9,1,BUSY
305,6,משפטים,3,10,1,BUSY
305,6,משפטים,3,14,0,BUSY
105,61,סטודנטים,3,18,0,FREE
105,61,סטודנטים,3,14,1,BUSY
105,2,סטודנטים,3,8,0,BUSY
105,2,סטודנטים,3,12,1,BUSY
304,2,משפטים,3,18,0,FREE
304,2,משפטים,3,12,1,BUSY
105,3,סטודנטים,3,8,0,FREE
105,3,סטודנטים,3,18,0,BUSY
605,101,מ.ישראל,3,12,1,BUSY
605,101,מ.ישראל,3,13,1,BUSY
605,102,מ.ישראל,3,17,1,BUSY
605,102,מ.ישראל,3,14,1,BUSY
604,11,מ.ישראל,3,15,1,BUSY
604,11,מ.ישראל,3,16,1,BUSY
605,11,מ.ישראל,3,19,0,BUSY
605,11,מ.ישראל,3,13,1,BUSY
604,12,מ.ישראל,3,11,0,FREE
604,12,מ.ישראל,3,14,0,BUSY
504,6,מ.ישראל,3,15,0,BUSY
504,6,מ.ישראל,3,19,0,FREE
605,202,מ.ישראל,3,14,0,BUSY
605,202,מ.ישראל,3,16,0,FREE
604,14,מ.ישראל,3,11,0,FREE
604,14,מ.ישראל,3,19,0,FREE
507,101,מ.ישראל,3,10,1,BUSY
507,101,מ.ישראל,3,8,1,BUSY
507,103,מ.ישראל,3,10,1,BUSY
507,103,מ.ישראל,3,9,1,BUSY
504,7,מ.ישראל,3,12,0,FREE
504,7,מ.ישראל,3,8,0,FREE
604,13,מ.ישראל,3,10,1,BUSY
604,13,מ.ישראל,3,18,1,BUSY
505,1,מ.ישראל,3,17,1,BUSY
505,1,מ.ישראל,3,8,0,FREE
504,3,מ.ישראל,3,17,0,FREE
504,3,מ.ישראל,3,11,0,FREE
604,101,מ.ישראל,3,17,1,FREE
604,101,מ.ישראל,3,12,1,BUSY
507,201,מ.ישראל,3,18,1,BUSY
507,201,מ.ישראל,3,8,1,BUSY
403,67,יהדות,3,8,0,FREE
403,67,יהדות,3,11,1,FREE
507,204,מ.ישראל,3,10,1,FREE
507,204,מ.ישראל,3,17,1,BUSY
505,106,מ.ישראל,3,17,1,BUSY
505,106,מ.ישראל,3,9,0,FREE
505,62,מ.ישראל,3,19,0,BUSY
505,62,מ.ישראל,3,17,1,FREE
505,104,מ.ישראל,3,19,1,FREE
505,104,מ.ישראל,3,12,0,BUSY
605,13,מ.ישראל,3,10,1,BUSY
605,13,מ.ישראל,3,17,1,BUSY
501,25,מ.ישראל,3,8,0,BUSY
501,25,מ.ישראל,3,11,1,BUSY
505,201,מ.ישראל,3,17,0,FREE
505,201,מ.ישראל,3,8,0,FREE
505,3,מ.ישראל,3,15,1,BUSY
505,3,מ.ישראל,3,17,1,FREE
507,207,מ.ישראל,3,17,1,BUSY
507,207,מ.ישראל,3,10,1,BUSY
604,61,מ.ישראל,3,12,1,BUSY
604,61,מ.ישראל,3,16,1,FREE
507,2,מ.ישראל,3,17,1,FREE
507,2,מ.ישראל,3,10,1,BUSY
505,101,מ.ישראל,3,16,1,BUSY
505,101,מ.ישראל,3,13,1,BUSY
905,417,חברה,3,16,0,FREE
905,417,חברה,3,17,0,FREE
504,1,מ.ישראל,3,13,0,FREE
504,1,מ.ישראל,3,11,1,BUSY
605,201,מ.ישראל,3,13,0,FREE
605,201,מ.ישראל,3,17,1,BUSY
604,104,מ.ישראל,3,18,1,BUSY
604,104,מ.ישראל,3,15,1,BUSY
213,4,טבע,3,10,1,BUSY
213,4,טבע,3,14,1,BUSY
105,4,סטודנטים,3,17,1,FREE
105,4,סטודנטים,3,18,1,BUSY
102,2,סטודנטים,3,15,1,BUSY
102,2,סטודנטים,3,16,0,BUSY
105,5,סטודנטים,3,15,1,FREE
105,5,סטודנטים,3,8,0,FREE
105,105,סטודנטים,3,16,1,BUSY
105,105,סטודנטים,3,12,0,BUSY
207,1,טבע,3,15,0,FREE
207,1,טבע,3,11,0,FREE
105,106,סטודנטים,3,15,0,BUSY
105,106,סטודנטים,3,16,0,BUSY
404,115,יהדות,3,10,1,BUSY
404,115,יהדות,3,19,1,BUSY
403,101,יהדות,3,15,0,FREE
403,101,יהדות,3,18,0,FREE
404,102,יהדות,3,13,1,FREE
404,102,יהדות,3,12,1,BUSY
105,6,סטודנטים,3,14,1,BUSY
105,6,סטודנטים,3,10,0,FREE
102,4,סטודנטים,3,12,0,FREE
102,4,סטודנטים,3,9,0,FREE
404,114,יהדות,3,8,1,BUSY
404,114,יהדות,3,17,1,BUSY
306,111,משפטים,3,13,1,BUSY
306,111,משפטים,3,19,1,BUSY
505,2,מ.ישראל,3,19,0,FREE
505,2,מ.ישראל,3,14,1,BUSY
604,2,מ.ישראל,3,13,0,BUSY
604,2,מ.ישראל,3,11,0,FREE
605,61,מ.ישראל,3,16,1,BUSY
605,61,מ.ישראל,3,8,1,BUSY
410,125,יהדות,3,16,1,BUSY
410,125,יהדות,3,12,1,BUSY
410,46,יהדות,3,18,1,FREE
410,46,יהדות,3,8,1,BUSY
403,66,יהדות,3,19,1,BUSY
403,66,יהדות,3,14,1,BUSY
502,26,מ.ישראל,3,8,0,FREE
502,26,מ.ישראל,3,17,0,FREE
502,25,מ.ישראל,3,9,0,FREE
502,25,מ.ישראל,3,14,1,BUSY
403,218,יהדות,3,12,1,BUSY
403,218,יהדות,3,9,0,FREE
403,113,יהדות,3,11,1,BUSY
403,113,יהדות,3,9,1,BUSY
410,142,יהדות,3,15,1,BUSY
410,142,יהדות,3,9,1,BUSY
505,61,מ.ישראל,3,11,0,FREE
505,61,מ.ישראל,3,8,0,FREE
505,11,מ.ישראל,3,18,0,FREE
505,11,מ.ישראל,3,16,0,FREE
605,105,מ.ישראל,3,19,0,FREE
605,105,מ.ישראל,3,17,0,FREE
604,1,מ.ישראל,3,8,0,FREE
604,1,מ.ישראל,3,14,0,BUSY
507,14,מ.ישראל,3,15,0,BUSY
507,14,מ.ישראל,3,10,0,FREE
605,4,מ.ישראל,3,17,0,FREE
605,4,מ.ישראל,3,18,0,FREE
502,62,מ.ישראל,3,9,1,FREE
502,62,מ.ישראל,3,10,1,BUSY
605,7,מ.ישראל,3,10,0,FREE
605,7,מ.ישראל,3,17,1,BUSY
507,206,מ.ישראל,3,10,1,BUSY
507,206,מ.ישראל,3,9,1,BUSY
504,206,מ.ישראל,3,14,0,BUSY
504,206,מ.ישראל,3,17,1,BUSY
508,103,מ.ישראל,3,14,0,FREE
508,103,מ.ישראל,3,11,0,BUSY
507,106,מ.ישראל,3,17,1,BUSY
507,106,מ.ישראל,3,14,1,BUSY
605,106,מ.ישראל,3,17,0,FREE
605,106,מ.ישראל,3,14,0,FREE
507,108,מ.ישראל,3,10,0,FREE
507,108,מ.ישראל,3,14,0,BUSY
505,108,מ.ישראל,3,8,0,FREE
505,108,מ.ישראל,3,11,0,BUSY
505,102,מ.ישראל,3,13,1,BUSY
505,102,מ.ישראל,3,16,1,BUSY
507,6,מ.ישראל,3,13,1,BUSY
507,6,מ.ישראל,3,11,1,BUSY
507,208,מ.ישראל,3,18,1,BUSY
507,208,מ.ישראל,3,13,1,BUSY
507,205,מ.ישראל,3,8,1,BUSY
507,205,מ.ישראל,3,13,0,FREE
507,3,מ.ישראל,3,18,1,BUSY
507,3,מ.ישראל,3,14,1,FREE
505,103,מ.ישראל,3,9,1,FREE
505,103,מ.ישראל,3,8,1,BUSY
507,209,מ.ישראל,3,19,0,FREE
507,209,מ.ישראל,3,17,1,BUSY
507,202,מ.ישראל,3,19,1,FREE
507,202,מ.ישראל,3,12,1,BUSY
605,103,מ.ישראל,3,13,0,FREE
605,103,מ.ישראל,3,12,0,FREE
403,2,יהדות,3,17,1,BUSY
403,2,יהדות,3,18,0,FREE
507,104,מ.ישראל,3,18,1,BUSY
507,104,מ.ישראל,3,15,1,FREE
507,5,מ.ישראל,3,14,1,BUSY
507,5,מ.ישראל,3,19,0,FREE
507,203,מ.ישראל,3,15,1,BUSY
507,203,מ.ישראל,3,18,1,BUSY
305,132,משפטים,3,12,0,FREE
305,132,משפטים,3,18,0,FREE
902,101,חברה,3,18,1,BUSY
902,101,חברה,3,10,1,BUSY
902,104,חברה,3,19,1,BUSY
902,104,חברה,3,15,0,FREE
1005,112,רוח,3,15,0,BUSY
1005,112,רוח,3,10,0,FREE
605,65,מ.ישראל,3,15,1,BUSY
605,65,מ.ישראל,3,14,1,BUSY
905,116,חברה,3,8,0,BUSY
905,116,חברה,3,17,1,BUSY
203,226,טבע,3,16,1,BUSY
203,226,טבע,3,12,1,BUSY
902,202,חברה,3,10,1,BUSY
902,202,חברה,3,15,1,BUSY
902,102,חברה,3,17,1,BUSY
902,102,חברה,3,10,0,FREE
1002,201,רוח,3,10,1,BUSY
1002,201,רוח,3,11,1,BUSY
605,12,מ.ישראל,3,16,1,BUSY
605,12,מ.ישראל,3,11,1,BUSY
502,30,מ.ישראל,3,17,0,FREE
502,30,מ.ישראל,3,8,0,FREE
504,63,מ.ישראל,3,11,0,FREE
504,63,מ.ישראל,3,18,0,FREE
507,13,מ.ישראל,3,19,0,FREE
507,13,מ.ישראל,3,18,0,BUSY
507,105,מ.ישראל,3,13,1,BUSY
507,105,מ.ישראל,3,10,1,FREE
604,103,מ.ישראל,3,11,1,BUSY
604,103,מ.ישראל,3,17,1,BUSY
410,26,יהדות,3,12,0,FREE
410,26,יהדות,3,11,0,FREE
410,6,יהדות,3,15,1,BUSY
410,6,יהדות,3,18,0,BUSY
404,66,יהדות,3,13,0,FREE
404,66,יהדות,3,11,0,FREE
605,64,מ.ישראל,3,15,1,BUSY
605,64,מ.ישראל,3,12,1,BUSY
505,64,מ.ישראל,3,11,0,FREE
505,64,מ.ישראל,3,18,1,BUSY
403,115,יהדות,3,9,0,FREE
403,115,יהדות,3,18,0,FREE
404,67,יהדות,3,11,0,FREE
404,67,יהדות,3,16,0,FREE
1005,111,רוח,3,9,1,BUSY
1005,111,רוח,3,14,1,BUSY
1004,305,רוח,3,9,0,BUSY
1004,305,רוח,3,15,0,FREE
404,101,יהדות,3,11,1,BUSY
404,101,יהדות,3,18,1,FREE
1002,305,רוח,3,18,0,FREE
1002,305,רוח,3,13,1,BUSY
504,208,מ.ישראל,3,11,0,BUSY
504,208,מ.ישראל,3,17,0,BUSY
211,112,טבע,3,12,1,BUSY
211,112,טבע,3,13,1,BUSY
305,63,משפטים,3,8,0,FREE
305,63,משפטים,3,14,0,FREE
306,112,משפטים,3,9,0,FREE
306,112,משפטים,3,16,1,BUSY
211,106,טבע,3,18,0,BUSY
211,106,טבע,3,17,0,FREE
207,201,טבע,3,17,0,FREE
207,201,טבע,3,8,0,FREE
305,101,משפטים,3,10,0,FREE
305,101,משפטים,3,14,0,FREE
403,61,יהדות,3,14,1,FREE
403,61,יהדות,3,16,0,FREE
202,202,טבע,3,13,0,BUSY
202,202,טבע,3,11,1,BUSY
203,106,טבע,3,8,0,FREE
203,106,טבע,3,14,0,FREE
203,112,טבע,3,12,0,BUSY
203,112,טבע,3,19,0,BUSY
105,112,סטודנטים,3,8,0,FREE
105,112,סטודנטים,3,17,0,BUSY
207,6,טבע,3,8,0,FREE
207,6,טבע,3,18,0,BUSY
207,4,טבע,3,11,1,BUSY
207,4,טבע,3,19,0,FREE
207,101,טבע,3,13,1,BUSY
207,101,טבע,3,19,0,BUSY
604,6,מ.ישראל,3,13,0,BUSY
604,6,מ.ישראל,3,15,0,FREE
211,22,nan,3,9,0,FREE
211,22,nan,3,10,0,FREE
211,4,טבע,3,13,0,BUSY
211,4,טבע,3,17,0,FREE
507,7,מ.ישראל,3,14,0,FREE
507,7,מ.ישראל,3,13,1,BUSY
1401,3,nan,3,19,0,FREE
1401,3,nan,3,14,0,FREE
905,63,חברה,3,19,1,BUSY
905,63,חברה,3,9,1,BUSY
901,61,חברה,3,17,1,BUSY
901,61,חברה,3,16,1,BUSY
403,69,מינץ,3,18,0,FREE
403,69,מינץ,3,13,1,BUSY
1401,63,nan,3,12,0,FREE
1401,63,nan,3,16,0,FREE
1401,1,nan,3,8,0,FREE
1401,1,nan,3,9,0,FREE
507,1,מ.ישראל,3,17,1,BUSY
507,1,מ.ישראל,3,11,1,BUSY
905,62,חברה,3,8,1,FREE
905,62,חברה,3,15,1,BUSY
504,10,מ.ישראל,3,19,1,BUSY
504,10,מ.ישראל,3,11,1,BUSY
505,202,מ.ישראל,3,15,0,FREE
505,202,מ.ישראל,3,8,0,BUSY
1002,102,רוח,3,17,1,FREE
1002,102,רוח,3,18,1,BUSY
410,226,יהדות,3,9,0,FREE
410,226,יהדות,3,10,1,BUSY
410,225,יהדות,3,8,1,BUSY
410,225,יהדות,3,14,1,BUSY
1004,407,רוח,3,11,0,FREE
1004,407,רוח,3,10,0,FREE
1004,402,רוח,3,18,1,FREE
1004,402,רוח,3,11,1,BUSY
505,65,מ.ישראל,3,9,0,FREE
505,65,מ.ישראל,3,11,0,FREE
505,204,מ.ישראל,3,12,0,FREE
505,204,מ.ישראל,3,17,1,FREE
304,1,משפטים,3,19,0,FREE
304,1,משפטים,3,8,1,BUSY
605,63,מ.ישראל,3,9,1,FREE
605,63,מ.ישראל,3,14,1,BUSY
305,10,משפטים,3,17,0,FREE
305,10,משפטים,3,10,1,BUSY
304,61,משפטים,3,17,0,FREE
304,61,משפטים,3,16,0,FREE
604,202,מ.ישראל,3,12,0,FREE
604,202,מ.ישראל,3,17,0,FREE
211,25,nan,3,18,0,FREE
211,25,nan,3,17,0,FREE
304,25,משפטים,3,12,0,FREE
304,25,משפטים,3,15,0,BUSY
1105,53,הנדסה,3,12,1,BUSY
1105,53,הנדסה,3,19,0,BUSY
1401,53,nan,3,13,0,BUSY
1401,53,nan,3,18,0,FREE
305,2,משפטים,3,12,0,FREE
305,2,משפטים,3,13,0,BUSY
305,4,משפטים,3,16,1,BUSY
305,4,משפטים,3,19,1,BUSY
502,23,מ.ישראל,3,11,0,BUSY
502,23,מ.ישראל,3,16,1,FREE
503,1,מ.ישראל,3,16,0,BUSY
503,1,מ.ישראל,3,11,0,FREE
404,113,יהדות,3,10,1,FREE
404,113,יהדות,3,11,1,BUSY
404,201,יהדות,3,17,1,BUSY
404,201,יהדות,3,15,1,BUSY
505,203,מ.ישראל,3,15,0,FREE
505,203,מ.ישראל,3,12,0,FREE
1005,19,רוח,3,15,0,FREE
1005,19,רוח,3,12,0,FREE
1005,108,רוח,3,18,0,FREE
1005,108,רוח,3,11,0,FREE
1005,201,רוח,3,14,0,FREE
1005,201,רוח,3,10,1,BUSY
1005,209,רוח,3,18,1,BUSY
1005,209,רוח,3,19,1,BUSY
1005,207,רוח,3,8,0,FREE
1005,207,רוח,3,12,1,BUSY
1005,203,רוח,3,10,0,FREE
1005,203,רוח,3,15,0,FREE
604,201,מ.ישראל,3,16,0,BUSY
604,201,מ.ישראל,3,15,0,FREE
305,105,משפטים,3,18,0,BUSY
305,105,משפטים,3,10,0,FREE
507,37,מ.ישראל,3,9,0,FREE
507,37,מ.ישראל,3,10,0,FREE
1104,42,הנדסה,3,9,1,BUSY
1104,42,הנדסה,3,17,1,BUSY
1105,42,הנדסה,3,9,0,FREE
1105,42,הנדסה,3,8,0,FREE
1103,22,הנדסה,3,8,0,FREE
1103,22,הנדסה,3,15,1,BUSY
902,9,חברה,3,12,1,BUSY
902,9,חברה,3,9,0,FREE
304,9,משפטים,3,17,0,BUSY
304,9,משפטים,3,12,0,FREE
1105,271,הנדסה,3,17,1,BUSY
1105,271,הנדסה,3,11,1,BUSY
1104,271,הנדסה,3,16,1,FREE
1104,271,הנדסה,3,15,1,BUSY
507,61,מ.ישראל,3,12,0,BUSY
507,61,מ.ישראל,3,8,0,FREE
213,304,טבע,3,11,0,FREE
213,304,טבע,3,18,1,FREE
213,320,טבע,3,14,0,BUSY
213,320,טבע,3,16,0,FREE
1004,203,רוח,3,12,1,FREE
1004,203,רוח,3,15,1,BUSY
1004,212,רוח,3,15,1,BUSY
1004,212,רוח,3,12,1,BUSY
410,328,יהדות,3,15,1,BUSY
410,328,יהדות,3,8,0,FREE
410,332,יהדות,3,8,0,FREE
410,332,יהדות,3,16,0,FREE
604,204,מ.ישראל,3,14,0,FREE
604,204,מ.ישראל,3,10,0,FREE
1002,203,רוח,3,12,0,FREE
1002,203,רוח,3,15,1,BUSY
202,301,טבע,3,18,1,BUSY
202,301,טבע,3,16,1,BUSY
203,4,טבע,3,13,0,FREE
203,4,טבע,3,12,0,FREE
202,221,טבע,3,9,0,BUSY
202,221,טבע,3,19,0,BUSY
202,205,טבע,3,15,0,BUSY
202,205,טבע,3,18,1,BUSY
202,304,טבע,3,11,1,BUSY
202,304,טבע,3,14,0,FREE
202,505,טבע,3,9,0,BUSY
202,505,טבע,3,15,1,BUSY
202,203,טבע,3,19,0,FREE
202,203,טבע,3,18,0,FREE
202,303,טבע,3,8,0,FREE
202,303,טבע,3,9,0,FREE
202,201,טבע,3,12,0,BUSY
202,201,טבע,3,14,0,FREE
202,204,טבע,3,16,0,FREE
202,204,טבע,3,10,0,FREE
505,505,מ.ישראל,3,9,0,BUSY
505,505,מ.ישראל,3,13,0,BUSY
902,301,חברה,3,19,1,BUSY
902,301,חברה,3,12,1,BUSY
902,12,חברה,3,16,1,BUSY
902,12,חברה,3,19,1,FREE
902,107,חברה,3,16,0,FREE
902,107,חברה,3,12,1,BUSY
905,217,חברה,3,9,1,BUSY
905,217,חברה,3,13,1,BUSY
902,217,חברה,3,13,0,BUSY
902,217,חברה,3,12,0,BUSY
902,110,חברה,3,9,0,FREE
902,110,חברה,3,10,0,BUSY
902,109,חברה,3,9,0,FREE
902,109,חברה,3,18,0,FREE
507,23,מ.ישראל,3,13,1,BUSY
507,23,מ.ישראל,3,19,0,FREE
1004,406,רוח,3,14,0,BUSY
1004,406,רוח,3,16,0,FREE
1105,368,הנדסה,3,15,1,BUSY
1105,368,הנדסה,3,9,0,FREE
1102,2,הנדסה,3,17,1,BUSY
1102,2,הנדסה,3,13,1,BUSY
1104,244,הנדסה,3,10,1,BUSY
1104,244,הנדסה,3,13,1,BUSY
1104,249,הנדסה,3,15,1,FREE
1104,249,הנדסה,3,16,1,BUSY
1104,243,הנדסה,3,16,1,BUSY
1104,243,הנדסה,3,13,1,BUSY
1103,42,הנדסה,3,14,0,FREE
1103,42,הנדסה,3,9,0,FREE
1401,4,nan,3,11,0,FREE
1401,4,nan,3,15,0,FREE
1105,3,הנדסה,3,11,0,BUSY
1105,3,הנדסה,3,15,0,FREE
1102,4,הנדסה,3,14,1,BUSY
1102,4,הנדסה,3,15,0,BUSY
A1300,2,מעונות,3,11,1,BUSY
A1300,2,מעונות,3,17,1,FREE
A1300,1,מעונות,3,17,1,BUSY
A1300,1,מעונות,3,16,1,BUSY
901,4,חברה,3,15,0,BUSY
901,4,חברה,3,10,0,BUSY
1103,223,הנדסה,3,13,0,BUSY
1103,223,הנדסה,3,19,0,BUSY
1102,205,הנדסה,3,9,0,FREE
1102,205,הנדסה,3,12,0,BUSY
1105,366,הנדסה,3,18,0,FREE
1105,366,הנדסה,3,16,0,FREE
1104,344,הנדסה,3,12,1,BUSY
1104,344,הנדסה,3,19,0,FREE
1104,347,הנדסה,3,12,0,FREE
1104,347,הנדסה,3,14,0,BUSY
1103,224,הנדסה,3,18,0,FREE
1103,224,הנדסה,3,13,0,FREE
1002,112,רוח,3,17,0,FREE
1002,112,רוח,3,9,0,FREE
905,119,חברה,3,12,1,BUSY
905,119,חברה,3,9,1,BUSY
905,118,חברה,3,10,0,BUSY
905,118,חברה,3,18,0,FREE
905,319,חברה,3,11,0,FREE
905,319,חברה,3,17,0,FREE
905,418,חברה,3,8,0,FREE
905,418,חברה,3,10,0,FREE
905,416,חברה,3,19,0,FREE
905,416,חברה,3,12,0,BUSY
905,211,חברה,3,17,0,FREE
905,211,חברה,3,12,0,FREE
905,321,חברה,3,11,0,BUSY
905,321,חברה,3,15,0,FREE
905,311,חברה,3,18,0,BUSY
905,311,חברה,3,16,0,FREE
905,2,חברה,3,17,0,FREE
905,2,חברה,3,13,0,BUSY
905,317,חברה,3,16,0,FREE
905,317,חברה,3,15,0,FREE
502,63,מ.ישראל,3,14,0,FREE
502,63,מ.ישראל,3,9,0,FREE
212,214,טבע,3,13,0,BUSY
212,214,טבע,3,8,0,FREE
211,21,nan,3,18,0,FREE
211,21,nan,3,13,0,FREE
211,17,nan,3,11,1,BUSY
211,17,nan,3,19,0,BUSY
505,7,מ.ישראל,3,16,0,FREE
505,7,מ.ישראל,3,14,0,FREE
212,212,nan,3,19,0,FREE
212,212,nan,3,14,0,FREE
212,1,טבע,3,11,1,FREE
212,1,טבע,3,15,0,FREE
304,4,משפטים,3,18,0,FREE
304,4,משפטים,3,17,0,FREE
403,3,יהדות,3,12,0,FREE
403,3,יהדות,3,10,0,FREE
905,25,חברה,3,17,0,BUSY
905,25,חברה,3,10,0,FREE
212,310,טבע,3,18,0,BUSY
212,310,טבע,3,19,0,BUSY
212,1,nan,3,8,0,BUSY
212,1,nan,3,10,1,BUSY
212,3,טבע,3,14,0,FREE
212,3,טבע,3,18,0,FREE
212,21,nan,3,14,0,FREE
212,21,nan,3,15,0,FREE
203,212,טבע,3,19,0,FREE
203,212,טבע,3,16,0,FREE
304,69,משפטים,3,10,0,FREE
304,69,משפטים,3,13,0,FREE
305,11,משפטים,3,17,0,FREE
305,11,משפטים,3,11,1,BUSY
901,11,חברה,3,9,0,FREE
901,11,חברה,3,17,0,FREE
211,3,nan,3,9,0,FREE
211,3,nan,3,8,0,FREE
213,61,טבע,3,19,0,FREE
213,61,טבע,3,10,0,FREE
211,9,nan,3,11,0,BUSY
211,9,nan,3,12,0,FREE
902,1,חברה,3,8,0,FREE
902,1,חברה,3,10,0,BUSY
304,7,משפטים,3,19,0,FREE
304,7,משפטים,3,15,0,FREE
403,1,מינץ,3,15,0,FREE
403,1,מינץ,3,18,0,FREE
211,7,nan,3,17,1,BUSY
211,7,nan,3,16,1,BUSY
501,11,מ.ישראל,3,16,0,BUSY
501,11,מ.ישראל,3,19,0,FREE
507,11,מ.ישראל,3,14,0,BUSY
507,11,מ.ישראל,3,10,1,BUSY
1401,7,nan,3,12,0,FREE
1401,7,nan,3,18,0,FREE
211,63,nan,3,17,0,FREE
211,63,nan,3,11,0,FREE
105,134,סטודנטים,3,14,0,BUSY
105,134,סטודנטים,3,8,0,BUSY
305,3,משפטים,3,8,0,FREE
305,3,משפטים,3,16,0,BUSY
404,133,יהדות,3,16,0,FREE
404,133,יהדות,3,13,0,FREE
306,1,משפטים,3,14,0,FREE
306,1,משפטים,3,8,0,FREE
304,132,משפטים,3,10,0,FREE
304,132,משפטים,3,15,1,BUSY
105,132,סטודנטים,3,13,0,BUSY
105,132,סטודנטים,3,15,0,FREE
404,134,יהדות,3,8,0,FREE
404,134,יהדות,3,15,0,FREE
404,65,יהדות,3,19,0,FREE
404,65,יהדות,3,9,0,FREE
102,133,סטודנטים,3,9,0,BUSY
102,133,סטודנטים,3,12,0,BUSY
305,104,משפטים,3,11,0,FREE
305,104,משפטים,3,19,0,BUSY
507,10,מ.ישראל,3,18,0,BUSY
507,10,מ.ישראל,3,15,0,BUSY
507,62,מ.ישראל,3,11,1,FREE
507,62,מ.ישראל,3,10,1,BUSY
604,309,מ.ישראל,3,15,1,BUSY
604,309,מ.ישראל,3,12,1,BUSY
901,101,חברה,3,16,1,BUSY
901,101,חברה,3,9,1,BUSY
901,102,חברה,3,12,0,FREE
901,102,חברה,3,10,0,FREE
301,202,פלדמן,3,14,0,FREE
301,202,פלדמן,3,16,0,FREE
905,104,חברה,3,15,0,FREE
905,104,חברה,3,10,0,BUSY
507,107,מ.ישראל,4,19,0,FREE
507,107,מ.ישראל,4,13,1,BUSY
905,61,חברה,4,14,1,FREE
905,61,חברה,4,10,1,BUSY
1401,2,nan,4,17,0,FREE
1401,2,nan,4,12,0,FREE
402,63,יהדות,4,17,0,BUSY
402,63,יהדות,4,10,0,FREE
203,221,טבע,4,17,1,BUSY
203,221,טבע,4,15,1,FREE
1002,1,רוח,4,14,0,FREE
1002,1,רוח,4,8,0,FREE
604,63,מ.ישראל,4,18,1,BUSY
604,63,מ.ישראל,4,15,1,BUSY
604,64,מ.ישראל,4,17,1,BUSY
604,64,מ.ישראל,4,14,1,BUSY
604,105,מ.ישראל,4,11,1,FREE
604,105,מ.ישראל,4,13,1,FREE
403,211,יהדות,4,19,0,FREE
403,211,יהדות,4,11,1,BUSY
604,102,מ.ישראל,4,11,1,BUSY
604,102,מ.ישראל,4,10,1,FREE
403,217,יהדות,4,10,1,BUSY
403,217,יהדות,4,9,0,FREE
305,133,משפטים,4,10,1,BUSY
305,133,משפטים,4,8,0,FREE
504,2,מ.ישראל,4,10,0,BUSY
504,2,מ.ישראל,4,13,1,BUSY
507,102,מ.ישראל,4,17,1,BUSY
507,102,מ.ישראל,4,9,1,BUSY
604,62,מ.ישראל,4,10,0,FREE
604,62,מ.ישראל,4,13,0,BUSY
1002,405,רוח,4,14,0,BUSY
1002,405,רוח,4,12,0,FREE
902,210,חברה,4,15,1,BUSY
902,210,חברה,4,14,1,BUSY
508,7,מ.ישראל,4,13,0,FREE
508,7,מ.ישראל,4,15,1,BUSY
502,8,מ.ישראל,4,9,0,FREE
502,8,מ.ישראל,4,14,1,BUSY
605,104,מ.ישראל,4,10,0,FREE
605,104,מ.ישראל,4,14,1,BUSY
1002,61,רוח,4,10,1,FREE
1002,61,רוח,4,18,0,FREE
507,4,מ.ישראל,4,19,1,FREE
507,4,מ.ישראל,4,18,1,BUSY
504,4,מ.ישראל,4,12,1,BUSY
504,4,מ.ישראל,4,13,1,BUSY
1002,202,רוח,4,18,1,BUSY
1002,202,רוח,4,10,1,BUSY
502,6,מ.ישראל,4,18,1,BUSY
502,6,מ.ישראל,4,15,0,FREE
502,7,מ.ישראל,4,16,0,FREE
502,7,מ.ישראל,4,15,0,FREE
505,4,מ.ישראל,4,8,0,FREE
505,4,מ.ישראל,4,19,1,FREE
502,9,מ.ישראל,4,17,0,FREE
502,9,מ.ישראל,4,14,0,FREE
1005,109,רוח,4,11,0,FREE
1005,109,רוח,4,19,0,FREE
902,103,חברה,4,13,1,BUSY
902,103,חברה,4,11,0,FREE
502,37,מ.ישראל,4,8,0,FREE
502,37,מ.ישראל,4,14,0,BUSY
902,201,חברה,4,10,1,FREE
902,201,חברה,4,9,0,FREE
604,205,מ.ישראל,4,11,1,BUSY
604,205,מ.ישראל,4,10,1,BUSY
505,63,מ.ישראל,4,10,1,BUSY
505,63,מ.ישראל,4,13,0,FREE
504,5,מ.ישראל,4,9,0,BUSY
504,5,מ.ישראל,4,15,0,FREE
305,5,משפטים,4,17,0,FREE
305,5,משפטים,4,13,0,FREE
605,14,מ.ישראל,4,9,0,FREE
605,14,מ.ישראל,4,11,1,BUSY
505,105,מ.ישראל,4,8,0,BUSY
505,105,מ.ישראל,4,18,0,FREE
502,24,מ.ישראל,4,11,0,FREE
502,24,מ.ישראל,4,16,0,FREE
505,5,מ.ישראל,4,19,0,FREE
505,5,מ.ישראל,4,9,0,FREE
404,68,יהדות,4,14,0,BUSY
404,68,יהדות,4,17,1,BUSY
305,134,משפטים,4,12,1,FREE
305,134,משפטים,4,11,1,BUSY
105,103,סטודנטים,4,9,0,FREE
105,103,סטודנטים,4,16,1,FREE
105,104,סטודנטים,4,13,0,BUSY
105,104,סטודנטים,4,14,1,BUSY
105,101,סטודנטים,4,17,0,FREE
105,101,סטודנטים,4,9,1,BUSY
105,102,סטודנטים,4,18,1,BUSY
105,102,סטודנטים,4,17,1,BUSY
105,1,סטודנטים,4,15,1,BUSY
105,1,סטודנטים,4,19,1,BUSY
304,3,משפטים,4,10,1,BUSY
304,3,משפטים,4,11,1,BUSY
305,6,משפטים,4,16,1,FREE
305,6,משפטים,4,15,0,FREE
105,61,סטודנטים,4,11,0,FREE
105,61,סטודנטים,4,14,1,BUSY
105,2,סטודנטים,4,12,1,BUSY
105,2,סטודנטים,4,14,1,BUSY
304,2,משפטים,4,9,0,FREE
304,2,משפטים,4,18,0,FREE
105,3,סטודנטים,4,13,0,FREE
105,3,סטודנטים,4,15,1,BUSY
605,101,מ.ישראל,4,16,1,BUSY
605,101,מ.ישראל,4,13,1,BUSY
605,102,מ.ישראל,4,12,0,BUSY
605,102,מ.ישראל,4,19,0,FREE
604,11,מ.ישראל,4,19,0,FREE
604,11,מ.ישראל,4,17,0,FREE
605,11,מ.ישראל,4,13,1,BUSY
605,11,מ.ישראל,4,16,1,BUSY
604,12,מ.ישראל,4,9,0,FREE
604,12,מ.ישראל,4,8,0,FREE
504,6,מ.ישראל,4,11,0,FREE
504,6,מ.ישראל,4,19,0,FREE
605,202,מ.ישראל,4,9,0,FREE
605,202,מ.ישראל,4,18,0,FREE
604,14,מ.ישראל,4,15,1,BUSY
604,14,מ.ישראל,4,17,1,FREE
507,101,מ.ישראל,4,11,1,BUSY
507,101,מ.ישראל,4,16,1,FREE
507,103,מ.ישראל,4,16,1,BUSY
507,103,מ.ישראל,4,14,1,BUSY
504,7,מ.ישראל,4,10,1,BUSY
504,7,מ.ישראל,4,18,1,BUSY
604,13,מ.ישראל,4,12,1,BUSY
604,13,מ.ישראל,4,14,1,BUSY
505,1,מ.ישראל,4,16,0,FREE
505,1,מ.ישראל,4,11,0,BUSY
504,3,מ.ישראל,4,17,1,BUSY
504,3,מ.ישראל,4,10,0,BUSY
604,101,מ.ישראל,4,9,1,BUSY
604,101,מ.ישראל,4,10,1,BUSY
507,201,מ.ישראל,4,13,0,FREE
507,201,מ.ישראל,4,10,0,FREE
403,67,יהדות,4,12,0,FREE
403,67,יהדות,4,15,1,BUSY
507,204,מ.ישראל,4,12,0,FREE
507,204,מ.ישראל,4,10,1,BUSY
505,106,מ.ישראל,4,8,1,BUSY
505,106,מ.ישראל,4,19,1,BUSY
505,62,מ.ישראל,4,16,1,FREE
505,62,מ.ישראל,4,12,1,BUSY
505,104,מ.ישראל,4,10,1,BUSY
505,104,מ.ישראל,4,14,1,BUSY
605,13,מ.ישראל,4,9,1,BUSY
605,13,מ.ישראל,4,19,0,FREE
501,25,מ.ישראל,4,12,1,BUSY
501,25,מ.ישראל,4,19,0,FREE
505,201,מ.ישראל,4,10,0,FREE
505,201,מ.ישראל,4,8,0,BUSY
505,3,מ.ישראל,4,15,0,BUSY
505,3,מ.ישראל,4,14,0,FREE
507,207,מ.ישראל,4,12,0,FREE
507,207,מ.ישראל,4,19,1,BUSY
604,61,מ.ישראל,4,19,0,FREE
604,61,מ.ישראל,4,10,0,BUSY
507,2,מ.ישראל,4,13,1,BUSY
507,2,מ.ישראל,4,18,1,FREE
505,101,מ.ישראל,4,13,0,FREE
505,101,מ.ישראל,4,10,0,FREE
905,417,חברה,4,10,1,BUSY
905,417,חברה,4,13,1,FREE
504,1,מ.ישראל,4,8,0,BUSY
504,1,מ.ישראל,4,13,0,FREE
605,201,מ.ישראל,4,10,0,FREE
605,201,מ.ישראל,4,13,0,FREE
604,104,מ.ישראל,4,11,1,BUSY
604,104,מ.ישראל,4,18,0,FREE
213,4,טבע,4,18,0,FREE
213,4,טבע,4,11,1,BUSY
105,4,סטודנטים,4,9,0,BUSY
105,4,סטודנטים,4,13,0,FREE
102,2,סטודנטים,4,19,0,FREE
102,2,סטודנטים,4,11,0,BUSY
105,5,סטודנטים,4,8,0,FREE
105,5,סטודנטים,4,10,0,BUSY
105,105,סטודנטים,4,8,0,BUSY
105,105,סטודנטים,4,12,0,FREE
207,1,טבע,4,11,1,BUSY
207,1,טבע,4,19,1,FREE
105,106,סטודנטים,4,19,1,BUSY
105,106,סטודנטים,4,15,1,BUSY
404,115,יהדות,4,13,1,BUSY
404,115,יהדות,4,17,1,FREE
403,101,יהדות,4,10,0,FREE
403,101,יהדות,4,15,0,FREE
404,102,יהדות,4,17,1,BUSY
404,102,יהדות,4,15,1,BUSY
105,6,סטודנטים,4,10,1,BUSY
105,6,סטודנטים,4,8,0,BUSY
102,4,סטודנטים,4,13,0,BUSY
102,4,סטודנטים,4,9,1,BUSY
404,114,יהדות,4,13,1,BUSY
404,114,יהדות,4,8,0,FREE
306,111,משפטים,4,16,1,BUSY
306,111,משפטים,4,10,1,BUSY
505,2,מ.ישראל,4,14,1,BUSY
505,2,מ.ישראל,4,12,1,BUSY
604,2,מ.ישראל,4,8,0,BUSY
604,2,מ.ישראל,4,14,1,BUSY
605,61,מ.ישראל,4,13,0,FREE
605,61,מ.ישראל,4,9,0,BUSY
410,125,יהדות,4,17,1,BUSY
410,125,יהדות,4,18,0,FREE
410,46,יהדות,4,16,1,BUSY
410,46,יהדות,4,12,1,BUSY
403,66,יהדות,4,11,1,BUSY
403,66,יהדות,4,17,1,BUSY
502,26,מ.ישראל,4,10,1,FREE
502,26,מ.ישראל,4,17,0,FREE
502,25,מ.ישראל,4,11,0,FREE
502,25,מ.ישראל,4,18,0,FREE
403,218,יהדות,4,19,0,FREE
403,218,יהדות,4,8,1,BUSY
403,113,יהדות,4,9,0,FREE
403,113,יהדות,4,16,0,FREE
410,142,יהדות,4,14,1,BUSY
410,142,יהדות,4,17,0,FREE
505,61,מ.ישראל,4,11,1,BUSY
505,61,מ.ישראל,4,12,0,BUSY
505,11,מ.ישראל,4,17,0,FREE
505,11,מ.ישראל,4,16,0,FREE
605,105,מ.ישראל,4,16,1,BUSY
605,105,מ.ישראל,4,14,1,BUSY
604,1,מ.ישראל,4,12,0,FREE
604,1,מ.ישראל,4,8,0,BUSY
507,14,מ.ישראל,4,18,0,FREE
507,14,מ.ישראל,4,9,0,FREE
605,4,מ.ישראל,4,13,0,FREE
605,4,מ.ישראל,4,14,0,FREE
502,62,מ.ישראל,4,18,0,FREE
502,62,מ.ישראל,4,14,0,BUSY
605,7,מ.ישראל,4,19,0,FREE
605,7,מ.ישראל,4,17,0,FREE
507,206,מ.ישראל,4,19,1,BUSY
507,206,מ.ישראל,4,10,1,FREE
504,206,מ.ישראל,4,13,0,FREE
504,206,מ.ישראל,4,15,0,FREE
508,103,מ.ישראל,4,11,0,BUSY
508,103,מ.ישראל,4,8,0,FREE
507,106,מ.ישראל,4,12,1,FREE
507,106,מ.ישראל,4,19,1,BUSY
605,106,מ.ישראל,4,10,0,FREE
605,106,מ.ישראל,4,19,0,BUSY
507,108,מ.ישראל,4,17,1,BUSY
507,108,מ.ישראל,4,10,1,BUSY
505,108,מ.ישראל,4,11,0,BUSY
505,108,מ.ישראל,4,8,0,BUSY
505,102,מ.ישראל,4,10,0,FREE
505,102,מ.ישראל,4,15,1,BUSY
507,6,מ.ישראל,4,10,1,BUSY
507,6,מ.ישראל,4,16,1,BUSY
507,208,מ.ישראל,4,11,1,BUSY
507,208,מ.ישראל,4,10,1,BUSY
507,205,מ.ישראל,4,18,0,FREE
507,205,מ.ישראל,4,12,1,BUSY
507,3,מ.ישראל,4,18,1,BUSY
507,3,מ.ישראל,4,10,0,BUSY
505,103,מ.ישראל,4,10,1,BUSY
505,103,מ.ישראל,4,13,1,BUSY
507,209,מ.ישראל,4,15,1,BUSY
507,209,מ.ישראל,4,18,1,BUSY
507,202,מ.ישראל,4,13,0,FREE
507,202,מ.ישראל,4,17,0,FREE
605,103,מ.ישראל,4,10,1,BUSY
605,103,מ.ישראל,4,13,0,BUSY
403,2,יהדות,4,14,1,BUSY
403,2,יהדות,4,9,0,FREE
507,104,מ.ישראל,4,17,1,BUSY
507,104,מ.ישראל,4,19,0,FREE
507,5,מ.ישראל,4,8,0,FREE
507,5,מ.ישראל,4,14,0,FREE
507,203,מ.ישראל,4,19,1,BUSY
507,203,מ.ישראל,4,8,1,BUSY
305,132,משפטים,4,8,0,FREE
305,132,משפטים,4,17,1,BUSY
902,101,חברה,4,15,1,BUSY
902,101,חברה,4,17,0,FREE
902,104,חברה,4,8,0,FREE
902,104,חברה,4,11,1,FREE
1005,112,רוח,4,15,0,FREE
1005,112,רוח,4,16,0,FREE
605,65,מ.ישראל,4,12,0,FREE
605,65,מ.ישראל,4,15,0,FREE
905,116,חברה,4,8,1,BUSY
905,116,חברה,4,9,1,BUSY
203,226,טבע,4,16,0,BUSY
203,226,טבע,4,11,0,FREE
902,202,חברה,4,11,1,BUSY
902,202,חברה,4,19,0,FREE
902,102,חברה,4,12,1,BUSY
902,102,חברה,4,9,0,FREE
1002,201,רוח,4,16,1,BUSY
1002,201,רוח,4,18,1,BUSY
605,12,מ.ישראל,4,17,1,FREE
605,12,מ.ישראל,4,10,0,BUSY
502,30,מ.ישראל,4,16,1,FREE
502,30,מ.ישראל,4,18,1,BUSY
504,63,מ.ישראל,4,10,0,FREE
504,63,מ.ישראל,4,15,0,BUSY
507,13,מ.ישראל,4,14,0,FREE
507,13,מ.ישראל,4,17,0,FREE
507,105,מ.ישראל,4,16,0,FREE
507,105,מ.ישראל,4,9,0,FREE
604,103,מ.ישראל,4,9,1,BUSY
604,103,מ.ישראל,4,10,1,BUSY
410,26,יהדות,4,17,0,FREE
410,26,יהדות,4,10,0,FREE
410,6,יהדות,4,9,0,FREE
410,6,יהדות,4,10,0,FREE
404,66,יהדות,4,17,0,FREE
404,66,יהדות,4,19,1,BUSY
605,64,מ.ישראל,4,17,0,FREE
605,64,מ.ישראל,4,16,0,BUSY
505,64,מ.ישראל,4,13,1,BUSY
505,64,מ.ישראל,4,10,0,BUSY
403,115,יהדות,4,14,0,FREE
403,115,יהדות,4,15,0,FREE
404,67,יהדות,4,15,0,FREE
404,67,יהדות,4,9,0,FREE
1005,111,רוח,4,19,0,FREE
1005,111,רוח,4,17,0,FREE
1004,305,רוח,4,9,0,FREE
1004,305,רוח,4,12,0,FREE
404,101,יהדות,4,12,0,FREE
404,101,יהדות,4,9,1,BUSY
1002,305,רוח,4,12,1,BUSY
1002,305,רוח,4,8,0,FREE
504,208,מ.ישראל,4,15,0,FREE
504,208,מ.ישראל,4,12,0,BUSY
211,112,טבע,4,12,1,BUSY
211,112,טבע,4,14,1,BUSY
305,63,משפטים,4,16,1,BUSY
305,63,משפטים,4,12,0,FREE
306,112,משפטים,4,13,0,FREE
306,112,משפטים,4,15,0,FREE
211,106,טבע,4,17,0,FREE
211,106,טבע,4,13,0,BUSY
207,201,טבע,4,18,1,FREE
207,201,טבע,4,16,1,BUSY
305,101,משפטים,4,9,0,FREE
305,101,משפטים,4,14,0,FREE
403,61,יהדות,4,13,0,FREE
403,61,יהדות,4,17,0,FREE
202,202,טבע,4,14,0,BUSY
202,202,טבע,4,8,0,BUSY
203,106,טבע,4,19,0,FREE
203,106,טבע,4,10,0,BUSY
203,112,טבע,4,8,0,BUSY
203,112,טבע,4,12,0,BUSY
105,112,סטודנטים,4,19,0,FREE
105,112,סטודנטים,4,11,1,BUSY
207,6,טבע,4,12,1,FREE
207,6,טבע,4,11,1,BUSY
207,4,טבע,4,9,0,FREE
207,4,טבע,4,11,0,FREE
207,101,טבע,4,18,0,FREE
207,101,טבע,4,17,0,FREE
604,6,מ.ישראל,4,10,0,FREE
604,6,מ.ישראל,4,16,0,BUSY
211,22,nan,4,10,1,BUSY
211,22,nan,4,8,0,FREE
211,4,טבע,4,17,0,FREE
211,4,טבע,4,18,0,FREE
507,7,מ.ישראל,4,10,0,BUSY
507,7,מ.ישראל,4,18,1,FREE
1401,3,nan,4,19,0,FREE
1401,3,nan,4,9,0,FREE
905,63,חברה,4,18,1,BUSY
905,63,חברה,4,11,1,BUSY
901,61,חברה,4,15,0,FREE
901,61,חברה,4,8,0,FREE
403,69,מינץ,4,9,0,FREE
403,69,מינץ,4,11,0,FREE
1401,63,nan,4,16,0,FREE
1401,63,nan,4,13,0,BUSY
1401,1,nan,4,18,0,FREE
1401,1,nan,4,8,0,FREE
507,1,מ.ישראל,4,9,0,BUSY
507,1,מ.ישראל,4,15,0,FREE
905,62,חברה,4,16,1,BUSY
905,62,חברה,4,15,0,FREE
504,10,מ.ישראל,4,16,1,BUSY
504,10,מ.ישראל,4,8,0,BUSY
505,202,מ.ישראל,4,18,0,FREE
505,202,מ.ישראל,4,9,0,FREE
1002,102,רוח,4,11,0,FREE
1002,102,רוח,4,12,0,BUSY
410,226,יהדות,4,11,1,BUSY
410,226,יהדות,4,12,1,BUSY
410,225,יהדות,4,15,0,FREE
410,225,יהדות,4,14,0,BUSY
1004,407,רוח,4,11,0,BUSY
1004,407,רוח,4,18,0,FREE
1004,402,רוח,4,12,1,FREE
1004,402,רוח,4,8,0,FREE
505,65,מ.ישראל,4,12,0,BUSY
505,65,מ.ישראל,4,17,1,FREE
505,204,מ.ישראל,4,18,0,FREE
505,204,מ.ישראל,4,8,0,BUSY
304,1,משפטים,4,11,1,BUSY
304,1,משפטים,4,18,0,FREE
605,63,מ.ישראל,4,12,1,BUSY
605,63,מ.ישראל,4,10,1,FREE
305,10,משפטים,4,11,1,BUSY
305,10,משפטים,4,13,1,BUSY
304,61,משפטים,4,13,0,FREE
304,61,משפטים,4,16,0,FREE
604,202,מ.ישראל,4,12,0,FREE
604,202,מ.ישראל,4,11,0,FREE
211,25,nan,4,19,0,FREE
211,25,nan,4,12,1,BUSY
304,25,משפטים,4,10,0,FREE
304,25,משפטים,4,19,0,FREE
1105,53,הנדסה,4,15,0,FREE
1105,53,הנדסה,4,10,1,BUSY
1401,53,nan,4,14,0,BUSY
1401,53,nan,4,18,0,FREE
305,2,משפטים,4,13,0,FREE
305,2,משפטים,4,9,0,FREE
305,4,משפטים,4,19,0,FREE
305,4,משפטים,4,8,0,FREE
502,23,מ.ישראל,4,15,0,FREE
502,23,מ.ישראל,4,13,0,FREE
503,1,מ.ישראל,4,10,0,FREE
503,1,מ.ישראל,4,12,1,BUSY
404,113,יהדות,4,17,0,FREE
404,113,יהדות,4,12,0,BUSY
404,201,יהדות,4,9,0,FREE
404,201,יהדות,4,16,0,FREE
505,203,מ.ישראל,4,14,0,FREE
505,203,מ.ישראל,4,11,0,FREE
1005,19,רוח,4,15,1,BUSY
1005,19,רוח,4,18,1,BUSY
1005,108,רוח,4,15,0,FREE
1005,108,רוח,4,19,0,FREE
1005,201,רוח,4,19,0,FREE
1005,201,רוח,4,10,0,FREE
1005,209,רוח,4,14,0,FREE
1005,209,רוח,4,12,0,FREE
1005,207,רוח,4,17,0,FREE
1005,207,רוח,4,10,0,FREE
1005,203,רוח,4,10,0,BUSY
1005,203,רוח,4,18,0,FREE
604,201,מ.ישראל,4,14,1,FREE
604,201,מ.ישראל,4,16,1,FREE
305,105,משפטים,4,10,0,FREE
305,105,משפטים,4,19,0,FREE
507,37,מ.ישראל,4,18,0,FREE
507,37,מ.ישראל,4,19,0,FREE
1104,42,הנדסה,4,15,1,BUSY
1104,42,הנדסה,4,9,1,BUSY
1105,42,הנדסה,4,8,0,FREE
1105,42,הנדסה,4,13,0,BUSY
1103,22,הנדסה,4,9,0,BUSY
1103,22,הנדסה,4,13,1,FREE
902,9,חברה,4,11,1,BUSY
902,9,חברה,4,15,1,BUSY
304,9,משפטים,4,9,0,FREE
304,9,משפטים,4,13,0,BUSY
1105,271,הנדסה,4,12,1,BUSY
1105,271,הנדסה,4,16,1,FREE
1104,271,הנדסה,4,9,0,FREE
1104,271,הנדסה,4,18,0,FREE
507,61,מ.ישראל,4,8,0,FREE
507,61,מ.ישראל,4,11,1,BUSY
213,304,טבע,4,14,0,FREE
213,304,טבע,4,16,0,FREE
213,320,טבע,4,14,0,FREE
213,320,טבע,4,10,0,BUSY
1004,203,רוח,4,18,0,FREE
1004,203,רוח,4,13,0,FREE
1004,212,רוח,4,18,0,FREE
1004,212,רוח,4,17,0,FREE
410,328,יהדות,4,14,0,BUSY
410,328,יהדות,4,13,0,BUSY
410,332,יהדות,4,9,0,FREE
410,332,יהדות,4,14,0,BUSY
604,204,מ.ישראל,4,11,0,FREE
604,204,מ.ישראל,4,10,0,BUSY
1002,203,רוח,4,18,1,BUSY
1002,203,רוח,4,19,1,FREE
202,301,טבע,4,10,1,FREE
202,301,טבע,4,16,1,FREE
203,4,טבע,4,13,0,BUSY
203,4,טבע,4,8,0,FREE
202,221,טבע,4,16,1,BUSY
202,221,טבע,4,14,0,BUSY
202,205,טבע,4,10,1,BUSY
202,205,טבע,4,17,0,FREE
202,304,טבע,4,16,1,BUSY
202,304,טבע,4,19,1,FREE
202,505,טבע,4,8,0,FREE
202,505,טבע,4,15,0,FREE
202,203,טבע,4,9,0,FREE
202,203,טבע,4,19,0,FREE
202,303,טבע,4,13,0,BUSY
202,303,טבע,4,8,0,FREE
202,201,טבע,4,10,1,BUSY
202,201,טבע,4,9,0,BUSY
202,204,טבע,4,17,0,FREE
202,204,טבע,4,13,0,FREE
505,505,מ.ישראל,4,10,1,BUSY
505,505,מ.ישראל,4,11,1,BUSY
902,301,חברה,4,15,1,BUSY
902,301,חברה,4,13,1,BUSY
902,12,חברה,4,8,1,FREE
902,12,חברה,4,12,1,BUSY
902,107,חברה,4,15,0,BUSY
902,107,חברה,4,17,1,FREE
905,217,חברה,4,15,1,BUSY
905,217,חברה,4,10,1,BUSY
902,217,חברה,4,9,0,FREE
902,217,חברה,4,19,0,FREE
902,110,חברה,4,12,0,BUSY
902,110,חברה,4,19,0,FREE
902,109,חברה,4,13,0,BUSY
902,109,חברה,4,12,0,BUSY
507,23,מ.ישראל,4,8,0,FREE
507,23,מ.ישראל,4,15,0,BUSY
1004,406,רוח,4,17,0,FREE
1004,406,רוח,4,9,0,BUSY
1105,368,הנדסה,4,12,1,BUSY
1105,368,הנדסה,4,11,1,FREE
1102,2,הנדסה,4,15,1,BUSY
1102,2,הנדסה,4,17,1,BUSY
1104,244,הנדסה,4,19,0,FREE
1104,244,הנדסה,4,8,0,BUSY
1104,249,הנדסה,4,18,0,FREE
1104,249,הנדסה,4,16,1,FREE
1104,243,הנדסה,4,19,0,FREE
1104,243,הנדסה,4,10,1,FREE
1103,42,הנדסה,4,10,0,FREE
1103,42,הנדסה,4,17,0,FREE
1401,4,nan,4,15,0,FREE
1401,4,nan,4,14,0,FREE
1105,3,הנדסה,4,8,0,BUSY
1105,3,הנדסה,4,16,0,FREE
1102,4,הנדסה,4,17,0,FREE
1102,4,הנדסה,4,14,0,BUSY
A1300,2,מעונות,4,16,1,BUSY
A1300,2,מעונות,4,14,1,BUSY
A1300,1,מעונות,4,17,0,FREE
A1300,1,מעונות,4,18,0,FREE
901,4,חברה,4,8,0,FREE
901,4,חברה,4,16,1,BUSY
1103,223,הנדסה,4,13,1,BUSY
1103,223,הנדסה,4,19,0,FREE
1102,205,הנדסה,4,16,1,BUSY
1102,205,הנדסה,4,14,0,FREE
1105,366,הנדסה,4,12,0,FREE
1105,366,הנדסה,4,8,0,FREE
1104,344,הנדסה,4,8,0,BUSY
1104,344,הנדסה,4,10,1,BUSY
1104,347,הנדסה,4,9,0,FREE
1104,347,הנדסה,4,11,0,FREE
1103,224,הנדסה,4,11,0,BUSY
1103,224,הנדסה,4,19,0,FREE
1002,112,רוח,4,10,0,FREE
1002,112,רוח,4,15,0,FREE
905,119,חברה,4,16,1,FREE
905,119,חברה,4,10,1,BUSY
905,118,חברה,4,16,0,FREE
905,118,חברה,4,14,1,BUSY
905,319,חברה,4,15,0,FREE
905,319,חברה,4,16,0,FREE
905,418,חברה,4,19,1,BUSY
905,418,חברה,4,18,1,BUSY
905,416,חברה,4,17,0,FREE
905,416,חברה,4,9,0,FREE
905,211,חברה,4,15,1,BUSY
905,211,חברה,4,10,0,FREE
905,321,חברה,4,16,0,FREE
905,321,חברה,4,15,0,FREE
905,311,חברה,4,12,0,FREE
905,311,חברה,4,11,0,FREE
905,2,חברה,4,9,0,FREE
905,2,חברה,4,19,0,FREE
905,317,חברה,4,18,0,BUSY
905,317,חברה,4,8,0,FREE
502,63,מ.ישראל,4,11,0,FREE
502,63,מ.ישראל,4,16,0,FREE
212,214,טבע,4,10,0,FREE
212,214,טבע,4,17,0,BUSY
211,21,nan,4,11,0,BUSY
211,21,nan,4,18,0,FREE
211,17,nan,4,17,0,FREE
211,17,nan,4,8,0,FREE
505,7,מ.ישראל,4,13,0,FREE
505,7,מ.ישראל,4,12,0,FREE
212,212,nan,4,12,0,FREE
212,212,nan,4,10,0,FREE
212,1,טבע,4,15,0,FREE
212,1,טבע,4,17,0,FREE
304,4,משפטים,4,15,1,BUSY
304,4,משפטים,4,12,1,FREE
403,3,יהדות,4,16,0,FREE
403,3,יהדות,4,13,0,BUSY
905,25,חברה,4,16,0,FREE
905,25,חברה,4,18,0,FREE
212,310,טבע,4,9,0,FREE
212,310,טבע,4,12,0,FREE
212,1,nan,4,18,0,FREE
212,1,nan,4,11,1,BUSY
212,3,טבע,4,16,0,FREE
212,3,טבע,4,15,1,BUSY
212,21,nan,4,9,0,FREE
212,21,nan,4,15,0,FREE
203,212,טבע,4,9,0,FREE
203,212,טבע,4,19,0,FREE
304,69,משפטים,4,9,0,FREE
304,69,משפטים,4,16,0,FREE
305,11,משפטים,4,12,0,FREE
305,11,משפטים,4,14,0,FREE
901,11,חברה,4,8,0,FREE
901,11,חברה,4,18,0,FREE
211,3,nan,4,11,1,BUSY
211,3,nan,4,8,0,FREE
213,61,טבע,4,9,0,FREE
213,61,טבע,4,17,0,FREE
211,9,nan,4,9,0,BUSY
211,9,nan,4,14,0,FREE
902,1,חברה,4,9,0,FREE
902,1,חברה,4,19,0,FREE
304,7,משפטים,4,12,1,BUSY
304,7,משפטים,4,16,0,FREE
403,1,מינץ,4,9,0,FREE
403,1,מינץ,4,11,0,FREE
211,7,nan,4,19,0,FREE
211,7,nan,4,10,0,BUSY
501,11,מ.ישראל,4,9,0,FREE
501,11,מ.ישראל,4,19,0,FREE
507,11,מ.ישראל,4,12,0,BUSY
507,11,מ.ישראל,4,19,0,FREE
1401,7,nan,4,8,0,FREE
1401,7,nan,4,18,0,FREE
211,63,nan,4,19,0,FREE
211,63,nan,4,16,1,BUSY
105,134,סטודנטים,4,13,0,BUSY
105,134,סטודנטים,4,14,0,BUSY
305,3,משפטים,4,11,0,FREE
305,3,משפטים,4,16,0,FREE
404,133,יהדות,4,17,0,FREE
404,133,יהדות,4,18,0,FREE
306,1,משפטים,4,19,0,FREE
306,1,משפטים,4,15,0,FREE
304,132,משפטים,4,17,0,FREE
304,132,משפטים,4,18,0,FREE
105,132,סטודנטים,4,16,0,FREE
105,132,סטודנטים,4,10,0,FREE
404,134,יהדות,4,9,0,FREE
404,134,יהדות,4,17,0,FREE
404,65,יהדות,4,15,0,FREE
404,65,יהדות,4,12,0,FREE
102,133,סטודנטים,4,19,0,FREE
102,133,סטודנטים,4,15,0,FREE
305,104,משפטים,4,19,1,BUSY
305,104,משפטים,4,11,0,BUSY
507,10,מ.ישראל,4,14,0,BUSY
507,10,מ.ישראל,4,10,0,BUSY
507,62,מ.ישראל,4,8,0,FREE
507,62,מ.ישראל,4,14,0,FREE
604,309,מ.ישראל,4,13,0,FREE
604,309,מ.ישראל,4,16,0,FREE
901,101,חברה,4,12,1,FREE
901,101,חברה,4,10,0,BUSY
901,102,חברה,4,19,0,FREE
901,102,חברה,4,13,1,BUSY
301,202,פלדמן,4,17,0,FREE
301,202,פלדמן,4,13,0,BUSY
905,104,חברה,4,9,0,BUSY
905,104,חברה,4,17,0,FREE
507,107,מ.ישראל,0,14,1,BUSY
507,107,מ.ישראל,0,11,1,BUSY
905,61,חברה,0,12,1,BUSY
905,61,חברה,0,16,1,FREE
1401,2,nan,0,16,1,BUSY
1401,2,nan,0,10,0,FREE
402,63,יהדות,0,13,1,FREE
402,63,יהדות,0,14,1,FREE
203,221,טבע,0,12,1,BUSY
203,221,טבע,0,17,0,FREE
1002,1,רוח,0,16,1,BUSY
1002,1,רוח,0,13,1,BUSY
604,63,מ.ישראל,0,12,1,BUSY
604,63,מ.ישראל,0,11,0,FREE
604,64,מ.ישראל,0,10,1,BUSY
604,64,מ.ישראל,0,14,1,BUSY
604,105,מ.ישראל,0,9,1,BUSY
604,105,מ.ישראל,0,8,0,FREE
403,211,יהדות,0,8,0,FREE
403,211,יהדות,0,10,0,BUSY
604,102,מ.ישראל,0,11,1,FREE
604,102,מ.ישראל,0,17,1,BUSY
403,217,יהדות,0,17,0,FREE
403,217,יהדות,0,8,1,BUSY
305,133,משפטים,0,19,0,FREE
305,133,משפטים,0,14,0,FREE
504,2,מ.ישראל,0,8,1,BUSY
504,2,מ.ישראל,0,16,1,BUSY
507,102,מ.ישראל,0,14,1,BUSY
507,102,מ.ישראל,0,10,1,BUSY
604,62,מ.ישראל,0,14,0,FREE
604,62,מ.ישראל,0,13,0,BUSY
1002,405,רוח,0,12,1,BUSY
1002,405,רוח,0,17,0,FREE
902,210,חברה,0,17,1,BUSY
902,210,חברה,0,15,1,BUSY
508,7,מ.ישראל,0,18,0,FREE
508,7,מ.ישראל,0,16,1,BUSY
502,8,מ.ישראל,0,19,0,BUSY
502,8,מ.ישראל,0,16,0,FREE
605,104,מ.ישראל,0,10,0,FREE
605,104,מ.ישראל,0,16,1,FREE
1002,61,רוח,0,11,0,FREE
1002,61,רוח,0,13,0,FREE
507,4,מ.ישראל,0,16,1,BUSY
507,4,מ.ישראל,0,14,1,BUSY
504,4,מ.ישראל,0,19,1,FREE
504,4,מ.ישראל,0,12,1,BUSY
1002,202,רוח,0,16,1,BUSY
1002,202,רוח,0,12,1,BUSY
502,6,מ.ישראל,0,15,0,FREE
502,6,מ.ישראל,0,13,0,FREE
502,7,מ.ישראל,0,19,0,FREE
502,7,מ.ישראל,0,12,1,BUSY
505,4,מ.ישראל,0,18,1,BUSY
505,4,מ.ישראל,0,10,0,FREE
502,9,מ.ישראל,0,15,0,FREE
502,9,מ.ישראל,0,8,0,FREE
1005,109,רוח,0,16,1,BUSY
1005,109,רוח,0,15,0,FREE
902,103,חברה,0,18,0,BUSY
902,103,חברה,0,15,0,FREE
502,37,מ.ישראל,0,11,1,BUSY
502,37,מ.ישראל,0,10,1,BUSY
902,201,חברה,0,18,1,BUSY
902,201,חברה,0,15,1,BUSY
604,205,מ.ישראל,0,12,1,BUSY
604,205,מ.ישראל,0,13,1,BUSY
505,63,מ.ישראל,0,14,1,BUSY
505,63,מ.ישראל,0,9,0,BUSY
504,5,מ.ישראל,0,8,0,BUSY
504,5,מ.ישראל,0,13,1,FREE
305,5,משפטים,0,13,0,FREE
305,5,משפטים,0,14,0,FREE
605,14,מ.ישראל,0,9,1,BUSY
605,14,מ.ישראל,0,10,1,BUSY
505,105,מ.ישראל,0,11,0,BUSY
505,105,מ.ישראל,0,17,1,BUSY
502,24,מ.ישראל,0,13,1,BUSY
502,24,מ.ישראל,0,10,0,FREE
505,5,מ.ישראל,0,11,1,BUSY
505,5,מ.ישראל,0,17,0,FREE
404,68,יהדות,0,18,0,FREE
404,68,יהדות,0,12,1,FREE
305,134,משפטים,0,12,1,BUSY
305,134,משפטים,0,14,1,BUSY
105,103,סטודנטים,0,9,1,BUSY
105,103,סטודנטים,0,16,1,BUSY
105,104,סטודנטים,0,15,0,BUSY
105,104,סטודנטים,0,10,1,BUSY
105,101,סטודנטים,0,18,1,BUSY
105,101,סטודנטים,0,8,1,BUSY
105,102,סטודנטים,0,15,1,BUSY
105,102,סטודנטים,0,19,0,BUSY
105,1,סטודנטים,0,16,1,BUSY
105,1,סטודנטים,0,11,1,BUSY
304,3,משפטים,0,14,1,FREE
304,3,משפטים,0,12,1,BUSY
305,6,משפטים,0,16,1,BUSY
305,6,משפטים,0,8,1,BUSY
105,61,סטודנטים,0,13,1,BUSY
105,61,סטודנטים,0,9,0,FREE
105,2,סטודנטים,0,16,0,FREE
105,2,סטודנטים,0,14,1,FREE
304,2,משפטים,0,12,1,BUSY
304,2,משפטים,0,16,0,BUSY
105,3,סטודנטים,0,13,0,FREE
105,3,סטודנטים,0,14,0,BUSY
605,101,מ.ישראל,0,13,1,BUSY
605,101,מ.ישראל,0,12,1,BUSY
605,102,מ.ישראל,0,11,1,BUSY
605,102,מ.ישראל,0,19,1,BUSY
604,11,מ.ישראל,0,15,1,BUSY
604,11,מ.ישראל,0,12,1,BUSY
605,11,מ.ישראל,0,16,1,BUSY
605,11,מ.ישראל,0,11,1,BUSY
604,12,מ.ישראל,0,14,1,BUSY
604,12,מ.ישראל,0,10,1,BUSY
504,6,מ.ישראל,0,8,0,FREE
504,6,מ.ישראל,0,16,0,FREE
605,202,מ.ישראל,0,10,0,FREE
605,202,מ.ישראל,0,19,0,BUSY
604,14,מ.ישראל,0,9,1,BUSY
604,14,מ.ישראל,0,12,0,FREE
507,101,מ.ישראל,0,12,1,BUSY
507,101,מ.ישראל,0,18,1,BUSY
507,103,מ.ישראל,0,9,1,BUSY
507,103,מ.ישראל,0,18,1,BUSY
504,7,מ.ישראל,0,10,1,BUSY
504,7,מ.ישראל,0,17,1,BUSY
604,13,מ.ישראל,0,15,1,BUSY
604,13,מ.ישראל,0,9,1,BUSY
505,1,מ.ישראל,0,14,0,FREE
505,1,מ.ישראל,0,19,0,BUSY
504,3,מ.ישראל,0,17,1,BUSY
504,3,מ.ישראל,0,13,1,BUSY
604,101,מ.ישראל,0,9,0,BUSY
604,101,מ.ישראל,0,16,1,BUSY
507,201,מ.ישראל,0,15,1,BUSY
507,201,מ.ישראל,0,18,1,BUSY
403,67,יהדות,0,10,1,BUSY
403,67,יהדות,0,13,1,BUSY
507,204,מ.ישראל,0,9,0,FREE
507,204,מ.ישראל,0,12,1,BUSY
505,106,מ.ישראל,0,13,1,BUSY
505,106,מ.ישראל,0,14,1,FREE
505,62,מ.ישראל,0,16,1,BUSY
505,62,מ.ישראל,0,9,0,FREE
505,104,מ.ישראל,0,17,0,FREE
505,104,מ.ישראל,0,18,0,FREE
605,13,מ.ישראל,0,12,1,BUSY
605,13,מ.ישראל,0,19,1,BUSY
501,25,מ.ישראל,0,19,1,BUSY
501,25,מ.ישראל,0,10,0,FREE
505,201,מ.ישראל,0,15,1,BUSY
505,201,מ.ישראל,0,10,1,BUSY
505,3,מ.ישראל,0,14,1,BUSY
505,3,מ.ישראל,0,10,0,BUSY
507,207,מ.ישראל,0,16,1,BUSY
507,207,מ.ישראל,0,19,1,BUSY
604,61,מ.ישראל,0,9,0,FREE
604,61,מ.ישראל,0,15,1,BUSY
507,2,מ.ישראל,0,14,1,BUSY
507,2,מ.ישראל,0,15,1,BUSY
505,101,מ.ישראל,0,18,0,BUSY
505,101,מ.ישראל,0,17,0,BUSY
905,417,חברה,0,15,1,BUSY
905,417,חברה,0,11,1,BUSY
504,1,מ.ישראל,0,19,1,BUSY
504,1,מ.ישראל,0,17,1,BUSY
605,201,מ.ישראל,0,17,1,BUSY
605,201,מ.ישראל,0,11,1,BUSY
604,104,מ.ישראל,0,12,1,BUSY
604,104,מ.ישראל,0,10,1,BUSY
213,4,טבע,0,12,1,BUSY
213,4,טבע,0,18,1,BUSY
105,4,סטודנטים,0,19,1,BUSY
105,4,סטודנטים,0,15,0,FREE
102,2,סטודנטים,0,17,0,FREE
102,2,סטודנטים,0,14,1,BUSY
105,5,סטודנטים,0,15,0,FREE
105,5,סטודנטים,0,19,0,FREE
105,105,סטודנטים,0,19,0,BUSY
105,105,סטודנטים,0,18,0,BUSY
207,1,טבע,0,15,1,BUSY
207,1,טבע,0,10,1,BUSY
105,106,סטודנטים,0,8,0,FREE
105,106,סטודנטים,0,19,0,FREE
404,115,יהדות,0,19,0,FREE
404,115,יהדות,0,13,1,BUSY
403,101,יהדות,0,18,0,FREE
403,101,יהדות,0,11,0,FREE
404,102,יהדות,0,12,1,BUSY
404,102,יהדות,0,10,0,FREE
105,6,סטודנטים,0,17,0,FREE
105,6,סטודנטים,0,11,0,FREE
102,4,סטודנטים,0,18,0,FREE
102,4,סטודנטים,0,17,1,BUSY
404,114,יהדות,0,11,0,FREE
404,114,יהדות,0,15,0,FREE
306,111,משפטים,0,10,0,FREE
306,111,משפטים,0,14,0,BUSY
505,2,מ.ישראל,0,16,1,BUSY
505,2,מ.ישראל,0,15,1,FREE
604,2,מ.ישראל,0,16,0,FREE
604,2,מ.ישראל,0,11,0,FREE
605,61,מ.ישראל,0,17,0,FREE
605,61,מ.ישראל,0,16,0,FREE
410,125,יהדות,0,14,1,BUSY
410,125,יהדות,0,10,1,BUSY
410,46,יהדות,0,19,1,BUSY
410,46,יהדות,0,9,0,FREE
403,66,יהדות,0,10,1,BUSY
403,66,יהדות,0,13,1,BUSY
502,26,מ.ישראל,0,8,0,FREE
502,26,מ.ישראל,0,14,1,BUSY
502,25,מ.ישראל,0,10,0,FREE
502,25,מ.ישראל,0,18,0,FREE
403,218,יהדות,0,12,1,BUSY
403,218,יהדות,0,11,0,FREE
403,113,יהדות,0,19,0,FREE
403,113,יהדות,0,11,0,FREE
410,142,יהדות,0,9,0,FREE
410,142,יהדות,0,8,0,FREE
505,61,מ.ישראל,0,15,1,BUSY
505,61,מ.ישראל,0,18,1,FREE
505,11,מ.ישראל,0,17,0,FREE
505,11,מ.ישראל,0,10,0,FREE
605,105,מ.ישראל,0,10,0,FREE
605,105,מ.ישראל,0,18,0,FREE
604,1,מ.ישראל,0,9,0,FREE
604,1,מ.ישראל,0,15,0,FREE
507,14,מ.ישראל,0,15,0,BUSY
507,14,מ.ישראל,0,13,0,FREE
605,4,מ.ישראל,0,18,0,FREE
605,4,מ.ישראל,0,9,0,FREE
502,62,מ.ישראל,0,18,0,FREE
502,62,מ.ישראל,0,17,0,FREE
605,7,מ.ישראל,0,8,0,BUSY
605,7,מ.ישראל,0,9,0,FREE
507,206,מ.ישראל,0,8,0,FREE
507,206,מ.ישראל,0,13,1,BUSY
504,206,מ.ישראל,0,15,0,FREE
504,206,מ.ישראל,0,10,0,FREE
508,103,מ.ישראל,0,15,0,BUSY
508,103,מ.ישראל,0,17,0,FREE
507,106,מ.ישראל,0,17,0,FREE
507,106,מ.ישראל,0,12,1,BUSY
605,106,מ.ישראל,0,19,0,FREE
605,106,מ.ישראל,0,11,0,FREE
507,108,מ.ישראל,0,12,1,BUSY
507,108,מ.ישראל,0,16,1,BUSY
505,108,מ.ישראל,0,12,0,FREE
505,108,מ.ישראל,0,19,0,FREE
505,102,מ.ישראל,0,9,1,BUSY
505,102,מ.ישראל,0,8,0,FREE
507,6,מ.ישראל,0,10,1,BUSY
507,6,מ.ישראל,0,17,1,BUSY
507,208,מ.ישראל,0,9,0,FREE
507,208,מ.ישראל,0,14,1,BUSY
507,205,מ.ישראל,0,15,0,BUSY
507,205,מ.ישראל,0,18,0,FREE
507,3,מ.ישראל,0,18,1,BUSY
507,3,מ.ישראל,0,10,1,BUSY
505,103,מ.ישראל,0,8,1,BUSY
505,103,מ.ישראל,0,10,1,BUSY
507,209,מ.ישראל,0,10,1,BUSY
507,209,מ.ישראל,0,18,1,BUSY
507,202,מ.ישראל,0,19,0,BUSY
507,202,מ.ישראל,0,11,0,BUSY
605,103,מ.ישראל,0,17,1,BUSY
605,103,מ.ישראל,0,16,1,BUSY
403,2,יהדות,0,17,1,BUSY
403,2,יהדות,0,11,1,BUSY
507,104,מ.ישראל,0,19,0,FREE
507,104,מ.ישראל,0,14,1,FREE
507,5,מ.ישראל,0,10,0,FREE
507,5,מ.ישראל,0,14,0,FREE
507,203,מ.ישראל,0,11,0,FREE
507,203,מ.ישראל,0,10,0,BUSY
305,132,משפטים,0,18,0,FREE
305,132,משפטים,0,14,1,BUSY
902,101,חברה,0,15,1,FREE
902,101,חברה,0,11,0,FREE
902,104,חברה,0,11,1,BUSY
902,104,חברה,0,17,1,FREE
1005,112,רוח,0,13,0,BUSY
1005,112,רוח,0,18,0,FREE
605,65,מ.ישראל,0,16,1,BUSY
605,65,מ.ישראל,0,13,1,BUSY
905,116,חברה,0,12,1,BUSY
905,116,חברה,0,18,0,BUSY
203,226,טבע,0,17,1,FREE
203,226,טבע,0,10,1,BUSY
902,202,חברה,0,16,1,FREE
902,202,חברה,0,12,0,FREE
902,102,חברה,0,12,1,BUSY
902,102,חברה,0,8,0,BUSY
1002,201,רוח,0,10,1,FREE
1002,201,רוח,0,8,0,FREE
605,12,מ.ישראל,0,17,1,FREE
605,12,מ.ישראל,0,10,1,BUSY
502,30,מ.ישראל,0,10,0,FREE
502,30,מ.ישראל,0,14,0,FREE
504,63,מ.ישראל,0,19,0,BUSY
504,63,מ.ישראל,0,8,0,BUSY
507,13,מ.ישראל,0,17,0,FREE
507,13,מ.ישראל,0,12,0,BUSY
507,105,מ.ישראל,0,8,0,BUSY
507,105,מ.ישראל,0,15,0,FREE
604,103,מ.ישראל,0,15,1,BUSY
604,103,מ.ישראל,0,16,1,BUSY
410,26,יהדות,0,17,0,FREE
410,26,יהדות,0,13,1,BUSY
410,6,יהדות,0,12,0,BUSY
410,6,יהדות,0,11,0,FREE
404,66,יהדות,0,12,0,FREE
404,66,יהדות,0,18,0,FREE
605,64,מ.ישראל,0,10,1,BUSY
605,64,מ.ישראל,0,17,0,FREE
505,64,מ.ישראל,0,8,0,FREE
505,64,מ.ישראל,0,10,0,FREE
403,115,יהדות,0,11,0,FREE
403,115,יהדות,0,17,0,FREE
404,67,יהדות,0,11,0,FREE
404,67,יהדות,0,9,0,FREE
1005,111,רוח,0,16,0,FREE
1005,111,רוח,0,8,0,FREE
1004,305,רוח,0,11,1,BUSY
1004,305,רוח,0,16,0,FREE
404,101,יהדות,0,16,1,FREE
404,101,יהדות,0,17,1,BUSY
1002,305,רוח,0,19,0,FREE
1002,305,רוח,0,9,0,FREE
504,208,מ.ישראל,0,18,0,FREE
504,208,מ.ישראל,0,17,0,FREE
211,112,טבע,0,19,1,BUSY
211,112,טבע,0,14,1,BUSY
305,63,משפטים,0,13,0,BUSY
305,63,משפטים,0,10,0,FREE
306,112,משפטים,0,12,0,FREE
306,112,משפטים,0,16,0,FREE
211,106,טבע,0,11,0,FREE
211,106,טבע,0,18,0,BUSY
207,201,טבע,0,15,0,FREE
207,201,טבע,0,13,1,BUSY
305,101,משפטים,0,13,0,BUSY
305,101,משפטים,0,17,0,FREE
403,61,יהדות,0,8,0,FREE
403,61,יהדות,0,16,0,FREE
202,202,טבע,0,19,1,BUSY
202,202,טבע,0,18,1,BUSY
203,106,טבע,0,19,0,FREE
203,106,טבע,0,9,0,BUSY
203,112,טבע,0,10,0,FREE
203,112,טבע,0,12,0,FREE
105,112,סטודנטים,0,17,0,BUSY
105,112,סטודנטים,0,15,0,FREE
207,6,טבע,0,13,0,BUSY
207,6,טבע,0,10,0,FREE
207,4,טבע,0,19,0,FREE
207,4,טבע,0,9,1,BUSY
207,101,טבע,0,10,0,BUSY
207,101,טבע,0,8,0,BUSY
604,6,מ.ישראל,0,19,0,BUSY
604,6,מ.ישראל,0,17,0,BUSY
211,22,nan,0,16,1,BUSY
211,22,nan,0,11,1,BUSY
211,4,טבע,0,11,0,FREE
211,4,טבע,0,17,0,BUSY
507,7,מ.ישראל,0,8,0,BUSY
507,7,מ.ישראל,0,19,1,BUSY
1401,3,nan,0,14,1,BUSY
1401,3,nan,0,19,1,BUSY
905,63,חברה,0,10,1,BUSY
905,63,חברה,0,13,1,BUSY
901,61,חברה,0,16,1,BUSY
901,61,חברה,0,12,1,BUSY
403,69,מינץ,0,12,1,FREE
403,69,מינץ,0,11,1,FREE
1401,63,nan,0,17,0,FREE
1401,63,nan,0,18,0,FREE
1401,1,nan,0,9,1,BUSY
1401,1,nan,0,18,0,FREE
507,1,מ.ישראל,0,12,1,BUSY
507,1,מ.ישראל,0,17,1,FREE
905,62,חברה,0,13,1,BUSY
905,62,חברה,0,10,0,BUSY
504,10,מ.ישראל,0,18,0,FREE
504,10,מ.ישראל,0,12,0,FREE
505,202,מ.ישראל,0,10,0,FREE
505,202,מ.ישראל,0,16,0,BUSY
1002,102,רוח,0,18,1,BUSY
1002,102,רוח,0,10,0,BUSY
410,226,יהדות,0,18,0,FREE
410,226,יהדות,0,12,1,BUSY
410,225,יהדות,0,12,0,FREE
410,225,יהדות,0,10,0,BUSY
1004,407,רוח,0,9,0,FREE
1004,407,רוח,0,16,0,FREE
1004,402,רוח,0,9,0,FREE
1004,402,רוח,0,16,0,FREE
505,65,מ.ישראל,0,19,1,BUSY
505,65,מ.ישראל,0,14,0,BUSY
505,204,מ.ישראל,0,13,0,BUSY
505,204,מ.ישראל,0,17,0,BUSY
304,1,משפטים,0,19,1,BUSY
304,1,משפטים,0,9,1,BUSY
605,63,מ.ישראל,0,10,0,BUSY
605,63,מ.ישראל,0,13,0,BUSY
305,10,משפטים,0,10,1,BUSY
305,10,משפטים,0,15,1,FREE
304,61,משפטים,0,11,0,FREE
304,61,משפטים,0,16,0,BUSY
604,202,מ.ישראל,0,13,0,FREE
604,202,מ.ישראל,0,17,0,BUSY
211,25,nan,0,9,1,FREE
211,25,nan,0,16,1,BUSY
304,25,משפטים,0,19,0,FREE
304,25,משפטים,0,12,0,BUSY
1105,53,הנדסה,0,9,1,FREE
1105,53,הנדסה,0,18,1,BUSY
1401,53,nan,0,8,0,FREE
1401,53,nan,0,14,0,FREE
305,2,משפטים,0,19,0,FREE
305,2,משפטים,0,16,0,FREE
305,4,משפטים,0,13,1,BUSY
305,4,משפטים,0,15,1,BUSY
502,23,מ.ישראל,0,19,0,BUSY
502,23,מ.ישראל,0,8,0,BUSY
503,1,מ.ישראל,0,9,0,FREE
503,1,מ.ישראל,0,11,0,BUSY
404,113,יהדות,0,19,0,FREE
404,113,יהדות,0,14,1,BUSY
404,201,יהדות,0,14,1,BUSY
404,201,יהדות,0,16,0,BUSY
505,203,מ.ישראל,0,16,0,FREE
505,203,מ.ישראל,0,15,0,FREE
1005,19,רוח,0,9,0,FREE
1005,19,רוח,0,11,0,FREE
1005,108,רוח,0,10,0,FREE
1005,108,רוח,0,13,0,FREE
1005,201,רוח,0,15,0,FREE
1005,201,רוח,0,18,1,BUSY
1005,209,רוח,0,10,0,FREE
1005,209,רוח,0,9,0,FREE
1005,207,רוח,0,13,0,FREE
1005,207,רוח,0,19,0,FREE
1005,203,רוח,0,12,0,FREE
1005,203,רוח,0,8,0,FREE
604,201,מ.ישראל,0,12,0,BUSY
604,201,מ.ישראל,0,19,0,FREE
305,105,משפטים,0,17,0,FREE
305,105,משפטים,0,19,0,FREE
507,37,מ.ישראל,0,17,0,BUSY
507,37,מ.ישראל,0,10,0,BUSY
1104,42,הנדסה,0,19,0,FREE
1104,42,הנדסה,0,13,1,BUSY
1105,42,הנדסה,0,9,0,FREE
1105,42,הנדסה,0,19,0,FREE
1103,22,הנדסה,0,19,1,BUSY
1103,22,הנדסה,0,10,1,FREE
902,9,חברה,0,14,1,BUSY
902,9,חברה,0,10,1,BUSY
304,9,משפטים,0,13,0,FREE
304,9,משפטים,0,10,0,FREE
1105,271,הנדסה,0,12,1,BUSY
1105,271,הנדסה,0,14,1,BUSY
1104,271,הנדסה,0,9,0,FREE
1104,271,הנדסה,0,8,0,FREE
507,61,מ.ישראל,0,16,0,BUSY
507,61,מ.ישראל,0,11,0,FREE
213,304,טבע,0,17,1,BUSY
213,304,טבע,0,8,0,BUSY
213,320,טבע,0,19,0,FREE
213,320,טבע,0,15,0,BUSY
1004,203,רוח,0,12,1,BUSY
1004,203,רוח,0,14,0,FREE
1004,212,רוח,0,17,1,BUSY
1004,212,רוח,0,16,1,BUSY
410,328,יהדות,0,15,1,BUSY
410,328,יהדות,0,19,1,BUSY
410,332,יהדות,0,10,0,FREE
410,332,יהדות,0,11,0,FREE
604,204,מ.ישראל,0,15,0,BUSY
604,204,מ.ישראל,0,19,0,BUSY
1002,203,רוח,0,18,1,BUSY
1002,203,רוח,0,16,0,FREE
202,301,טבע,0,14,1,BUSY
202,301,טבע,0,10,1,BUSY
203,4,טבע,0,9,0,BUSY
203,4,טבע,0,10,0,FREE
202,221,טבע,0,15,0,FREE
202,221,טבע,0,12,0,BUSY
202,205,טבע,0,15,0,FREE
202,205,טבע,0,11,0,FREE
202,304,טבע,0,19,0,BUSY
202,304,טבע,0,11,0,FREE
202,505,טבע,0,12,1,FREE
202,505,טבע,0,14,0,BUSY
202,203,טבע,0,10,0,FREE
202,203,טבע,0,15,0,FREE
202,303,טבע,0,19,0,FREE
202,303,טבע,0,17,0,BUSY
202,201,טבע,0,16,0,FREE
202,201,טבע,0,14,0,FREE
202,204,טבע,0,13,0,BUSY
202,204,טבע,0,11,0,FREE
505,505,מ.ישראל,0,14,0,BUSY
505,505,מ.ישראל,0,9,0,BUSY
902,301,חברה,0,12,0,BUSY
902,301,חברה,0,13,0,BUSY
902,12,חברה,0,18,1,BUSY
902,12,חברה,0,14,1,BUSY
902,107,חברה,0,17,0,FREE
902,107,חברה,0,9,0,FREE
905,217,חברה,0,11,0,BUSY
905,217,חברה,0,17,1,BUSY
902,217,חברה,0,10,0,FREE
902,217,חברה,0,15,0,FREE
902,110,חברה,0,14,0,BUSY
902,110,חברה,0,10,0,BUSY
902,109,חברה,0,13,0,FREE
902,109,חברה,0,14,0,FREE
507,23,מ.ישראל,0,18,0,FREE
507,23,מ.ישראל,0,19,0,BUSY
1004,406,רוח,0,15,1,BUSY
1004,406,רוח,0,13,1,FREE
1105,368,הנדסה,0,9,0,BUSY
1105,368,הנדסה,0,13,1,BUSY
1102,2,הנדסה,0,12,1,BUSY
1102,2,הנדסה,0,8,0,FREE
1104,244,הנדסה,0,9,1,BUSY
1104,244,הנדסה,0,19,1,FREE
1104,249,הנדסה,0,12,1,BUSY
1104,249,הנדסה,0,17,1,BUSY
1104,243,הנדסה,0,16,1,BUSY
1104,243,הנדסה,0,10,1,BUSY
1103,42,הנדסה,0,16,0,FREE
1103,42,הנדסה,0,14,0,FREE
1401,4,nan,0,15,1,BUSY
1401,4,nan,0,9,1,BUSY
1105,3,הנדסה,0,18,0,FREE
1105,3,הנדסה,0,9,0,BUSY
1102,4,הנדסה,0,13,0,FREE
1102,4,הנדסה,0,10,0,FREE
A1300,2,מעונות,0,16,1,BUSY
A1300,2,מעונות,0,11,1,BUSY
A1300,1,מעונות,0,11,1,FREE
A1300,1,מעונות,0,10,1,BUSY
901,4,חברה,0,10,0,FREE
901,4,חברה,0,11,0,FREE
1103,223,הנדסה,0,15,0,FREE
1103,223,הנדסה,0,12,1,FREE
1102,205,הנדסה,0,16,0,BUSY
1102,205,הנדסה,0,19,0,FREE
1105,366,הנדסה,0,15,0,FREE
1105,366,הנדסה,0,12,1,BUSY
1104,344,הנדסה,0,18,1,FREE
1104,344,הנדסה,0,19,0,BUSY
1104,347,הנדסה,0,13,1,FREE
1104,347,הנדסה,0,14,1,BUSY
1103,224,הנדסה,0,9,0,FREE
1103,224,הנדסה,0,10,0,FREE
1002,112,רוח,0,13,0,BUSY
1002,112,רוח,0,17,0,FREE
905,119,חברה,0,14,1,BUSY
905,119,חברה,0,15,1,BUSY
905,118,חברה,0,15,0,BUSY
905,118,חברה,0,19,0,FREE
905,319,חברה,0,18,0,FREE
905,319,חברה,0,19,0,FREE
905,418,חברה,0,16,1,BUSY
905,418,חברה,0,9,0,BUSY
905,416,חברה,0,18,0,FREE
905,416,חברה,0,14,0,FREE
905,211,חברה,0,8,0,FREE
905,211,חברה,0,18,0,BUSY
905,321,חברה,0,12,0,FREE
905,321,חברה,0,15,0,FREE
905,311,חברה,0,9,0,BUSY
905,311,חברה,0,11,0,FREE
905,2,חברה,0,14,0,BUSY
905,2,חברה,0,10,0,FREE
905,317,חברה,0,12,0,FREE
905,317,חברה,0,13,0,FREE
502,63,מ.ישראל,0,11,0,FREE
502,63,מ.ישראל,0,17,0,FREE
212,214,טבע,0,16,0,FREE
212,214,טבע,0,9,0,BUSY
211,21,nan,0,18,0,FREE
211,21,nan,0,14,0,FREE
211,17,nan,0,10,0,FREE
211,17,nan,0,19,0,BUSY
505,7,מ.ישראל,0,17,0,FREE
505,7,מ.ישראל,0,14,0,FREE
212,212,nan,0,18,0,FREE
212,212,nan,0,13,0,FREE
212,1,טבע,0,8,0,BUSY
212,1,טבע,0,14,0,FREE
304,4,משפטים,0,9,0,FREE
304,4,משפטים,0,19,0,FREE
403,3,יהדות,0,19,0,FREE
403,3,יהדות,0,11,0,BUSY
905,25,חברה,0,11,0,FREE
905,25,חברה,0,13,0,FREE
212,310,טבע,0,10,1,BUSY
212,310,טבע,0,8,0,FREE
212,1,nan,0,12,0,BUSY
212,1,nan,0,19,0,FREE
212,3,טבע,0,8,0,FREE
212,3,טבע,0,18,0,BUSY
212,21,nan,0,9,0,FREE
212,21,nan,0,15,0,FREE
203,212,טבע,0,10,0,FREE
203,212,טבע,0,15,0,BUSY
304,69,משפטים,0,14,0,FREE
304,69,משפטים,0,13,0,FREE
305,11,משפטים,0,15,1,BUSY
305,11,משפטים,0,14,1,BUSY
901,11,חברה,0,17,0,FREE
901,11,חברה,0,15,0,FREE
211,3,nan,0,11,0,FREE
211,3,nan,0,18,0,FREE
213,61,טבע,0,19,0,FREE
213,61,טבע,0,9,0,FREE
211,9,nan,0,11,0,FREE
211,9,nan,0,19,0,BUSY
902,1,חברה,0,18,0,FREE
902,1,חברה,0,16,0,FREE
304,7,משפטים,0,15,0,FREE
304,7,משפטים,0,19,0,FREE
403,1,מינץ,0,12,0,FREE
403,1,מינץ,0,18,0,FREE
211,7,nan,0,10,0,FREE
211,7,nan,0,12,0,FREE
501,11,מ.ישראל,0,13,0,BUSY
501,11,מ.ישראל,0,9,0,FREE
507,11,מ.ישראל,0,16,0,FREE
507,11,מ.ישראל,0,19,0,FREE
1401,7,nan,0,12,0,FREE
1401,7,nan,0,18,0,FREE
211,63,nan,0,13,0,FREE
211,63,nan,0,18,0,FREE
105,134,סטודנטים,0,17,0,FREE
105,134,סטודנטים,0,13,0,FREE
305,3,משפטים,0,12,0,FREE
305,3,משפטים,0,17,0,FREE
404,133,יהדות,0,15,0,FREE
404,133,יהדות,0,17,0,FREE
306,1,משפטים,0,17,0,BUSY
306,1,משפטים,0,10,0,FREE
304,132,משפטים,0,11,0,FREE
304,132,משפטים,0,19,0,FREE
105,132,סטודנטים,0,10,0,FREE
105,132,סטודנטים,0,19,0,FREE
404,134,יהדות,0,16,0,FREE
404,134,יהדות,0,15,0,FREE
404,65,יהדות,0,19,0,FREE
404,65,יהדות,0,17,0,FREE
102,133,סטודנטים,0,15,0,FREE
102,133,סטודנטים,0,11,0,FREE
305,104,משפטים,0,16,0,FREE
305,104,משפטים,0,9,0,FREE
507,10,מ.ישראל,0,17,0,FREE
507,10,מ.ישראל,0,18,0,BUSY
507,62,מ.ישראל,0,11,0,FREE
507,62,מ.ישראל,0,13,0,FREE
604,309,מ.ישראל,0,9,0,BUSY
604,309,מ.ישראל,0,12,0,FREE
901,101,חברה,0,12,1,BUSY
901,101,חברה,0,8,0,BUSY
901,102,חברה,0,19,0,FREE
901,102,חברה,0,9,1,FREE
301,202,פלדמן,0,12,1,FREE
301,202,פלדמן,0,18,0,BUSY
905,104,חברה,0,13,0,BUSY
905,104,חברה,0,16,0,FREE
507,107,מ.ישראל,1,16,1,BUSY
507,107,מ.ישראל,1,8,1,BUSY
905,61,חברה,1,16,1,BUSY
905,61,חברה,1,10,0,BUSY
1401,2,nan,1,18,1,BUSY
1401,2,nan,1,15,1,BUSY
402,63,יהדות,1,17,1,BUSY
402,63,יהדות,1,14,1,BUSY
203,221,טבע,1,17,1,BUSY
203,221,טבע,1,12,1,BUSY
1002,1,רוח,1,12,1,BUSY
1002,1,רוח,1,19,0,BUSY
604,63,מ.ישראל,1,18,1,BUSY
604,63,מ.ישראל,1,8,0,FREE
604,64,מ.ישראל,1,8,0,FREE
604,64,מ.ישראל,1,10,0,FREE
604,105,מ.ישראל,1,8,0,BUSY
604,105,מ.ישראל,1,9,0,FREE
403,211,יהדות,1,19,0,FREE
403,211,יהדות,1,17,0,BUSY
604,102,מ.ישראל,1,12,1,BUSY
604,102,מ.ישראל,1,19,0,FREE
403,217,יהדות,1,16,0,BUSY
403,217,יהדות,1,13,1,BUSY
305,133,משפטים,1,14,0,FREE
305,133,משפטים,1,11,1,BUSY
504,2,מ.ישראל,1,19,1,BUSY
504,2,מ.ישראל,1,12,1,BUSY
507,102,מ.ישראל,1,8,1,BUSY
507,102,מ.ישראל,1,14,1,BUSY
604,62,מ.ישראל,1,12,1,BUSY
604,62,מ.ישראל,1,15,0,FREE
1002,405,רוח,1,18,0,FREE
1002,405,רוח,1,9,0,FREE
902,210,חברה,1,10,0,FREE
902,210,חברה,1,18,1,BUSY
508,7,מ.ישראל,1,8,0,BUSY
508,7,מ.ישראל,1,14,1,BUSY
502,8,מ.ישראל,1,12,0,BUSY
502,8,מ.ישראל,1,19,1,BUSY
605,104,מ.ישראל,1,19,0,FREE
605,104,מ.ישראל,1,18,0,BUSY
1002,61,רוח,1,16,1,BUSY
1002,61,רוח,1,11,1,BUSY
507,4,מ.ישראל,1,13,1,BUSY
507,4,מ.ישראל,1,14,1,FREE
504,4,מ.ישראל,1,13,0,BUSY
504,4,מ.ישראל,1,12,0,FREE
1002,202,רוח,1,9,0,BUSY
1002,202,רוח,1,18,1,FREE
502,6,מ.ישראל,1,18,0,FREE
502,6,מ.ישראל,1,12,0,FREE
502,7,מ.ישראל,1,10,1,BUSY
502,7,מ.ישראל,1,8,1,FREE
505,4,מ.ישראל,1,11,1,BUSY
505,4,מ.ישראל,1,17,1,BUSY
502,9,מ.ישראל,1,14,0,FREE
502,9,מ.ישראל,1,16,1,BUSY
1005,109,רוח,1,16,1,BUSY
1005,109,רוח,1,14,1,BUSY
902,103,חברה,1,19,0,FREE
902,103,חברה,1,18,0,FREE
502,37,מ.ישראל,1,18,1,BUSY
502,37,מ.ישראל,1,10,1,BUSY
902,201,חברה,1,8,1,BUSY
902,201,חברה,1,9,1,BUSY
604,205,מ.ישראל,1,15,1,BUSY
604,205,מ.ישראל,1,19,0,BUSY
505,63,מ.ישראל,1,9,0,FREE
505,63,מ.ישראל,1,12,0,FREE
504,5,מ.ישראל,1,10,1,FREE
504,5,מ.ישראל,1,15,1,BUSY
305,5,משפטים,1,10,0,FREE
305,5,משפטים,1,8,0,FREE
605,14,מ.ישראל,1,16,1,BUSY
605,14,מ.ישראל,1,12,1,BUSY
505,105,מ.ישראל,1,13,0,FREE
505,105,מ.ישראל,1,14,1,BUSY
502,24,מ.ישראל,1,19,0,BUSY
502,24,מ.ישראל,1,11,1,BUSY
505,5,מ.ישראל,1,16,1,BUSY
505,5,מ.ישראל,1,10,1,FREE
404,68,יהדות,1,16,1,BUSY
404,68,יהדות,1,9,1,BUSY
305,134,משפטים,1,13,0,FREE
305,134,משפטים,1,10,1,BUSY
105,103,סטודנטים,1,11,1,BUSY
105,103,סטודנטים,1,8,0,BUSY
105,104,סטודנטים,1,10,1,BUSY
105,104,סטודנטים,1,17,1,BUSY
105,101,סטודנטים,1,14,1,BUSY
105,101,סטודנטים,1,11,1,BUSY
105,102,סטודנטים,1,9,1,BUSY
105,102,סטודנטים,1,16,1,BUSY
105,1,סטודנטים,1,13,1,BUSY
105,1,סטודנטים,1,10,1,BUSY
304,3,משפטים,1,8,1,BUSY
304,3,משפטים,1,14,1,BUSY
305,6,משפטים,1,10,1,BUSY
305,6,משפטים,1,19,0,FREE
105,61,סטודנטים,1,14,1,BUSY
105,61,סטודנטים,1,16,1,BUSY
105,2,סטודנטים,1,16,0,FREE
105,2,סטודנטים,1,8,0,FREE
304,2,משפטים,1,15,1,BUSY
304,2,משפטים,1,8,1,BUSY
105,3,סטודנטים,1,14,0,BUSY
105,3,סטודנטים,1,18,0,BUSY
605,101,מ.ישראל,1,16,1,BUSY
605,101,מ.ישראל,1,11,1,BUSY
605,102,מ.ישראל,1,19,0,BUSY
605,102,מ.ישראל,1,12,0,FREE
604,11,מ.ישראל,1,19,1,BUSY
604,11,מ.ישראל,1,14,0,FREE
605,11,מ.ישראל,1,18,0,FREE
605,11,מ.ישראל,1,9,1,BUSY
604,12,מ.ישראל,1,9,1,BUSY
604,12,מ.ישראל,1,12,1,BUSY
504,6,מ.ישראל,1,10,1,BUSY
504,6,מ.ישראל,1,16,1,BUSY
605,202,מ.ישראל,1,12,0,FREE
605,202,מ.ישראל,1,16,0,FREE
604,14,מ.ישראל,1,17,1,BUSY
604,14,מ.ישראל,1,12,1,BUSY
507,101,מ.ישראל,1,9,1,BUSY
507,101,מ.ישראל,1,14,1,BUSY
507,103,מ.ישראל,1,10,1,BUSY
507,103,מ.ישראל,1,18,0,FREE
504,7,מ.ישראל,1,12,0,BUSY
504,7,מ.ישראל,1,18,1,FREE
604,13,מ.ישראל,1,9,1,BUSY
604,13,מ.ישראל,1,16,1,FREE
505,1,מ.ישראל,1,9,0,BUSY
505,1,מ.ישראל,1,12,1,BUSY
504,3,מ.ישראל,1,10,0,FREE
504,3,מ.ישראל,1,15,0,BUSY
604,101,מ.ישראל,1,11,1,BUSY
604,101,מ.ישראל,1,10,1,BUSY
507,201,מ.ישראל,1,12,1,BUSY
507,201,מ.ישראל,1,18,1,BUSY
403,67,יהדות,1,14,1,BUSY
403,67,יהדות,1,10,1,BUSY
507,204,מ.ישראל,1,17,1,BUSY
507,204,מ.ישראל,1,13,0,BUSY
505,106,מ.ישראל,1,19,1,FREE
505,106,מ.ישראל,1,11,1,BUSY
505,62,מ.ישראל,1,8,0,FREE
505,62,מ.ישראל,1,16,1,BUSY
505,104,מ.ישראל,1,17,1,BUSY
505,104,מ.ישראל,1,10,0,FREE
605,13,מ.ישראל,1,12,1,BUSY
605,13,מ.ישראל,1,16,1,BUSY
501,25,מ.ישראל,1,8,1,BUSY
501,25,מ.ישראל,1,19,1,BUSY
505,201,מ.ישראל,1,13,1,BUSY
505,201,מ.ישראל,1,14,1,BUSY
505,3,מ.ישראל,1,19,0,FREE
505,3,מ.ישראל,1,12,0,FREE
507,207,מ.ישראל,1,16,1,BUSY
507,207,מ.ישראל,1,13,1,BUSY
604,61,מ.ישראל,1,10,1,BUSY
604,61,מ.ישראל,1,9,1,BUSY
507,2,מ.ישראל,1,17,1,BUSY
507,2,מ.ישראל,1,19,1,BUSY
505,101,מ.ישראל,1,19,1,BUSY
505,101,מ.ישראל,1,13,1,BUSY
905,417,חברה,1,10,1,BUSY
905,417,חברה,1,9,1,BUSY
504,1,מ.ישראל,1,12,1,BUSY
504,1,מ.ישראל,1,8,1,BUSY
605,201,מ.ישראל,1,15,1,BUSY
605,201,מ.ישראל,1,13,0,FREE
604,104,מ.ישראל,1,14,1,BUSY
604,104,מ.ישראל,1,10,1,BUSY
213,4,טבע,1,13,0,BUSY
213,4,טבע,1,15,1,BUSY
105,4,סטודנטים,1,11,0,BUSY
105,4,סטודנטים,1,16,1,BUSY
102,2,סטודנטים,1,17,1,BUSY
102,2,סטודנטים,1,14,0,FREE
105,5,סטודנטים,1,14,0,BUSY
105,5,סטודנטים,1,16,0,FREE
105,105,סטודנטים,1,17,1,BUSY
105,105,סטודנטים,1,12,0,BUSY
207,1,טבע,1,11,1,BUSY
207,1,טבע,1,9,1,BUSY
105,106,סטודנטים,1,15,1,BUSY
105,106,סטודנטים,1,12,1,BUSY
404,115,יהדות,1,9,1,FREE
404,115,יהדות,1,10,1,BUSY
403,101,יהדות,1,10,0,FREE
403,101,יהדות,1,11,0,FREE
404,102,יהדות,1,16,1,BUSY
404,102,יהדות,1,19,1,BUSY
105,6,סטודנטים,1,19,0,FREE
105,6,סטודנטים,1,15,0,FREE
102,4,סטודנטים,1,9,0,BUSY
102,4,סטודנטים,1,11,1,BUSY
404,114,יהדות,1,12,1,BUSY
404,114,יהדות,1,8,1,BUSY
306,111,משפטים,1,9,1,FREE
306,111,משפטים,1,17,1,BUSY
505,2,מ.ישראל,1,14,1,BUSY
505,2,מ.ישראל,1,16,1,BUSY
604,2,מ.ישראל,1,18,0,FREE
604,2,מ.ישראל,1,16,0,FREE
605,61,מ.ישראל,1,15,1,BUSY
605,61,מ.ישראל,1,17,1,BUSY
410,125,יהדות,1,10,1,BUSY
410,125,יהדות,1,18,1,BUSY
410,46,יהדות,1,9,1,FREE
410,46,יהדות,1,8,1,BUSY
403,66,יהדות,1,16,1,BUSY
403,66,יהדות,1,14,1,BUSY
502,26,מ.ישראל,1,14,1,BUSY
502,26,מ.ישראל,1,11,1,BUSY
502,25,מ.ישראל,1,13,1,FREE
502,25,מ.ישראל,1,16,0,FREE
403,218,יהדות,1,18,0,FREE
403,218,יהדות,1,8,0,FREE
403,113,יהדות,1,16,1,BUSY
403,113,יהדות,1,10,1,BUSY
410,142,יהדות,1,15,1,BUSY
410,142,יהדות,1,17,1,BUSY
505,61,מ.ישראל,1,12,1,BUSY
505,61,מ.ישראל,1,16,1,FREE
505,11,מ.ישראל,1,8,0,FREE
505,11,מ.ישראל,1,19,0,FREE
605,105,מ.ישראל,1,19,1,BUSY
605,105,מ.ישראל,1,8,1,BUSY
604,1,מ.ישראל,1,11,0,FREE
604,1,מ.ישראל,1,8,0,FREE
507,14,מ.ישראל,1,14,0,BUSY
507,14,מ.ישראל,1,11,0,FREE
605,4,מ.ישראל,1,8,0,FREE
605,4,מ.ישראל,1,12,0,BUSY
502,62,מ.ישראל,1,11,0,FREE
502,62,מ.ישראל,1,17,0,BUSY
605,7,מ.ישראל,1,15,0,FREE
605,7,מ.ישראל,1,12,0,FREE
507,206,מ.ישראל,1,16,1,BUSY
507,206,מ.ישראל,1,8,1,FREE
504,206,מ.ישראל,1,17,0,BUSY
504,206,מ.ישראל,1,14,0,FREE
508,103,מ.ישראל,1,18,0,FREE
508,103,מ.ישראל,1,11,0,FREE
507,106,מ.ישראל,1,15,1,BUSY
507,106,מ.ישראל,1,14,1,FREE
605,106,מ.ישראל,1,9,0,FREE
605,106,מ.ישראל,1,17,0,FREE
507,108,מ.ישראל,1,19,1,BUSY
507,108,מ.ישראל,1,13,1,BUSY
505,108,מ.ישראל,1,11,0,FREE
505,108,מ.ישראל,1,18,0,BUSY
505,102,מ.ישראל,1,10,1,BUSY
505,102,מ.ישראל,1,14,1,BUSY
507,6,מ.ישראל,1,16,1,BUSY
507,6,מ.ישראל,1,10,1,BUSY
507,208,מ.ישראל,1,12,1,BUSY
507,208,מ.ישראל,1,10,1,BUSY
507,205,מ.ישראל,1,13,1,FREE
507,205,מ.ישראל,1,19,1,BUSY
507,3,מ.ישראל,1,13,1,BUSY
507,3,מ.ישראל,1,15,1,BUSY
505,103,מ.ישראל,1,12,0,BUSY
505,103,מ.ישראל,1,11,1,FREE
507,209,מ.ישראל,1,16,1,BUSY
507,209,מ.ישראל,1,14,1,BUSY
507,202,מ.ישראל,1,10,1,FREE
507,202,מ.ישראל,1,16,1,BUSY
605,103,מ.ישראל,1,16,1,BUSY
605,103,מ.ישראל,1,12,1,BUSY
403,2,יהדות,1,14,1,BUSY
403,2,יהדות,1,18,1,BUSY
507,104,מ.ישראל,1,17,1,BUSY
507,104,מ.ישראל,1,18,1,BUSY
507,5,מ.ישראל,1,13,1,BUSY
507,5,מ.ישראל,1,10,1,BUSY
507,203,מ.ישראל,1,14,1,BUSY
507,203,מ.ישראל,1,8,1,BUSY
305,132,משפטים,1,19,1,BUSY
305,132,משפטים,1,13,0,FREE
902,101,חברה,1,9,0,FREE
902,101,חברה,1,10,1,BUSY
902,104,חברה,1,16,1,BUSY
902,104,חברה,1,8,1,FREE
1005,112,רוח,1,9,0,FREE
1005,112,רוח,1,11,0,FREE
605,65,מ.ישראל,1,14,1,BUSY
605,65,מ.ישראל,1,10,1,BUSY
905,116,חברה,1,9,1,BUSY
905,116,חברה,1,11,1,BUSY
203,226,טבע,1,16,0,FREE
203,226,טבע,1,9,1,BUSY
902,202,חברה,1,11,1,FREE
902,202,חברה,1,13,1,BUSY
902,102,חברה,1,16,1,BUSY
902,102,חברה,1,9,0,FREE
1002,201,רוח,1,11,0,FREE
1002,201,רוח,1,13,1,BUSY
605,12,מ.ישראל,1,13,1,BUSY
605,12,מ.ישראל,1,14,0,FREE
502,30,מ.ישראל,1,12,0,FREE
502,30,מ.ישראל,1,17,0,FREE
504,63,מ.ישראל,1,15,0,FREE
504,63,מ.ישראל,1,12,0,FREE
507,13,מ.ישראל,1,13,0,FREE
507,13,מ.ישראל,1,15,0,FREE
507,105,מ.ישראל,1,15,1,BUSY
507,105,מ.ישראל,1,10,1,FREE
604,103,מ.ישראל,1,13,1,BUSY
604,103,מ.ישראל,1,15,1,BUSY
410,26,יהדות,1,16,0,FREE
410,26,יהדות,1,12,0,FREE
410,6,יהדות,1,19,0,BUSY
410,6,יהדות,1,9,0,FREE
404,66,יהדות,1,13,0,FREE
404,66,יהדות,1,11,0,FREE
605,64,מ.ישראל,1,16,1,BUSY
605,64,מ.ישראל,1,15,1,FREE
505,64,מ.ישראל,1,14,0,FREE
505,64,מ.ישראל,1,10,1,FREE
403,115,יהדות,1,18,0,FREE
403,115,יהדות,1,17,0,FREE
404,67,יהדות,1,15,0,FREE
404,67,יהדות,1,19,0,FREE
1005,111,רוח,1,17,1,FREE
1005,111,רוח,1,13,1,BUSY
1004,305,רוח,1,15,0,FREE
1004,305,רוח,1,16,0,FREE
404,101,יהדות,1,19,1,BUSY
404,101,יהדות,1,13,1,BUSY
1002,305,רוח,1,9,1,BUSY
1002,305,רוח,1,16,1,BUSY
504,208,מ.ישראל,1,14,0,BUSY
504,208,מ.ישראל,1,17,0,BUSY
211,112,טבע,1,11,1,BUSY
211,112,טבע,1,15,1,BUSY
305,63,משפטים,1,17,0,FREE
305,63,משפטים,1,10,0,FREE
306,112,משפטים,1,12,0,FREE
306,112,משפטים,1,18,0,FREE
211,106,טבע,1,15,0,FREE
211,106,טבע,1,12,0,BUSY
207,201,טבע,1,12,0,FREE
207,201,טבע,1,16,0,BUSY
305,101,משפטים,1,18,0,FREE
305,101,משפטים,1,19,0,FREE
403,61,יהדות,1,11,0,FREE
403,61,יהדות,1,15,0,FREE
202,202,טבע,1,17,0,FREE
202,202,טבע,1,14,0,FREE
203,106,טבע,1,13,0,BUSY
203,106,טבע,1,11,0,BUSY
203,112,טבע,1,9,0,FREE
203,112,טבע,1,8,0,FREE
105,112,סטודנטים,1,16,0,BUSY
105,112,סטודנטים,1,14,0,FREE
207,6,טבע,1,14,0,BUSY
207,6,טבע,1,8,0,BUSY
207,4,טבע,1,16,0,FREE
207,4,טבע,1,15,0,BUSY
207,101,טבע,1,12,0,FREE
207,101,טבע,1,15,0,FREE
604,6,מ.ישראל,1,16,0,FREE
604,6,מ.ישראל,1,8,0,FREE
211,22,nan,1,8,0,FREE
211,22,nan,1,12,0,FREE
211,4,טבע,1,10,0,FREE
211,4,טבע,1,16,0,FREE
507,7,מ.ישראל,1,17,1,BUSY
507,7,מ.ישראל,1,9,1,BUSY
1401,3,nan,1,9,1,BUSY
1401,3,nan,1,19,0,BUSY
905,63,חברה,1,19,1,FREE
905,63,חברה,1,15,1,BUSY
901,61,חברה,1,16,1,BUSY
901,61,חברה,1,14,1,BUSY
403,69,מינץ,1,13,0,FREE
403,69,מינץ,1,15,0,FREE
1401,63,nan,1,13,1,BUSY
1401,63,nan,1,19,0,BUSY
1401,1,nan,1,9,1,BUSY
1401,1,nan,1,14,0,BUSY
507,1,מ.ישראל,1,15,0,FREE
507,1,מ.ישראל,1,16,1,BUSY
905,62,חברה,1,13,1,BUSY
905,62,חברה,1,8,1,BUSY
504,10,מ.ישראל,1,9,1,BUSY
504,10,מ.ישראל,1,19,0,FREE
505,202,מ.ישראל,1,13,0,BUSY
505,202,מ.ישראל,1,12,0,FREE
1002,102,רוח,1,17,1,FREE
1002,102,רוח,1,16,0,FREE
410,226,יהדות,1,17,1,BUSY
410,226,יהדות,1,13,1,FREE
410,225,יהדות,1,12,1,BUSY
410,225,יהדות,1,8,1,BUSY
1004,407,רוח,1,18,0,FREE
1004,407,רוח,1,11,0,FREE
1004,402,רוח,1,17,1,BUSY
1004,402,רוח,1,18,1,BUSY
505,65,מ.ישראל,1,10,0,BUSY
505,65,מ.ישראל,1,14,0,BUSY
505,204,מ.ישראל,1,12,0,FREE
505,204,מ.ישראל,1,15,1,BUSY
304,1,משפטים,1,13,1,BUSY
304,1,משפטים,1,12,1,FREE
605,63,מ.ישראל,1,14,1,FREE
605,63,מ.ישראל,1,11,1,BUSY
305,10,משפטים,1,11,1,BUSY
305,10,משפטים,1,18,0,FREE
304,61,משפטים,1,10,0,FREE
304,61,משפטים,1,18,0,FREE
604,202,מ.ישראל,1,19,0,FREE
604,202,מ.ישראל,1,10,0,BUSY
211,25,nan,1,14,0,FREE
211,25,nan,1,15,0,FREE
304,25,משפטים,1,12,0,FREE
304,25,משפטים,1,15,0,FREE
1105,53,הנדסה,1,9,1,BUSY
1105,53,הנדסה,1,11,1,FREE
1401,53,nan,1,16,1,BUSY
1401,53,nan,1,12,0,FREE
305,2,משפטים,1,14,0,FREE
305,2,משפטים,1,18,0,FREE
305,4,משפטים,1,17,1,FREE
305,4,משפטים,1,12,1,BUSY
502,23,מ.ישראל,1,10,1,BUSY
502,23,מ.ישראל,1,8,0,BUSY
503,1,מ.ישראל,1,15,1,FREE
503,1,מ.ישראל,1,8,0,FREE
404,113,יהדות,1,16,1,BUSY
404,113,יהדות,1,11,0,FREE
404,201,יהדות,1,9,1,BUSY
404,201,יהדות,1,13,1,FREE
505,203,מ.ישראל,1,19,0,BUSY
505,203,מ.ישראל,1,9,0,FREE
1005,19,רוח,1,15,0,FREE
1005,19,רוח,1,19,0,FREE
1005,108,רוח,1,12,0,FREE
1005,108,רוח,1,17,1,BUSY
1005,201,רוח,1,8,0,BUSY
1005,201,רוח,1,18,1,BUSY
1005,209,רוח,1,11,1,BUSY
1005,209,רוח,1,10,1,BUSY
1005,207,רוח,1,10,0,FREE
1005,207,רוח,1,9,0,FREE
1005,203,רוח,1,9,0,FREE
1005,203,רוח,1,16,0,FREE
604,201,מ.ישראל,1,8,0,FREE
604,201,מ.ישראל,1,12,0,BUSY
305,105,משפטים,1,14,0,FREE
305,105,משפטים,1,17,0,FREE
507,37,מ.ישראל,1,16,0,FREE
507,37,מ.ישראל,1,17,0,FREE
1104,42,הנדסה,1,13,1,BUSY
1104,42,הנדסה,1,10,1,BUSY
1105,42,הנדסה,1,18,0,FREE
1105,42,הנדסה,1,12,0,FREE
1103,22,הנדסה,1,16,1,BUSY
1103,22,הנדסה,1,14,1,BUSY
902,9,חברה,1,15,1,BUSY
902,9,חברה,1,8,0,BUSY
304,9,משפטים,1,13,0,FREE
304,9,משפטים,1,15,0,FREE
1105,271,הנדסה,1,11,1,BUSY
1105,271,הנדסה,1,16,1,FREE
1104,271,הנדסה,1,15,0,BUSY
1104,271,הנדסה,1,19,0,FREE
507,61,מ.ישראל,1,17,0,FREE
507,61,מ.ישראל,1,18,0,BUSY
213,304,טבע,1,11,1,BUSY
213,304,טבע,1,19,0,FREE
213,320,טבע,1,14,0,BUSY
213,320,טבע,1,9,0,FREE
1004,203,רוח,1,19,0,FREE
1004,203,רוח,1,15,0,FREE
1004,212,רוח,1,15,1,BUSY
1004,212,רוח,1,14,1,BUSY
410,328,יהדות,1,9,0,FREE
410,328,יהדות,1,18,0,FREE
410,332,יהדות,1,8,0,FREE
410,332,יהדות,1,12,0,FREE
604,204,מ.ישראל,1,12,0,FREE
604,204,מ.ישראל,1,18,0,FREE
1002,203,רוח,1,17,1,BUSY
1002,203,רוח,1,18,1,BUSY
202,301,טבע,1,16,1,BUSY
202,301,טבע,1,14,1,BUSY
203,4,טבע,1,12,0,BUSY
203,4,טבע,1,13,0,BUSY
202,221,טבע,1,16,0,FREE
202,221,טבע,1,17,0,BUSY
202,205,טבע,1,18,0,FREE
202,205,טבע,1,15,0,BUSY
202,304,טבע,1,10,1,BUSY
202,304,טבע,1,18,0,FREE
202,505,טבע,1,13,0,FREE
202,505,טבע,1,17,1,BUSY
202,203,טבע,1,11,1,BUSY
202,203,טבע,1,18,0,FREE
202,303,טבע,1,17,1,BUSY
202,303,טבע,1,8,0,BUSY
202,201,טבע,1,11,0,FREE
202,201,טבע,1,13,0,FREE
202,204,טבע,1,15,0,FREE
202,204,טבע,1,11,0,FREE
505,505,מ.ישראל,1,16,0,FREE
505,505,מ.ישראל,1,12,0,BUSY
902,301,חברה,1,8,1,FREE
902,301,חברה,1,18,0,FREE
902,12,חברה,1,16,1,BUSY
902,12,חברה,1,11,1,BUSY
902,107,חברה,1,13,1,BUSY
902,107,חברה,1,15,0,BUSY
905,217,חברה,1,13,1,BUSY
905,217,חברה,1,12,1,BUSY
902,217,חברה,1,13,0,BUSY
902,217,חברה,1,12,0,FREE
902,110,חברה,1,10,0,FREE
902,110,חברה,1,8,0,BUSY
902,109,חברה,1,14,1,FREE
902,109,חברה,1,12,1,BUSY
507,23,מ.ישראל,1,9,0,FREE
507,23,מ.ישראל,1,8,0,FREE
1004,406,רוח,1,11,0,FREE
1004,406,רוח,1,16,0,FREE
1105,368,הנדסה,1,15,1,BUSY
1105,368,הנדסה,1,8,0,FREE
1102,2,הנדסה,1,10,1,BUSY
1102,2,הנדסה,1,19,1,BUSY
1104,244,הנדסה,1,16,1,FREE
1104,244,הנדסה,1,15,1,BUSY
1104,249,הנדסה,1,19,0,FREE
1104,249,הנדסה,1,17,1,BUSY
1104,243,הנדסה,1,8,0,FREE
1104,243,הנדסה,1,13,1,BUSY
1103,42,הנדסה,1,11,1,BUSY
1103,42,הנדסה,1,12,1,BUSY
1401,4,nan,1,9,1,BUSY
1401,4,nan,1,17,0,FREE
1105,3,הנדסה,1,13,0,BUSY
1105,3,הנדסה,1,10,0,FREE
1102,4,הנדסה,1,12,0,BUSY
1102,4,הנדסה,1,8,0,FREE
A1300,2,מעונות,1,19,0,FREE
A1300,2,מעונות,1,10,1,BUSY
A1300,1,מעונות,1,15,0,BUSY
A1300,1,מעונות,1,12,0,FREE
901,4,חברה,1,17,0,FREE
901,4,חברה,1,19,0,FREE
1103,223,הנדסה,1,13,0,BUSY
1103,223,הנדסה,1,19,1,BUSY
1102,205,הנדסה,1,17,0,FREE
1102,205,הנדסה,1,19,0,BUSY
1105,366,הנדסה,1,16,0,FREE
1105,366,הנדסה,1,15,0,BUSY
1104,344,הנדסה,1,10,1,BUSY
1104,344,הנדסה,1,18,0,FREE
1104,347,הנדסה,1,13,1,BUSY
1104,347,הנדסה,1,14,1,BUSY
1103,224,הנדסה,1,8,0,FREE
1103,224,הנדסה,1,13,0,FREE
1002,112,רוח,1,15,0,BUSY
1002,112,רוח,1,10,0,FREE
905,119,חברה,1,14,1,BUSY
905,119,חברה,1,8,1,FREE
905,118,חברה,1,8,1,BUSY
905,118,חברה,1,11,1,BUSY
905,319,חברה,1,9,0,FREE
905,319,חברה,1,13,0,BUSY
905,418,חברה,1,16,0,FREE
905,418,חברה,1,19,0,FREE
905,416,חברה,1,10,1,BUSY
905,416,חברה,1,8,1,BUSY
905,211,חברה,1,10,0,FREE
905,211,חברה,1,14,1,BUSY
905,321,חברה,1,9,0,FREE
905,321,חברה,1,8,0,FREE
905,311,חברה,1,18,0,FREE
905,311,חברה,1,8,0,FREE
905,2,חברה,1,17,0,FREE
905,2,חברה,1,8,0,BUSY
905,317,חברה,1,13,0,BUSY
905,317,חברה,1,18,1,BUSY
502,63,מ.ישראל,1,14,0,FREE
502,63,מ.ישראל,1,19,0,FREE
212,214,טבע,1,19,0,FREE
212,214,טבע,1,10,0,FREE
211,21,nan,1,12,0,BUSY
211,21,nan,1,10,0,FREE
211,17,nan,1,9,0,FREE
211,17,nan,1,13,1,BUSY
505,7,מ.ישראל,1,18,0,FREE
505,7,מ.ישראל,1,8,0,FREE
212,212,nan,1,16,0,FREE
212,212,nan,1,12,0,BUSY
212,1,טבע,1,8,0,FREE
212,1,טבע,1,18,0,FREE
304,4,משפטים,1,13,0,FREE
304,4,משפטים,1,18,0,FREE
403,3,יהדות,1,13,0,BUSY
403,3,יהדות,1,12,0,FREE
905,25,חברה,1,12,0,FREE
905,25,חברה,1,16,0,FREE
212,310,טבע,1,19,0,FREE
212,310,טבע,1,8,0,FREE
212,1,nan,1,11,1,BUSY
212,1,nan,1,9,1,BUSY
212,3,טבע,1,9,0,FREE
212,3,טבע,1,12,0,FREE
212,21,nan,1,18,0,FREE
212,21,nan,1,17,0,FREE
203,212,טבע,1,15,0,FREE
203,212,טבע,1,10,0,FREE
304,69,משפטים,1,13,0,FREE
304,69,משפטים,1,9,0,FREE
305,11,משפטים,1,19,0,FREE
305,11,משפטים,1,10,1,BUSY
901,11,חברה,1,11,0,FREE
901,11,חברה,1,13,0,BUSY
211,3,nan,1,8,0,FREE
211,3,nan,1,18,0,FREE
213,61,טבע,1,15,0,BUSY
213,61,טבע,1,19,0,FREE
211,9,nan,1,8,0,BUSY
211,9,nan,1,10,1,BUSY
902,1,חברה,1,8,0,FREE
902,1,חברה,1,11,0,BUSY
304,7,משפטים,1,14,0,BUSY
304,7,משפטים,1,10,0,FREE
403,1,מינץ,1,16,0,FREE
403,1,מינץ,1,14,0,FREE
211,7,nan,1,16,0,FREE
211,7,nan,1,18,0,FREE
501,11,מ.ישראל,1,16,0,FREE
501,11,מ.ישראל,1,19,0,FREE
507,11,מ.ישראל,1,12,0,FREE
507,11,מ.ישראל,1,15,0,FREE
1401,7,nan,1,13,0,FREE
1401,7,nan,1,17,0,FREE
211,63,nan,1,17,0,FREE
211,63,nan,1,8,0,FREE
105,134,סטודנטים,1,18,0,FREE
105,134,סטודנטים,1,19,0,BUSY
305,3,משפטים,1,9,0,FREE
305,3,משפטים,1,18,0,FREE
404,133,יהדות,1,12,0,FREE
404,133,יהדות,1,13,0,FREE
306,1,משפטים,1,14,0,FREE
306,1,משפטים,1,11,0,FREE
304,132,משפטים,1,15,0,FREE
304,132,משפטים,1,19,0,FREE
105,132,סטודנטים,1,11,0,FREE
105,132,סטודנטים,1,16,0,BUSY
404,134,יהדות,1,18,0,FREE
404,134,יהדות,1,16,0,FREE
404,65,יהדות,1,14,0,FREE
404,65,יהדות,1,10,0,BUSY
102,133,סטודנטים,1,11,0,FREE
102,133,סטודנטים,1,14,0,FREE
305,104,משפטים,1,14,0,FREE
305,104,משפטים,1,18,0,FREE
507,10,מ.ישראל,1,17,0,FREE
507,10,מ.ישראל,1,14,0,FREE
507,62,מ.ישראל,1,16,0,BUSY
507,62,מ.ישראל,1,13,0,FREE
604,309,מ.ישראל,1,9,0,BUSY
604,309,מ.ישראל,1,15,1,BUSY
901,101,חברה,1,11,1,BUSY
901,101,חברה,1,12,1,BUSY
901,102,חברה,1,16,0,FREE
901,102,חברה,1,11,1,BUSY
301,202,פלדמן,1,15,0,FREE
301,202,פלדמן,1,8,0,FREE
905,104,חברה,1,16,0,BUSY
905,104,חברה,1,15,0,FREE
507,107,מ.ישראל,2,15,0,BUSY
507,107,מ.ישראל,2,10,0,FREE
905,61,חברה,2,13,1,BUSY
905,61,חברה,2,11,1,FREE
1401,2,nan,2,19,0,FREE
1401,2,nan,2,17,0,FREE
402,63,יהדות,2,19,0,FREE
402,63,יהדות,2,10,1,BUSY
203,221,טבע,2,17,0,FREE
203,221,טבע,2,15,1,BUSY
1002,1,רוח,2,10,1,BUSY
1002,1,רוח,2,16,0,FREE
604,63,מ.ישראל,2,15,1,BUSY
604,63,מ.ישראל,2,19,1,BUSY
604,64,מ.ישראל,2,8,0,FREE
604,64,מ.ישראל,2,11,1,BUSY
604,105,מ.ישראל,2,14,1,BUSY
604,105,מ.ישראל,2,17,1,BUSY
403,211,יהדות,2,13,0,FREE
403,211,יהדות,2,14,1,FREE
604,102,מ.ישראל,2,9,1,BUSY
604,102,מ.ישראל,2,18,1,BUSY
403,217,יהדות,2,8,0,FREE
403,217,יהדות,2,16,0,BUSY
305,133,משפטים,2,15,1,FREE
305,133,משפטים,2,10,1,FREE
504,2,מ.ישראל,2,8,0,FREE
504,2,מ.ישראל,2,11,1,BUSY
507,102,מ.ישראל,2,8,1,BUSY
507,102,מ.ישראל,2,13,1,FREE
604,62,מ.ישראל,2,18,0,FREE
604,62,מ.ישראל,2,14,1,BUSY
1002,405,רוח,2,17,0,BUSY
1002,405,רוח,2,18,0,FREE
902,210,חברה,2,15,0,FREE
902,210,חברה,2,8,0,BUSY
508,7,מ.ישראל,2,14,1,FREE
508,7,מ.ישראל,2,12,1,FREE
502,8,מ.ישראל,2,16,1,BUSY
502,8,מ.ישראל,2,13,1,BUSY
605,104,מ.ישראל,2,9,0,FREE
605,104,מ.ישראל,2,13,1,BUSY
1002,61,רוח,2,12,1,BUSY
1002,61,רוח,2,11,1,BUSY
507,4,מ.ישראל,2,19,1,FREE
507,4,מ.ישראל,2,8,0,FREE
504,4,מ.ישראל,2,16,1,BUSY
504,4,מ.ישראל,2,17,1,BUSY
1002,202,רוח,2,17,1,BUSY
1002,202,רוח,2,16,1,BUSY
502,6,מ.ישראל,2,12,0,FREE
502,6,מ.ישראל,2,11,0,FREE
502,7,מ.ישראל,2,15,0,BUSY
502,7,מ.ישראל,2,9,0,BUSY
505,4,מ.ישראל,2,15,1,BUSY
505,4,מ.ישראל,2,8,0,FREE
502,9,מ.ישראל,2,8,0,FREE
502,9,מ.ישראל,2,15,1,BUSY
1005,109,רוח,2,12,1,BUSY
1005,109,רוח,2,15,1,BUSY
902,103,חברה,2,11,1,BUSY
902,103,חברה,2,12,1,BUSY
502,37,מ.ישראל,2,13,0,FREE
502,37,מ.ישראל,2,17,1,BUSY
902,201,חברה,2,11,1,BUSY
902,201,חברה,2,9,0,BUSY
604,205,מ.ישראל,2,13,0,BUSY
604,205,מ.ישראל,2,15,1,BUSY
505,63,מ.ישראל,2,10,1,BUSY
505,63,מ.ישראל,2,11,1,BUSY
504,5,מ.ישראל,2,18,1,BUSY
504,5,מ.ישראל,2,8,0,FREE
305,5,משפטים,2,15,0,FREE
305,5,משפטים,2,13,0,BUSY
605,14,מ.ישראל,2,15,1,BUSY
605,14,מ.ישראל,2,10,1,BUSY
505,105,מ.ישראל,2,13,1,BUSY
505,105,מ.ישראל,2,16,1,BUSY
502,24,מ.ישראל,2,8,0,FREE
502,24,מ.ישראל,2,19,0,BUSY
505,5,מ.ישראל,2,13,1,BUSY
505,5,מ.ישראל,2,10,1,BUSY
404,68,יהדות,2,14,1,BUSY
404,68,יהדות,2,8,0,FREE
305,134,משפטים,2,14,1,BUSY
305,134,משפטים,2,17,0,FREE
105,103,סטודנטים,2,13,1,BUSY
105,103,סטודנטים,2,15,1,BUSY
105,104,סטודנטים,2,8,0,FREE
105,104,סטודנטים,2,13,1,BUSY
105,101,סטודנטים,2,12,1,BUSY
105,101,סטודנטים,2,15,1,FREE
105,102,סטודנטים,2,16,1,BUSY
105,102,סטודנטים,2,11,1,BUSY
105,1,סטודנטים,2,14,1,BUSY
105,1,סטודנטים,2,9,1,BUSY
304,3,משפטים,2,13,1,BUSY
304,3,משפטים,2,10,1,BUSY
305,6,משפטים,2,9,0,FREE
305,6,משפטים,2,19,0,FREE
105,61,סטודנטים,2,11,1,BUSY
105,61,סטודנטים,2,8,1,BUSY
105,2,סטודנטים,2,19,0,BUSY
105,2,סטודנטים,2,8,0,BUSY
304,2,משפטים,2,9,0,FREE
304,2,משפטים,2,11,1,BUSY
105,3,סטודנטים,2,8,0,FREE
105,3,סטודנטים,2,14,1,BUSY
605,101,מ.ישראל,2,13,1,BUSY
605,101,מ.ישראל,2,19,1,BUSY
605,102,מ.ישראל,2,16,1,BUSY
605,102,מ.ישראל,2,12,1,BUSY
604,11,מ.ישראל,2,10,1,BUSY
604,11,מ.ישראל,2,9,0,BUSY
605,11,מ.ישראל,2,15,1,BUSY
605,11,מ.ישראל,2,11,0,FREE
604,12,מ.ישראל,2,16,1,BUSY
604,12,מ.ישראל,2,14,1,BUSY
504,6,מ.ישראל,2,18,1,BUSY
504,6,מ.ישראל,2,9,1,FREE
605,202,מ.ישראל,2,16,0,BUSY
605,202,מ.ישראל,2,15,0,BUSY
604,14,מ.ישראל,2,19,1,BUSY
604,14,מ.ישראל,2,8,0,BUSY
507,101,מ.ישראל,2,16,1,BUSY
507,101,מ.ישראל,2,12,1,BUSY
507,103,מ.ישראל,2,12,1,BUSY
507,103,מ.ישראל,2,14,1,BUSY
504,7,מ.ישראל,2,19,1,FREE
504,7,מ.ישראל,2,17,1,BUSY
604,13,מ.ישראל,2,18,1,BUSY
604,13,מ.ישראל,2,9,1,BUSY
505,1,מ.ישראל,2,10,1,BUSY
505,1,מ.ישראל,2,16,1,BUSY
504,3,מ.ישראל,2,8,0,FREE
504,3,מ.ישראל,2,15,1,BUSY
604,101,מ.ישראל,2,9,0,FREE
604,101,מ.ישראל,2,18,1,BUSY
507,201,מ.ישראל,2,12,1,FREE
507,201,מ.ישראל,2,9,0,FREE
403,67,יהדות,2,9,1,BUSY
403,67,יהדות,2,12,1,BUSY
507,204,מ.ישראל,2,13,1,BUSY
507,204,מ.ישראל,2,17,1,BUSY
505,106,מ.ישראל,2,13,1,BUSY
505,106,מ.ישראל,2,10,1,BUSY
505,62,מ.ישראל,2,11,1,BUSY
505,62,מ.ישראל,2,19,1,BUSY
505,104,מ.ישראל,2,10,1,FREE
505,104,מ.ישראל,2,9,1,BUSY
605,13,מ.ישראל,2,12,1,BUSY
605,13,מ.ישראל,2,19,1,FREE
501,25,מ.ישראל,2,14,1,FREE
501,25,מ.ישראל,2,11,1,BUSY
505,201,מ.ישראל,2,12,1,BUSY
505,201,מ.ישראל,2,10,1,BUSY
505,3,מ.ישראל,2,10,1,BUSY
505,3,מ.ישראל,2,9,1,BUSY
507,207,מ.ישראל,2,17,1,BUSY
507,207,מ.ישראל,2,15,1,BUSY
604,61,מ.ישראל,2,15,1,FREE
604,61,מ.ישראל,2,10,1,BUSY
507,2,מ.ישראל,2,9,0,BUSY
507,2,מ.ישראל,2,11,1,BUSY
505,101,מ.ישראל,2,14,1,BUSY
505,101,מ.ישראל,2,13,1,BUSY
905,417,חברה,2,15,1,BUSY
905,417,חברה,2,9,0,FREE
504,1,מ.ישראל,2,10,0,BUSY
504,1,מ.ישראל,2,19,1,BUSY
605,201,מ.ישראל,2,16,1,FREE
605,201,מ.ישראל,2,14,0,BUSY
604,104,מ.ישראל,2,18,1,BUSY
604,104,מ.ישראל,2,19,1,BUSY
213,4,טבע,2,15,1,BUSY
213,4,טבע,2,16,1,BUSY
105,4,סטודנטים,2,8,0,BUSY
105,4,סטודנטים,2,13,1,FREE
102,2,סטודנטים,2,11,1,BUSY
102,2,סטודנטים,2,19,0,FREE
105,5,סטודנטים,2,19,1,BUSY
105,5,סטודנטים,2,12,1,BUSY
105,105,סטודנטים,2,15,1,BUSY
105,105,סטודנטים,2,16,1,BUSY
207,1,טבע,2,8,0,FREE
207,1,טבע,2,11,1,BUSY
105,106,סטודנטים,2,12,0,BUSY
105,106,סטודנטים,2,10,1,BUSY
404,115,יהדות,2,14,1,BUSY
404,115,יהדות,2,15,1,BUSY
403,101,יהדות,2,18,0,FREE
403,101,יהדות,2,16,1,BUSY
404,102,יהדות,2,18,1,BUSY
404,102,יהדות,2,13,1,BUSY
105,6,סטודנטים,2,14,1,BUSY
105,6,סטודנטים,2,10,1,BUSY
102,4,סטודנטים,2,12,1,FREE
102,4,סטודנטים,2,8,0,BUSY
404,114,יהדות,2,11,1,BUSY
404,114,יהדות,2,9,1,BUSY
306,111,משפטים,2,12,1,BUSY
306,111,משפטים,2,13,1,BUSY
505,2,מ.ישראל,2,14,1,BUSY
505,2,מ.ישראל,2,9,0,FREE
604,2,מ.ישראל,2,15,0,BUSY
604,2,מ.ישראל,2,9,0,BUSY
605,61,מ.ישראל,2,13,1,BUSY
605,61,מ.ישראל,2,16,1,BUSY
410,125,יהדות,2,12,1,FREE
410,125,יהדות,2,16,1,BUSY
410,46,יהדות,2,15,1,FREE
410,46,יהדות,2,12,1,BUSY
403,66,יהדות,2,9,0,FREE
403,66,יהדות,2,12,1,BUSY
502,26,מ.ישראל,2,11,1,BUSY
502,26,מ.ישראל,2,14,1,BUSY
502,25,מ.ישראל,2,15,1,BUSY
502,25,מ.ישראל,2,19,0,FREE
403,218,יהדות,2,19,0,BUSY
403,218,יהדות,2,18,0,FREE
403,113,יהדות,2,14,0,BUSY
403,113,יהדות,2,16,1,BUSY
410,142,יהדות,2,16,1,BUSY
410,142,יהדות,2,10,1,BUSY
505,61,מ.ישראל,2,16,0,FREE
505,61,מ.ישראל,2,18,0,FREE
505,11,מ.ישראל,2,15,0,FREE
505,11,מ.ישראל,2,18,0,FREE
605,105,מ.ישראל,2,11,1,BUSY
605,105,מ.ישראל,2,19,1,BUSY
604,1,מ.ישראל,2,8,0,FREE
604,1,מ.ישראל,2,17,0,BUSY
507,14,מ.ישראל,2,17,0,FREE
507,14,מ.ישראל,2,8,1,BUSY
605,4,מ.ישראל,2,12,0,BUSY
605,4,מ.ישראל,2,16,0,FREE
502,62,מ.ישראל,2,12,0,FREE
502,62,מ.ישראל,2,10,0,FREE
605,7,מ.ישראל,2,19,0,FREE
605,7,מ.ישראל,2,14,0,BUSY
507,206,מ.ישראל,2,11,1,FREE
507,206,מ.ישראל,2,17,1,FREE
504,206,מ.ישראל,2,9,0,FREE
504,206,מ.ישראל,2,19,0,FREE
508,103,מ.ישראל,2,17,1,BUSY
508,103,מ.ישראל,2,10,0,FREE
507,106,מ.ישראל,2,14,1,FREE
507,106,מ.ישראל,2,17,1,FREE
605,106,מ.ישראל,2,17,0,FREE
605,106,מ.ישראל,2,12,0,FREE
507,108,מ.ישראל,2,12,1,BUSY
507,108,מ.ישראל,2,9,1,BUSY
505,108,מ.ישראל,2,12,0,FREE
505,108,מ.ישראל,2,9,0,BUSY
505,102,מ.ישראל,2,10,1,FREE
505,102,מ.ישראל,2,13,1,BUSY
507,6,מ.ישראל,2,17,1,BUSY
507,6,מ.ישראל,2,14,1,BUSY
507,208,מ.ישראל,2,14,0,BUSY
507,208,מ.ישראל,2,10,1,BUSY
507,205,מ.ישראל,2,19,1,BUSY
507,205,מ.ישראל,2,16,1,FREE
507,3,מ.ישראל,2,9,1,BUSY
507,3,מ.ישראל,2,8,1,BUSY
505,103,מ.ישראל,2,18,1,BUSY
505,103,מ.ישראל,2,17,1,FREE
507,209,מ.ישראל,2,17,1,BUSY
507,209,מ.ישראל,2,9,1,FREE
507,202,מ.ישראל,2,12,1,BUSY
507,202,מ.ישראל,2,18,1,BUSY
605,103,מ.ישראל,2,9,1,BUSY
605,103,מ.ישראל,2,8,1,BUSY
403,2,יהדות,2,12,1,BUSY
403,2,יהדות,2,8,1,BUSY
507,104,מ.ישראל,2,13,1,BUSY
507,104,מ.ישראל,2,8,1,BUSY
507,5,מ.ישראל,2,11,1,BUSY
507,5,מ.ישראל,2,13,1,BUSY
507,203,מ.ישראל,2,12,0,BUSY
507,203,מ.ישראל,2,16,0,FREE
305,132,משפטים,2,16,1,BUSY
305,132,משפטים,2,13,0,BUSY
902,101,חברה,2,12,1,BUSY
902,101,חברה,2,14,1,FREE
902,104,חברה,2,10,1,BUSY
902,104,חברה,2,19,1,BUSY
1005,112,רוח,2,15,0,FREE
1005,112,רוח,2,9,0,FREE
605,65,מ.ישראל,2,13,1,BUSY
605,65,מ.ישראל,2,11,1,BUSY
905,116,חברה,2,19,1,BUSY
905,116,חברה,2,15,1,BUSY
203,226,טבע,2,16,0,FREE
203,226,טבע,2,14,0,FREE
902,202,חברה,2,17,1,FREE
902,202,חברה,2,16,1,BUSY
902,102,חברה,2,9,1,BUSY
902,102,חברה,2,11,1,BUSY
1002,201,רוח,2,15,1,BUSY
1002,201,רוח,2,8,0,BUSY
605,12,מ.ישראל,2,16,1,BUSY
605,12,מ.ישראל,2,8,1,BUSY
502,30,מ.ישראל,2,9,0,FREE
502,30,מ.ישראל,2,11,0,BUSY
504,63,מ.ישראל,2,12,0,FREE
504,63,מ.ישראל,2,18,0,FREE
507,13,מ.ישראל,2,12,0,FREE
507,13,מ.ישראל,2,16,0,BUSY
507,105,מ.ישראל,2,8,0,FREE
507,105,מ.ישראל,2,19,0,FREE
604,103,מ.ישראל,2,13,1,BUSY
604,103,מ.ישראל,2,18,1,FREE
410,26,יהדות,2,10,0,FREE
410,26,יהדות,2,11,0,FREE
410,6,יהדות,2,9,1,BUSY
410,6,יהדות,2,12,1,BUSY
404,66,יהדות,2,12,0,FREE
404,66,יהדות,2,11,0,BUSY
605,64,מ.ישראל,2,13,1,BUSY
605,64,מ.ישראל,2,11,1,BUSY
505,64,מ.ישראל,2,13,0,BUSY
505,64,מ.ישראל,2,18,0,FREE
403,115,יהדות,2,12,0,BUSY
403,115,יהדות,2,16,0,FREE
404,67,יהדות,2,8,0,FREE
404,67,יהדות,2,13,0,FREE
1005,111,רוח,2,9,1,BUSY
1005,111,רוח,2,13,1,FREE
1004,305,רוח,2,9,0,FREE
1004,305,רוח,2,14,1,BUSY
404,101,יהדות,2,12,1,BUSY
404,101,יהדות,2,8,0,FREE
1002,305,רוח,2,8,0,FREE
1002,305,רוח,2,9,1,BUSY
504,208,מ.ישראל,2,15,1,BUSY
504,208,מ.ישראל,2,19,0,FREE
211,112,טבע,2,17,1,BUSY
211,112,טבע,2,18,0,BUSY
305,63,משפטים,2,9,0,FREE
305,63,משפטים,2,8,0,FREE
306,112,משפטים,2,19,0,FREE
306,112,משפטים,2,12,0,FREE
211,106,טבע,2,11,0,FREE
211,106,טבע,2,10,0,FREE
207,201,טבע,2,9,1,BUSY
207,201,טבע,2,19,0,FREE
305,101,משפטים,2,18,0,FREE
305,101,משפטים,2,10,0,FREE
403,61,יהדות,2,18,0,BUSY
403,61,יהדות,2,16,0,FREE
202,202,טבע,2,11,0,FREE
202,202,טבע,2,12,0,BUSY
203,106,טבע,2,13,0,FREE
203,106,טבע,2,9,0,FREE
203,112,טבע,2,19,0,BUSY
203,112,טבע,2,12,0,FREE
105,112,סטודנטים,2,19,0,FREE
105,112,סטודנטים,2,17,0,BUSY
207,6,טבע,2,17,0,FREE
207,6,טבע,2,13,0,BUSY
207,4,טבע,2,17,0,FREE
207,4,טבע,2,13,1,FREE
207,101,טבע,2,11,0,FREE
207,101,טבע,2,16,0,FREE
604,6,מ.ישראל,2,19,0,FREE
604,6,מ.ישראל,2,10,0,FREE
211,22,nan,2,18,0,FREE
211,22,nan,2,12,0,FREE
211,4,טבע,2,9,0,FREE
211,4,טבע,2,12,1,BUSY
507,7,מ.ישראל,2,11,1,BUSY
507,7,מ.ישראל,2,18,1,FREE
1401,3,nan,2,18,1,BUSY
1401,3,nan,2,19,0,FREE
905,63,חברה,2,17,1,BUSY
905,63,חברה,2,13,1,FREE
901,61,חברה,2,8,1,BUSY
901,61,חברה,2,9,1,BUSY
403,69,מינץ,2,9,0,FREE
403,69,מינץ,2,16,0,FREE
1401,63,nan,2,14,0,FREE
1401,63,nan,2,8,0,FREE
1401,1,nan,2,10,0,BUSY
1401,1,nan,2,14,1,BUSY
507,1,מ.ישראל,2,12,1,BUSY
507,1,מ.ישראל,2,19,0,FREE
905,62,חברה,2,18,0,FREE
905,62,חברה,2,16,1,BUSY
504,10,מ.ישראל,2,14,0,BUSY
504,10,מ.ישראל,2,10,0,FREE
505,202,מ.ישראל,2,10,1,BUSY
505,202,מ.ישראל,2,12,1,BUSY
1002,102,רוח,2,11,1,FREE
1002,102,רוח,2,16,1,BUSY
410,226,יהדות,2,19,0,FREE
410,226,יהדות,2,18,0,FREE
410,225,יהדות,2,8,1,BUSY
410,225,יהדות,2,19,1,BUSY
1004,407,רוח,2,15,0,FREE
1004,407,רוח,2,19,0,FREE
1004,402,רוח,2,19,1,BUSY
1004,402,רוח,2,9,0,FREE
505,65,מ.ישראל,2,15,0,FREE
505,65,מ.ישראל,2,14,0,FREE
505,204,מ.ישראל,2,16,0,FREE
505,204,מ.ישראל,2,18,0,BUSY
304,1,משפטים,2,17,1,BUSY
304,1,משפטים,2,19,1,FREE
605,63,מ.ישראל,2,17,0,FREE
605,63,מ.ישראל,2,14,1,BUSY
305,10,משפטים,2,19,1,BUSY
305,10,משפטים,2,18,1,BUSY
304,61,משפטים,2,16,0,FREE
304,61,משפטים,2,15,0,FREE
604,202,מ.ישראל,2,17,0,FREE
604,202,מ.ישראל,2,10,0,FREE
211,25,nan,2,19,0,FREE
211,25,nan,2,17,1,BUSY
304,25,משפטים,2,17,0,FREE
304,25,משפטים,2,15,0,FREE
1105,53,הנדסה,2,9,1,BUSY
1105,53,הנדסה,2,11,1,FREE
1401,53,nan,2,9,0,FREE
1401,53,nan,2,11,0,FREE
305,2,משפטים,2,16,0,FREE
305,2,משפטים,2,14,1,BUSY
305,4,משפטים,2,13,1,BUSY
305,4,משפטים,2,18,1,BUSY
502,23,מ.ישראל,2,12,0,BUSY
502,23,מ.ישראל,2,18,0,BUSY
503,1,מ.ישראל,2,13,0,FREE
503,1,מ.ישראל,2,14,0,FREE
404,113,יהדות,2,17,1,BUSY
404,113,יהדות,2,14,1,BUSY
404,201,יהדות,2,11,1,BUSY
404,201,יהדות,2,14,1,BUSY
505,203,מ.ישראל,2,11,0,FREE
505,203,מ.ישראל,2,13,1,BUSY
1005,19,רוח,2,16,1,BUSY
1005,19,רוח,2,8,0,FREE
1005,108,רוח,2,10,0,FREE
1005,108,רוח,2,9,0,BUSY
1005,201,רוח,2,19,1,FREE
1005,201,רוח,2,16,1,BUSY
1005,209,רוח,2,10,0,BUSY
1005,209,רוח,2,16,0,FREE
1005,207,רוח,2,15,0,FREE
1005,207,רוח,2,9,0,FREE
1005,203,רוח,2,8,0,FREE
1005,203,רוח,2,10,0,FREE
604,201,מ.ישראל,2,17,0,FREE
604,201,מ.ישראל,2,14,0,FREE
305,105,משפטים,2,9,0,FREE
305,105,משפטים,2,11,0,FREE
507,37,מ.ישראל,2,12,0,FREE
507,37,מ.ישראל,2,17,0,FREE
1104,42,הנדסה,2,14,1,BUSY
1104,42,הנדסה,2,8,0,BUSY
1105,42,הנדסה,2,13,0,FREE
1105,42,הנדסה,2,8,0,BUSY
1103,22,הנדסה,2,19,1,BUSY
1103,22,הנדסה,2,9,1,FREE
902,9,חברה,2,17,1,FREE
902,9,חברה,2,10,1,BUSY
304,9,משפטים,2,9,0,FREE
304,9,משפטים,2,13,0,FREE
1105,271,הנדסה,2,12,1,BUSY
1105,271,הנדסה,2,8,0,FREE
1104,271,הנדסה,2,11,0,FREE
1104,271,הנדסה,2,8,0,BUSY
507,61,מ.ישראל,2,13,0,BUSY
507,61,מ.ישראל,2,18,0,BUSY
213,304,טבע,2,15,1,BUSY
213,304,טבע,2,12,1,BUSY
213,320,טבע,2,11,0,BUSY
213,320,טבע,2,9,0,FREE
1004,203,רוח,2,19,1,FREE
1004,203,רוח,2,14,0,FREE
1004,212,רוח,2,11,1,FREE
1004,212,רוח,2,8,0,FREE
410,328,יהדות,2,10,0,FREE
410,328,יהדות,2,18,0,FREE
410,332,יהדות,2,9,0,FREE
410,332,יהדות,2,19,0,BUSY
604,204,מ.ישראל,2,9,0,FREE
604,204,מ.ישראל,2,13,0,BUSY
1002,203,רוח,2,15,1,BUSY
1002,203,רוח,2,14,1,BUSY
202,301,טבע,2,17,1,BUSY
202,301,טבע,2,8,0,BUSY
203,4,טבע,2,9,0,FREE
203,4,טבע,2,12,0,FREE
202,221,טבע,2,8,0,FREE
202,221,טבע,2,15,0,FREE
202,205,טבע,2,13,0,FREE
202,205,טבע,2,16,1,FREE
202,304,טבע,2,17,0,FREE
202,304,טבע,2,19,0,BUSY
202,505,טבע,2,14,0,FREE
202,505,טבע,2,11,1,BUSY
202,203,טבע,2,16,0,FREE
202,203,טבע,2,10,0,FREE
202,303,טבע,2,10,1,BUSY
202,303,טבע,2,17,1,BUSY
202,201,טבע,2,8,0,BUSY
202,201,טבע,2,13,0,BUSY
202,204,טבע,2,12,0,BUSY
202,204,טבע,2,8,0,FREE
505,505,מ.ישראל,2,9,0,FREE
505,505,מ.ישראל,2,19,0,FREE
902,301,חברה,2,14,0,BUSY
902,301,חברה,2,10,1,BUSY
902,12,חברה,2,15,1,BUSY
902,12,חברה,2,13,0,FREE
902,107,חברה,2,11,0,FREE
902,107,חברה,2,13,0,FREE
905,217,חברה,2,16,1,BUSY
905,217,חברה,2,13,0,FREE
902,217,חברה,2,8,0,FREE
902,217,חברה,2,15,0,FREE
902,110,חברה,2,8,0,FREE
902,110,חברה,2,14,0,FREE
902,109,חברה,2,13,0,BUSY
902,109,חברה,2,16,0,FREE
507,23,מ.ישראל,2,16,0,FREE
507,23,מ.ישראל,2,17,0,FREE
1004,406,רוח,2,18,0,FREE
1004,406,רוח,2,12,0,FREE
1105,368,הנדסה,2,10,1,BUSY
1105,368,הנדסה,2,13,1,BUSY
1102,2,הנדסה,2,8,0,BUSY
1102,2,הנדסה,2,15,1,BUSY
1104,244,הנדסה,2,11,1,BUSY
1104,244,הנדסה,2,9,1,FREE
1104,249,הנדסה,2,13,1,BUSY
1104,249,הנדסה,2,8,0,BUSY
1104,243,הנדסה,2,12,1,BUSY
1104,243,הנדסה,2,19,0,FREE
1103,42,הנדסה,2,10,0,BUSY
1103,42,הנדסה,2,14,0,BUSY
1401,4,nan,2,9,0,FREE
1401,4,nan,2,13,1,BUSY
1105,3,הנדסה,2,10,0,BUSY
1105,3,הנדסה,2,17,0,BUSY
1102,4,הנדסה,2,8,0,FREE
1102,4,הנדסה,2,11,0,BUSY
A1300,2,מעונות,2,18,1,BUSY
A1300,2,מעונות,2,12,1,BUSY
A1300,1,מעונות,2,10,1,BUSY
A1300,1,מעונות,2,15,0,FREE
901,4,חברה,2,11,0,BUSY
901,4,חברה,2,15,0,FREE
1103,223,הנדסה,2,13,0,BUSY
1103,223,הנדסה,2,15,1,BUSY
1102,205,הנדסה,2,13,1,FREE
1102,205,הנדסה,2,8,0,BUSY
1105,366,הנדסה,2,11,0,BUSY
1105,366,הנדסה,2,17,0,FREE
1104,344,הנדסה,2,15,1,BUSY
1104,344,הנדסה,2,16,1,BUSY
1104,347,הנדסה,2,16,0,FREE
1104,347,הנדסה,2,10,0,FREE
1103,224,הנדסה,2,16,1,FREE
1103,224,הנדסה,2,14,0,FREE
1002,112,רוח,2,8,0,FREE
1002,112,רוח,2,17,0,FREE
905,119,חברה,2,16,1,BUSY
905,119,חברה,2,18,0,FREE
905,118,חברה,2,11,0,FREE
905,118,חברה,2,9,0,BUSY
905,319,חברה,2,13,0,FREE
905,319,חברה,2,11,0,BUSY
905,418,חברה,2,19,0,FREE
905,418,חברה,2,15,0,BUSY
905,416,חברה,2,19,0,FREE
905,416,חברה,2,9,0,FREE
905,211,חברה,2,10,0,FREE
905,211,חברה,2,13,0,BUSY
905,321,חברה,2,11,0,FREE
905,321,חברה,2,10,0,FREE
905,311,חברה,2,14,0,BUSY
905,311,חברה,2,16,0,FREE
905,2,חברה,2,16,0,FREE
905,2,חברה,2,8,0,FREE
905,317,חברה,2,9,0,FREE
905,317,חברה,2,15,0,FREE
502,63,מ.ישראל,2,14,0,BUSY
502,63,מ.ישראל,2,12,0,FREE
212,214,טבע,2,11,1,BUSY
212,214,טבע,2,14,0,FREE
211,21,nan,2,19,0,FREE
211,21,nan,2,17,1,BUSY
211,17,nan,2,14,0,BUSY
211,17,nan,2,17,1,FREE
505,7,מ.ישראל,2,15,1,BUSY
505,7,מ.ישראל,2,10,0,FREE
212,212,nan,2,8,0,FREE
212,212,nan,2,13,0,FREE
212,1,טבע,2,19,0,BUSY
212,1,טבע,2,15,1,BUSY
304,4,משפטים,2,18,0,FREE
304,4,משפטים,2,10,0,BUSY
403,3,יהדות,2,19,0,BUSY
403,3,יהדות,2,13,0,FREE
905,25,חברה,2,14,0,BUSY
905,25,חברה,2,12,0,FREE
212,310,טבע,2,19,0,FREE
212,310,טבע,2,17,1,BUSY
212,1,nan,2,10,0,FREE
212,1,nan,2,18,0,FREE
212,3,טבע,2,9,0,FREE
212,3,טבע,2,18,0,BUSY
212,21,nan,2,11,0,FREE
212,21,nan,2,12,0,BUSY
203,212,טבע,2,8,0,BUSY
203,212,טבע,2,19,0,BUSY
304,69,משפטים,2,18,0,FREE
304,69,משפטים,2,8,0,FREE
305,11,משפטים,2,15,0,FREE
305,11,משפטים,2,12,1,BUSY
901,11,חברה,2,12,0,FREE
901,11,חברה,2,9,0,FREE
211,3,nan,2,14,0,FREE
211,3,nan,2,12,0,FREE
213,61,טבע,2,10,0,FREE
213,61,טבע,2,8,0,FREE
211,9,nan,2,15,0,BUSY
211,9,nan,2,19,0,FREE
902,1,חברה,2,13,0,BUSY
902,1,חברה,2,18,0,FREE
304,7,משפטים,2,15,0,FREE
304,7,משפטים,2,12,0,FREE
403,1,מינץ,2,19,0,FREE
403,1,מינץ,2,16,0,FREE
211,7,nan,2,12,0,FREE
211,7,nan,2,11,0,FREE
501,11,מ.ישראל,2,8,0,BUSY
501,11,מ.ישראל,2,13,1,BUSY
507,11,מ.ישראל,2,14,0,FREE
507,11,מ.ישראל,2,8,0,FREE
1401,7,nan,2,13,1,BUSY
1401,7,nan,2,15,0,FREE
211,63,nan,2,15,0,FREE
211,63,nan,2,11,0,FREE
105,134,סטודנטים,2,9,0,FREE
105,134,סטודנטים,2,18,0,FREE
305,3,משפטים,2,12,0,FREE
305,3,משפטים,2,17,0,FREE
404,133,יהדות,2,9,0,FREE
404,133,יהדות,2,12,0,FREE
306,1,משפטים,2,10,1,BUSY
306,1,משפטים,2,19,0,FREE
304,132,משפטים,2,12,0,FREE
304,132,משפטים,2,10,0,FREE
105,132,סטודנטים,2,19,0,BUSY
105,132,סטודנטים,2,12,0,BUSY
404,134,יהדות,2,15,0,FREE
404,134,יהדות,2,12,0,BUSY
404,65,יהדות,2,8,0,FREE
404,65,יהדות,2,19,0,FREE
102,133,סטודנטים,2,12,0,BUSY
102,133,סטודנטים,2,8,0,BUSY
305,104,משפטים,2,10,0,FREE
305,104,משפטים,2,9,0,FREE
507,10,מ.ישראל,2,10,0,BUSY
507,10,מ.ישראל,2,13,0,BUSY
507,62,מ.ישראל,2,19,0,BUSY
507,62,מ.ישראל,2,13,0,FREE
604,309,מ.ישראל,2,18,1,BUSY
604,309,מ.ישראל,2,14,1,BUSY
901,101,חברה,2,12,1,FREE
901,101,חברה,2,11,1,BUSY
901,102,חברה,2,18,0,FREE
901,102,חברה,2,19,0,FREE
301,202,פלדמן,2,12,0,FREE
301,202,פלדמן,2,17,0,FREE
905,104,חברה,2,12,0,BUSY
905,104,חברה,2,11,0,BUSY
507,107,מ.ישראל,3,10,1,BUSY
507,107,מ.ישראל,3,11,1,BUSY
905,61,חברה,3,8,1,BUSY
905,61,חברה,3,18,1,FREE
1401,2,nan,3,11,0,FREE
1401,2,nan,3,10,0,FREE
402,63,יהדות,3,10,1,BUSY
402,63,יהדות,3,19,0,FREE
203,221,טבע,3,10,1,BUSY
203,221,טבע,3,9,1,BUSY
1002,1,רוח,3,16,1,BUSY
1002,1,רוח,3,14,1,FREE
604,63,מ.ישראל,3,10,1,FREE
604,63,מ.ישראל,3,9,1,BUSY
604,64,מ.ישראל,3,13,1,BUSY
604,64,מ.ישראל,3,19,1,BUSY
604,105,מ.ישראל,3,19,1,BUSY
604,105,מ.ישראל,3,12,1,FREE
403,211,יהדות,3,13,1,BUSY
403,211,יהדות,3,10,1,BUSY
604,102,מ.ישראל,3,15,1,BUSY
604,102,מ.ישראל,3,16,1,BUSY
403,217,יהדות,3,16,0,FREE
403,217,יהדות,3,10,1,BUSY
305,133,משפטים,3,16,1,BUSY
305,133,משפטים,3,19,0,FREE
504,2,מ.ישראל,3,8,1,BUSY
504,2,מ.ישראל,3,9,1,BUSY
507,102,מ.ישראל,3,13,1,BUSY
507,102,מ.ישראל,3,15,1,BUSY
604,62,מ.ישראל,3,11,1,BUSY
604,62,מ.ישראל,3,13,1,BUSY
1002,405,רוח,3,17,0,FREE
1002,405,רוח,3,16,0,FREE
902,210,חברה,3,13,1,BUSY
902,210,חברה,3,14,1,BUSY
508,7,מ.ישראל,3,13,0,BUSY
508,7,מ.ישראל,3,16,1,FREE
502,8,מ.ישראל,3,14,1,BUSY
502,8,מ.ישראל,3,13,1,BUSY
605,104,מ.ישראל,3,11,0,FREE
605,104,מ.ישראל,3,14,1,BUSY
1002,61,רוח,3,14,1,BUSY
1002,61,רוח,3,19,1,BUSY
507,4,מ.ישראל,3,11,1,FREE
507,4,מ.ישראל,3,8,1,BUSY
504,4,מ.ישראל,3,17,0,FREE
504,4,מ.ישראל,3,11,0,FREE
1002,202,רוח,3,16,1,BUSY
1002,202,רוח,3,9,0,FREE
502,6,מ.ישראל,3,18,1,BUSY
502,6,מ.ישראל,3,14,1,BUSY
502,7,מ.ישראל,3,15,0,FREE
502,7,מ.ישראל,3,17,1,BUSY
505,4,מ.ישראל,3,14,1,BUSY
505,4,מ.ישראל,3,17,1,BUSY
502,9,מ.ישראל,3,12,1,BUSY
502,9,מ.ישראל,3,18,0,FREE
1005,109,רוח,3,12,1,BUSY
1005,109,רוח,3,11,1,BUSY
902,103,חברה,3,10,1,BUSY
902,103,חברה,3,11,1,FREE
502,37,מ.ישראל,3,12,0,BUSY
502,37,מ.ישראל,3,19,0,FREE
902,201,חברה,3,9,0,BUSY
902,201,חברה,3,10,1,BUSY
604,205,מ.ישראל,3,18,0,FREE
604,205,מ.ישראל,3,8,1,BUSY
505,63,מ.ישראל,3,13,0,FREE
505,63,מ.ישראל,3,14,1,BUSY
504,5,מ.ישראל,3,19,1,BUSY
504,5,מ.ישראל,3,10,1,BUSY
305,5,משפטים,3,15,1,BUSY
305,5,משפטים,3,16,1,BUSY
605,14,מ.ישראל,3,19,0,BUSY
605,14,מ.ישראל,3,17,1,BUSY
505,105,מ.ישראל,3,17,1,BUSY
505,105,מ.ישראל,3,9,1,BUSY
502,24,מ.ישראל,3,17,1,BUSY
502,24,מ.ישראל,3,8,0,FREE
505,5,מ.ישראל,3,8,1,BUSY
505,5,מ.ישראל,3,19,1,FREE
404,68,יהדות,3,14,1,BUSY
404,68,יהדות,3,8,0,FREE
305,134,משפטים,3,19,0,BUSY
305,134,משפטים,3,18,1,BUSY
105,103,סטודנטים,3,9,0,FREE
105,103,סטודנטים,3,17,1,FREE
105,104,סטודנטים,3,17,0,BUSY
105,104,סטודנטים,3,16,0,FREE
105,101,סטודנטים,3,10,1,BUSY
105,101,סטודנטים,3,9,1,FREE
105,102,סטודנטים,3,19,0,FREE
105,102,סטודנטים,3,14,1,BUSY
105,1,סטודנטים,3,9,1,BUSY
105,1,סטודנטים,3,8,1,FREE
304,3,משפטים,3,8,1,BUSY
304,3,משפטים,3,18,1,BUSY
305,6,משפטים,3,12,1,BUSY
305,6,משפטים,3,11,1,BUSY
105,61,סטודנטים,3,12,1,BUSY
105,61,סטודנטים,3,16,1,BUSY
105,2,סטודנטים,3,17,0,FREE
105,2,סטודנטים,3,15,1,BUSY
304,2,משפטים,3,11,1,BUSY
304,2,משפטים,3,12,1,BUSY
105,3,סטודנטים,3,15,0,BUSY
105,3,סטודנטים,3,16,1,BUSY
605,101,מ.ישראל,3,17,1,BUSY
605,101,מ.ישראל,3,10,1,BUSY
605,102,מ.ישראל,3,10,1,BUSY
605,102,מ.ישראל,3,11,1,BUSY
604,11,מ.ישראל,3,16,1,BUSY
604,11,מ.ישראל,3,12,1,BUSY
605,11,מ.ישראל,3,15,1,BUSY
605,11,מ.ישראל,3,10,1,BUSY
604,12,מ.ישראל,3,19,0,FREE
604,12,מ.ישראל,3,11,0,FREE
504,6,מ.ישראל,3,12,0,FREE
504,6,מ.ישראל,3,16,0,FREE
605,202,מ.ישראל,3,11,0,FREE
605,202,מ.ישראל,3,18,0,BUSY
604,14,מ.ישראל,3,13,1,FREE
604,14,מ.ישראל,3,12,1,BUSY
507,101,מ.ישראל,3,17,0,FREE
507,101,מ.ישראל,3,8,1,BUSY
507,103,מ.ישראל,3,10,1,BUSY
507,103,מ.ישראל,3,8,1,BUSY
504,7,מ.ישראל,3,10,1,BUSY
504,7,מ.ישראל,3,16,0,BUSY
604,13,מ.ישראל,3,8,0,FREE
604,13,מ.ישראל,3,9,1,BUSY
505,1,מ.ישראל,3,18,1,BUSY
505,1,מ.ישראל,3,15,1,BUSY
504,3,מ.ישראל,3,14,1,BUSY
504,3,מ.ישראל,3,13,1,BUSY
604,101,מ.ישראל,3,8,0,BUSY
604,101,מ.ישראל,3,18,1,BUSY
507,201,מ.ישראל,3,13,1,BUSY
507,201,מ.ישראל,3,18,1,BUSY
403,67,יהדות,3,16,1,BUSY
403,67,יהדות,3,12,1,BUSY
507,204,מ.ישראל,3,10,1,BUSY
507,204,מ.ישראל,3,12,1,BUSY
505,106,מ.ישראל,3,18,1,BUSY
505,106,מ.ישראל,3,13,1,BUSY
505,62,מ.ישראל,3,17,1,BUSY
505,62,מ.ישראל,3,10,0,FREE
505,104,מ.ישראל,3,18,1,BUSY
505,104,מ.ישראל,3,15,1,BUSY
605,13,מ.ישראל,3,9,0,FREE
605,13,מ.ישראל,3,8,0,FREE
501,25,מ.ישראל,3,15,1,BUSY
501,25,מ.ישראל,3,13,1,BUSY
505,201,מ.ישראל,3,15,0,FREE
505,201,מ.ישראל,3,19,0,FREE
505,3,מ.ישראל,3,16,0,FREE
505,3,מ.ישראל,3,10,1,FREE
507,207,מ.ישראל,3,10,1,BUSY
507,207,מ.ישראל,3,8,1,BUSY
604,61,מ.ישראל,3,9,0,FREE
604,61,מ.ישראל,3,12,1,BUSY
507,2,מ.ישראל,3,8,1,BUSY
507,2,מ.ישראל,3,11,1,BUSY
505,101,מ.ישראל,3,8,0,FREE
505,101,מ.ישראל,3,14,0,BUSY
905,417,חברה,3,11,0,FREE
905,417,חברה,3,16,0,FREE
504,1,מ.ישראל,3,17,1,BUSY
504,1,מ.ישראל,3,12,0,FREE
605,201,מ.ישראל,3,17,1,FREE
605,201,מ.ישראל,3,12,0,BUSY
604,104,מ.ישראל,3,12,1,BUSY
604,104,מ.ישראל,3,15,1,BUSY
213,4,טבע,3,14,1,BUSY
213,4,טבע,3,10,1,BUSY
105,4,סטודנטים,3,14,1,BUSY
105,4,סטודנטים,3,17,1,BUSY
102,2,סטודנטים,3,11,0,FREE
102,2,סטודנטים,3,14,1,FREE
105,5,סטודנטים,3,9,0,FREE
105,5,סטודנטים,3,18,0,FREE
105,105,סטודנטים,3,16,1,BUSY
105,105,סטודנטים,3,19,1,BUSY
207,1,טבע,3,16,0,BUSY
207,1,טבע,3,19,0,FREE
105,106,סטודנטים,3,11,0,FREE
105,106,סטודנטים,3,13,0,BUSY
404,115,יהדות,3,10,1,FREE
404,115,יהדות,3,17,1,BUSY
403,101,יהדות,3,18,0,FREE
403,101,יהדות,3,19,0,FREE
404,102,יהדות,3,10,1,BUSY
404,102,יהדות,3,11,1,BUSY
105,6,סטודנטים,3,10,0,FREE
105,6,סטודנטים,3,11,0,FREE
102,4,סטודנטים,3,19,0,FREE
102,4,סטודנטים,3,8,0,FREE
404,114,יהדות,3,11,1,BUSY
404,114,יהדות,3,9,1,BUSY
306,111,משפטים,3,11,1,BUSY
306,111,משפטים,3,15,0,FREE
505,2,מ.ישראל,3,9,1,BUSY
505,2,מ.ישראל,3,15,1,BUSY
604,2,מ.ישראל,3,18,0,FREE
604,2,מ.ישראל,3,15,0,FREE
605,61,מ.ישראל,3,16,1,BUSY
605,61,מ.ישראל,3,13,1,BUSY
410,125,יהדות,3,18,0,FREE
410,125,יהדות,3,13,1,BUSY
410,46,יהדות,3,15,1,BUSY
410,46,יהדות,3,17,1,BUSY
403,66,יהדות,3,19,1,BUSY
403,66,יהדות,3,9,0,FREE
502,26,מ.ישראל,3,17,0,BUSY
502,26,מ.ישראל,3,13,1,BUSY
502,25,מ.ישראל,3,15,0,FREE
502,25,מ.ישראל,3,8,0,FREE
403,218,יהדות,3,15,0,FREE
403,218,יהדות,3,12,1,BUSY
403,113,יהדות,3,8,1,BUSY
403,113,יהדות,3,16,1,FREE
410,142,יהדות,3,16,1,BUSY
410,142,יהדות,3,12,1,BUSY
505,61,מ.ישראל,3,8,0,BUSY
505,61,מ.ישראל,3,11,0,FREE
505,11,מ.ישראל,3,9,1,BUSY
505,11,מ.ישראל,3,15,0,FREE
605,105,מ.ישראל,3,9,0,BUSY
605,105,מ.ישראל,3,13,0,BUSY
604,1,מ.ישראל,3,11,0,BUSY
604,1,מ.ישראל,3,15,0,BUSY
507,14,מ.ישראל,3,10,0,FREE
507,14,מ.ישראל,3,11,0,FREE
605,4,מ.ישראל,3,10,0,BUSY
605,4,מ.ישראל,3,13,0,FREE
502,62,מ.ישראל,3,11,1,BUSY
502,62,מ.ישראל,3,8,1,BUSY
605,7,מ.ישראל,3,11,0,FREE
605,7,מ.ישראל,3,16,1,BUSY
507,206,מ.ישראל,3,8,1,BUSY
507,206,מ.ישראל,3,11,1,BUSY
504,206,מ.ישראל,3,16,1,FREE
504,206,מ.ישראל,3,19,1,BUSY
508,103,מ.ישראל,3,14,0,FREE
508,103,מ.ישראל,3,18,0,FREE
507,106,מ.ישראל,3,9,1,BUSY
507,106,מ.ישראל,3,14,1,BUSY
605,106,מ.ישראל,3,8,1,BUSY
605,106,מ.ישראל,3,12,0,FREE
507,108,מ.ישראל,3,19,0,FREE
507,108,מ.ישראל,3,10,0,FREE
505,108,מ.ישראל,3,8,0,BUSY
505,108,מ.ישראל,3,17,0,BUSY
505,102,מ.ישראל,3,16,1,BUSY
505,102,מ.ישראל,3,9,1,BUSY
507,6,מ.ישראל,3,11,1,BUSY
507,6,מ.ישראל,3,12,1,BUSY
507,208,מ.ישראל,3,9,1,BUSY
507,208,מ.ישראל,3,17,1,FREE
507,205,מ.ישראל,3,16,1,BUSY
507,205,מ.ישראל,3,18,1,BUSY
507,3,מ.ישראל,3,15,1,BUSY
507,3,מ.ישראל,3,17,1,FREE
505,103,מ.ישראל,3,12,1,BUSY
505,103,מ.ישראל,3,19,0,FREE
507,209,מ.ישראל,3,11,1,FREE
507,209,מ.ישראל,3,12,0,FREE
507,202,מ.ישראל,3,18,1,FREE
507,202,מ.ישראל,3,14,1,BUSY
605,103,מ.ישראל,3,8,1,FREE
605,103,מ.ישראל,3,10,1,BUSY
403,2,יהדות,3,12,1,BUSY
403,2,יהדות,3,9,0,FREE
507,104,מ.ישראל,3,9,1,BUSY
507,104,מ.ישראל,3,19,1,BUSY
507,5,מ.ישראל,3,9,0,BUSY
507,5,מ.ישראל,3,10,1,BUSY
507,203,מ.ישראל,3,16,1,BUSY
507,203,מ.ישראל,3,14,1,BUSY
305,132,משפטים,3,18,0,FREE
305,132,משפטים,3,15,0,FREE
902,101,חברה,3,13,1,BUSY
902,101,חברה,3,18,1,BUSY
902,104,חברה,3,19,1,BUSY
902,104,חברה,3,8,1,BUSY
1005,112,רוח,3,9,0,BUSY
1005,112,רוח,3,15,0,FREE
605,65,מ.ישראל,3,15,1,BUSY
605,65,מ.ישראל,3,19,0,FREE
905,116,חברה,3,10,1,BUSY
905,116,חברה,3,16,1,BUSY
203,226,טבע,3,14,1,BUSY
203,226,טבע,3,18,1,BUSY
902,202,חברה,3,16,1,FREE
902,202,חברה,3,15,1,BUSY
902,102,חברה,3,14,1,BUSY
902,102,חברה,3,15,1,BUSY
1002,201,רוח,3,18,1,BUSY
1002,201,רוח,3,9,0,FREE
605,12,מ.ישראל,3,10,1,BUSY
605,12,מ.ישראל,3,9,0,FREE
502,30,מ.ישראל,3,13,0,FREE
502,30,מ.ישראל,3,12,0,FREE
504,63,מ.ישראל,3,11,0,FREE
504,63,מ.ישראל,3,15,0,FREE
507,13,מ.ישראל,3,9,0,FREE
507,13,מ.ישראל,3,10,0,FREE
507,105,מ.ישראל,3,9,0,FREE
507,105,מ.ישראל,3,13,1,BUSY
604,103,מ.ישראל,3,11,1,BUSY
604,103,מ.ישראל,3,8,0,FREE
410,26,יהדות,3,12,0,FREE
410,26,יהדות,3,10,0,FREE
410,6,יהדות,3,18,0,BUSY
410,6,יהדות,3,15,1,FREE
404,66,יהדות,3,14,0,BUSY
404,66,יהדות,3,9,0,FREE
605,64,מ.ישראל,3,8,0,FREE
605,64,מ.ישראל,3,19,1,BUSY
505,64,מ.ישראל,3,13,1,BUSY
505,64,מ.ישראל,3,16,1,BUSY
403,115,יהדות,3,19,0,FREE
403,115,יהדות,3,9,0,FREE
404,67,יהדות,3,12,0,FREE
404,67,יהדות,3,13,0,FREE
1005,111,רוח,3,10,1,BUSY
1005,111,רוח,3,8,1,BUSY
1004,305,רוח,3,17,1,BUSY
1004,305,רוח,3,18,1,BUSY
404,101,יהדות,3,17,1,BUSY
404,101,יהדות,3,9,1,BUSY
1002,305,רוח,3,15,1,BUSY
1002,305,רוח,3,16,1,BUSY
504,208,מ.ישראל,3,17,0,BUSY
504,208,מ.ישראל,3,8,0,BUSY
211,112,טבע,3,11,1,BUSY
211,112,טבע,3,10,1,BUSY
305,63,משפטים,3,10,0,FREE
305,63,משפטים,3,14,0,FREE
306,112,משפטים,3,10,0,FREE
306,112,משפטים,3,19,0,FREE
211,106,טבע,3,16,0,BUSY
211,106,טבע,3,18,0,BUSY
207,201,טבע,3,18,0,BUSY
207,201,טבע,3,8,0,BUSY
305,101,משפטים,3,17,0,FREE
305,101,משפטים,3,14,0,BUSY
403,61,יהדות,3,18,0,FREE
403,61,יהדות,3,9,0,FREE
202,202,טבע,3,15,0,BUSY
202,202,טבע,3,9,1,BUSY
203,106,טבע,3,17,0,BUSY
203,106,טבע,3,10,0,FREE
203,112,טבע,3,9,0,FREE
203,112,טבע,3,19,0,FREE
105,112,סטודנטים,3,19,0,BUSY
105,112,סטודנטים,3,12,0,FREE
207,6,טבע,3,19,0,FREE
207,6,טבע,3,17,0,FREE
207,4,טבע,3,15,1,BUSY
207,4,טבע,3,14,1,BUSY
207,101,טבע,3,14,1,BUSY
207,101,טבע,3,10,1,BUSY
604,6,מ.ישראל,3,12,0,FREE
604,6,מ.ישראל,3,9,0,BUSY
211,22,nan,3,19,0,FREE
211,22,nan,3,18,0,FREE
211,4,טבע,3,17,0,BUSY
211,4,טבע,3,11,0,BUSY
507,7,מ.ישראל,3,8,1,BUSY
507,7,מ.ישראל,3,10,1,FREE
1401,3,nan,3,16,0,FREE
1401,3,nan,3,11,0,FREE
905,63,חברה,3,12,1,BUSY
905,63,חברה,3,19,1,BUSY
901,61,חברה,3,10,1,BUSY
901,61,חברה,3,19,1,BUSY
403,69,מינץ,3,15,1,FREE
403,69,מינץ,3,13,1,BUSY
1401,63,nan,3,14,0,FREE
1401,63,nan,3,17,0,FREE
1401,1,nan,3,17,0,FREE
1401,1,nan,3,18,0,FREE
507,1,מ.ישראל,3,9,1,BUSY
507,1,מ.ישראל,3,8,1,BUSY
905,62,חברה,3,14,1,BUSY
905,62,חברה,3,12,1,BUSY
504,10,מ.ישראל,3,8,0,FREE
504,10,מ.ישראל,3,13,1,BUSY
505,202,מ.ישראל,3,15,0,FREE
505,202,מ.ישראל,3,14,0,FREE
1002,102,רוח,3,9,1,BUSY
1002,102,רוח,3,16,1,BUSY
410,226,יהדות,3,11,1,FREE
410,226,יהדות,3,8,0,FREE
410,225,יהדות,3,19,1,FREE
410,225,יהדות,3,12,1,BUSY
1004,407,רוח,3,12,0,FREE
1004,407,רוח,3,9,0,FREE
1004,402,רוח,3,15,1,BUSY
1004,402,רוח,3,17,1,BUSY
505,65,מ.ישראל,3,14,1,BUSY
505,65,מ.ישראל,3,8,0,FREE
505,204,מ.ישראל,3,19,0,BUSY
505,204,מ.ישראל,3,16,1,BUSY
304,1,משפטים,3,9,1,BUSY
304,1,משפטים,3,15,1,BUSY
605,63,מ.ישראל,3,18,0,FREE
605,63,מ.ישראל,3,17,1,BUSY
305,10,משפטים,3,15,1,BUSY
305,10,משפטים,3,17,0,FREE
304,61,משפטים,3,10,1,FREE
304,61,משפטים,3,11,1,FREE
604,202,מ.ישראל,3,14,0,FREE
604,202,מ.ישראל,3,10,0,FREE
211,25,nan,3,12,1,BUSY
211,25,nan,3,19,0,FREE
304,25,משפטים,3,19,0,FREE
304,25,משפטים,3,15,0,FREE
1105,53,הנדסה,3,18,0,BUSY
1105,53,הנדסה,3,14,1,BUSY
1401,53,nan,3,17,0,BUSY
1401,53,nan,3,19,0,FREE
305,2,משפטים,3,19,0,FREE
305,2,משפטים,3,15,0,FREE
305,4,משפטים,3,16,1,BUSY
305,4,משפטים,3,8,1,BUSY
502,23,מ.ישראל,3,10,0,FREE
502,23,מ.ישראל,3,14,1,BUSY
503,1,מ.ישראל,3,17,0,FREE
503,1,מ.ישראל,3,11,0,FREE
404,113,יהדות,3,18,0,FREE
404,113,יהדות,3,11,1,BUSY
404,201,יהדות,3,17,1,BUSY
404,201,יהדות,3,19,0,FREE
505,203,מ.ישראל,3,16,0,FREE
505,203,מ.ישראל,3,15,0,FREE
1005,19,רוח,3,15,0,FREE
1005,19,רוח,3,19,0,FREE
1005,108,רוח,3,15,0,FREE
1005,108,רוח,3,11,0,BUSY
1005,201,רוח,3,18,0,FREE
1005,201,רוח,3,12,1,BUSY
1005,209,רוח,3,16,1,BUSY
1005,209,רוח,3,15,1,BUSY
1005,207,רוח,3,14,1,BUSY
1005,207,רוח,3,16,1,BUSY
1005,203,רוח,3,9,0,FREE
1005,203,רוח,3,18,0,FREE
604,201,מ.ישראל,3,14,0,FREE
604,201,מ.ישראל,3,8,0,BUSY
305,105,משפטים,3,14,0,FREE
305,105,משפטים,3,19,0,FREE
507,37,מ.ישראל,3,13,0,FREE
507,37,מ.ישראל,3,14,0,BUSY
1104,42,הנדסה,3,10,1,FREE
1104,42,הנדסה,3,9,1,BUSY
1105,42,הנדסה,3,16,0,FREE
1105,42,הנדסה,3,8,0,FREE
1103,22,הנדסה,3,17,1,BUSY
1103,22,הנדסה,3,19,0,BUSY
902,9,חברה,3,18,0,FREE
902,9,חברה,3,17,0,FREE
304,9,משפטים,3,18,1,BUSY
304,9,משפטים,3,19,1,BUSY
1105,271,הנדסה,3,10,1,FREE
1105,271,הנדסה,3,13,1,BUSY
1104,271,הנדסה,3,15,1,BUSY
1104,271,הנדסה,3,17,1,BUSY
507,61,מ.ישראל,3,9,0,FREE
507,61,מ.ישראל,3,17,1,BUSY
213,304,טבע,3,16,1,BUSY
213,304,טבע,3,9,1,BUSY
213,320,טבע,3,16,0,FREE
213,320,טבע,3,8,0,BUSY
1004,203,רוח,3,19,0,FREE
1004,203,רוח,3,16,1,BUSY
1004,212,רוח,3,14,1,FREE
1004,212,רוח,3,16,1,BUSY
410,328,יהדות,3,9,0,FREE
410,328,יהדות,3,13,0,FREE
410,332,יהדות,3,15,1,BUSY
410,332,יהדות,3,17,0,FREE
604,204,מ.ישראל,3,14,0,BUSY
604,204,מ.ישראל,3,10,0,FREE
1002,203,רוח,3,18,0,BUSY
1002,203,רוח,3,13,0,FREE
202,301,טבע,3,15,1,BUSY
202,301,טבע,3,12,1,FREE
203,4,טבע,3,10,0,FREE
203,4,טבע,3,19,0,FREE
202,221,טבע,3,19,0,FREE
202,221,טבע,3,14,0,BUSY
202,205,טבע,3,14,0,FREE
202,205,טבע,3,15,0,FREE
202,304,טבע,3,12,1,BUSY
202,304,טבע,3,15,0,FREE
202,505,טבע,3,18,0,BUSY
202,505,טבע,3,8,0,FREE
202,203,טבע,3,18,0,BUSY
202,203,טבע,3,17,0,BUSY
202,303,טבע,3,16,1,BUSY
202,303,טבע,3,12,1,FREE
202,201,טבע,3,14,0,BUSY
202,201,טבע,3,10,0,FREE
202,204,טבע,3,16,0,FREE
202,204,טבע,3,8,0,FREE
505,505,מ.ישראל,3,12,0,FREE
505,505,מ.ישראל,3,19,0,FREE
902,301,חברה,3,18,1,BUSY
902,301,חברה,3,13,1,BUSY
902,12,חברה,3,9,1,FREE
902,12,חברה,3,18,1,FREE
902,107,חברה,3,11,1,BUSY
902,107,חברה,3,18,0,FREE
905,217,חברה,3,12,1,BUSY
905,217,חברה,3,10,1,BUSY
902,217,חברה,3,8,0,FREE
902,217,חברה,3,10,0,FREE
902,110,חברה,3,14,0,FREE
902,110,חברה,3,9,0,FREE
902,109,חברה,3,14,0,FREE
902,109,חברה,3,16,0,BUSY
507,23,מ.ישראל,3,13,1,BUSY
507,23,מ.ישראל,3,15,0,FREE
1004,406,רוח,3,13,0,BUSY
1004,406,רוח,3,12,0,FREE
1105,368,הנדסה,3,11,0,FREE
1105,368,הנדסה,3,12,0,FREE
1102,2,הנדסה,3,8,0,FREE
1102,2,הנדסה,3,17,1,BUSY
1104,244,הנדסה,3,12,1,BUSY
1104,244,הנדסה,3,17,1,BUSY
1104,249,הנדסה,3,15,1,BUSY
1104,249,הנדסה,3,13,1,BUSY
1104,243,הנדסה,3,15,1,BUSY
1104,243,הנדסה,3,10,1,BUSY
1103,42,הנדסה,3,16,0,FREE
1103,42,הנדסה,3,18,0,FREE
1401,4,nan,3,8,0,FREE
1401,4,nan,3,9,0,FREE
1105,3,הנדסה,3,16,0,FREE
1105,3,הנדסה,3,8,0,FREE
1102,4,הנדסה,3,10,1,FREE
1102,4,הנדסה,3,17,0,FREE
A1300,2,מעונות,3,8,0,FREE
A1300,2,מעונות,3,18,1,FREE
A1300,1,מעונות,3,11,1,BUSY
A1300,1,מעונות,3,18,0,BUSY
901,4,חברה,3,17,0,FREE
901,4,חברה,3,16,0,FREE
1103,223,הנדסה,3,14,1,BUSY
1103,223,הנדסה,3,17,0,BUSY
1102,205,הנדסה,3,16,0,FREE
1102,205,הנדסה,3,8,0,FREE
1105,366,הנדסה,3,10,1,FREE
1105,366,הנדסה,3,14,1,BUSY
1104,344,הנדסה,3,9,0,BUSY
1104,344,הנדסה,3,16,0,FREE
1104,347,הנדסה,3,14,0,FREE
1104,347,הנדסה,3,10,0,FREE
1103,224,הנדסה,3,16,0,BUSY
1103,224,הנדסה,3,8,0,FREE
1002,112,רוח,3,16,0,FREE
1002,112,רוח,3,15,0,BUSY
905,119,חברה,3,12,1,BUSY
905,119,חברה,3,11,1,BUSY
905,118,חברה,3,16,0,BUSY
905,118,חברה,3,10,0,FREE
905,319,חברה,3,19,0,BUSY
905,319,חברה,3,18,0,FREE
905,418,חברה,3,19,0,FREE
905,418,חברה,3,17,0,FREE
905,416,חברה,3,14,0,FREE
905,416,חברה,3,15,0,BUSY
905,211,חברה,3,16,0,FREE
905,211,חברה,3,13,0,BUSY
905,321,חברה,3,14,0,FREE
905,321,חברה,3,9,0,FREE
905,311,חברה,3,10,0,BUSY
905,311,חברה,3,16,0,FREE
905,2,חברה,3,16,0,BUSY
905,2,חברה,3,19,0,FREE
905,317,חברה,3,19,0,FREE
905,317,חברה,3,11,0,FREE
502,63,מ.ישראל,3,14,0,BUSY
502,63,מ.ישראל,3,10,0,BUSY
212,214,טבע,3,13,0,BUSY
212,214,טבע,3,9,0,FREE
211,21,nan,3,9,1,BUSY
211,21,nan,3,12,0,FREE
211,17,nan,3,13,0,BUSY
211,17,nan,3,11,1,BUSY
505,7,מ.ישראל,3,18,0,FREE
505,7,מ.ישראל,3,11,0,BUSY
212,212,nan,3,18,0,FREE
212,212,nan,3,11,0,FREE
212,1,טבע,3,11,1,BUSY
212,1,טבע,3,10,1,BUSY
304,4,משפטים,3,13,0,FREE
304,4,משפטים,3,10,0,FREE
403,3,יהדות,3,11,0,FREE
403,3,יהדות,3,17,0,FREE
905,25,חברה,3,8,0,BUSY
905,25,חברה,3,12,0,BUSY
212,310,טבע,3,13,1,BUSY
212,310,טבע,3,11,1,BUSY
212,1,nan,3,12,1,BUSY
212,1,nan,3,8,0,FREE
212,3,טבע,3,19,0,FREE
212,3,טבע,3,11,0,FREE
212,21,nan,3,16,0,FREE
212,21,nan,3,17,0,FREE
203,212,טבע,3,18,0,BUSY
203,212,טבע,3,8,0,FREE
304,69,משפטים,3,12,0,FREE
304,69,משפטים,3,19,0,FREE
305,11,משפטים,3,19,0,FREE
305,11,משפטים,3,15,0,FREE
901,11,חברה,3,14,0,FREE
901,11,חברה,3,17,0,FREE
211,3,nan,3,9,0,FREE
211,3,nan,3,18,0,FREE
213,61,טבע,3,12,0,FREE
213,61,טבע,3,19,0,FREE
211,9,nan,3,9,0,FREE
211,9,nan,3,10,0,FREE
902,1,חברה,3,14,0,BUSY
902,1,חברה,3,17,0,FREE
304,7,משפטים,3,18,0,FREE
304,7,משפטים,3,9,0,BUSY
403,1,מינץ,3,10,0,FREE
403,1,מינץ,3,19,0,FREE
211,7,nan,3,8,0,FREE
211,7,nan,3,13,0,FREE
501,11,מ.ישראל,3,12,0,FREE
501,11,מ.ישראל,3,9,0,FREE
507,11,מ.ישראל,3,15,0,BUSY
507,11,מ.ישראל,3,17,1,BUSY
1401,7,nan,3,8,0,FREE
1401,7,nan,3,17,0,BUSY
211,63,nan,3,16,0,FREE
211,63,nan,3,8,0,FREE
105,134,סטודנטים,3,13,0,FREE
105,134,סטודנטים,3,18,0,BUSY
305,3,משפטים,3,11,0,FREE
305,3,משפטים,3,13,0,FREE
404,133,יהדות,3,16,0,FREE
404,133,יהדות,3,14,0,BUSY
306,1,משפטים,3,14,0,FREE
306,1,משפטים,3,15,0,FREE
304,132,משפטים,3,9,0,BUSY
304,132,משפטים,3,19,0,FREE
105,132,סטודנטים,3,19,0,FREE
105,132,סטודנטים,3,10,0,FREE
404,134,יהדות,3,19,0,FREE
404,134,יהדות,3,10,0,FREE
404,65,יהדות,3,11,0,BUSY
404,65,יהדות,3,17,0,BUSY
102,133,סטודנטים,3,10,0,FREE
102,133,סטודנטים,3,14,1,BUSY
305,104,משפטים,3,13,0,FREE
305,104,משפטים,3,17,0,FREE
507,10,מ.ישראל,3,11,0,BUSY
507,10,מ.ישראל,3,12,0,FREE
507,62,מ.ישראל,3,18,0,FREE
507,62,מ.ישראל,3,16,0,FREE
604,309,מ.ישראל,3,9,1,BUSY
604,309,מ.ישראל,3,16,1,BUSY
901,101,חברה,3,15,1,BUSY
901,101,חברה,3,14,1,BUSY
901,102,חברה,3,17,1,BUSY
901,102,חברה,3,14,1,BUSY
301,202,פלדמן,3,8,0,FREE
301,202,פלדמן,3,17,0,FREE
905,104,חברה,3,14,0,FREE
905,104,חברה,3,11,0,FREE
507,107,מ.ישראל,4,17,0,FREE
507,107,מ.ישראל,4,18,0,FREE
905,61,חברה,4,19,1,FREE
905,61,חברה,4,10,1,BUSY
1401,2,nan,4,13,0,FREE
1401,2,nan,4,10,0,FREE
402,63,יהדות,4,15,0,FREE
402,63,יהדות,4,9,0,FREE
203,221,טבע,4,8,0,BUSY
203,221,טבע,4,17,1,BUSY
1002,1,רוח,4,16,0,FREE
1002,1,רוח,4,8,0,FREE
604,63,מ.ישראל,4,16,1,BUSY
604,63,מ.ישראל,4,10,0,FREE
604,64,מ.ישראל,4,17,1,BUSY
604,64,מ.ישראל,4,12,0,BUSY
604,105,מ.ישראל,4,12,1,BUSY
604,105,מ.ישראל,4,8,0,FREE
403,211,יהדות,4,13,1,BUSY
403,211,יהדות,4,19,0,FREE
604,102,מ.ישראל,4,14,1,BUSY
604,102,מ.ישראל,4,19,0,FREE
403,217,יהדות,4,8,0,FREE
403,217,יהדות,4,16,0,FREE
305,133,משפטים,4,14,0,FREE
305,133,משפטים,4,8,0,BUSY
504,2,מ.ישראל,4,15,0,FREE
504,2,מ.ישראל,4,19,0,FREE
507,102,מ.ישראל,4,8,1,BUSY
507,102,מ.ישראל,4,10,1,BUSY
604,62,מ.ישראל,4,17,0,FREE
604,62,מ.ישראל,4,15,0,FREE
1002,405,רוח,4,18,0,FREE
1002,405,רוח,4,9,0,BUSY
902,210,חברה,4,9,1,BUSY
902,210,חברה,4,11,1,FREE
508,7,מ.ישראל,4,15,1,BUSY
508,7,מ.ישראל,4,11,0,FREE
502,8,מ.ישראל,4,19,0,FREE
502,8,מ.ישראל,4,13,1,BUSY
605,104,מ.ישראל,4,19,1,FREE
605,104,מ.ישראל,4,9,1,BUSY
1002,61,רוח,4,9,0,FREE
1002,61,רוח,4,8,0,FREE
507,4,מ.ישראל,4,17,1,FREE
507,4,מ.ישראל,4,10,1,BUSY
504,4,מ.ישראל,4,10,0,FREE
504,4,מ.ישראל,4,14,1,BUSY
1002,202,רוח,4,16,1,BUSY
1002,202,רוח,4,10,1,BUSY
502,6,מ.ישראל,4,10,0,FREE
502,6,מ.ישראל,4,11,0,BUSY
502,7,מ.ישראל,4,17,0,FREE
502,7,מ.ישראל,4,16,0,FREE
505,4,מ.ישראל,4,12,0,BUSY
505,4,מ.ישראל,4,19,1,BUSY
502,9,מ.ישראל,4,13,0,FREE
502,9,מ.ישראל,4,14,0,FREE
1005,109,רוח,4,8,0,FREE
1005,109,רוח,4,19,0,FREE
902,103,חברה,4,10,0,BUSY
902,103,חברה,4,11,0,FREE
502,37,מ.ישראל,4,13,0,FREE
502,37,מ.ישראל,4,8,0,FREE
902,201,חברה,4,12,1,BUSY
902,201,חברה,4,15,1,BUSY
604,205,מ.ישראל,4,12,1,BUSY
604,205,מ.ישראל,4,11,1,BUSY
505,63,מ.ישראל,4,17,1,BUSY
505,63,מ.ישראל,4,18,1,FREE
504,5,מ.ישראל,4,18,1,FREE
504,5,מ.ישראל,4,13,0,FREE
305,5,משפטים,4,16,0,FREE
305,5,משפטים,4,13,0,FREE
605,14,מ.ישראל,4,15,1,BUSY
605,14,מ.ישראל,4,9,0,BUSY
505,105,מ.ישראל,4,10,0,FREE
505,105,מ.ישראל,4,8,0,FREE
502,24,מ.ישראל,4,8,0,BUSY
502,24,מ.ישראל,4,9,0,BUSY
505,5,מ.ישראל,4,16,1,FREE
505,5,מ.ישראל,4,19,0,FREE
404,68,יהדות,4,18,1,FREE
404,68,יהדות,4,19,1,FREE
305,134,משפטים,4,8,1,BUSY
305,134,משפטים,4,15,1,BUSY
105,103,סטודנטים,4,15,1,FREE
105,103,סטודנטים,4,13,1,BUSY
105,104,סטודנטים,4,14,1,BUSY
105,104,סטודנטים,4,8,0,FREE
105,101,סטודנטים,4,14,1,BUSY
105,101,סטודנטים,4,15,1,BUSY
105,102,סטודנטים,4,12,1,BUSY
105,102,סטודנטים,4,18,1,BUSY
105,1,סטודנטים,4,11,1,BUSY
105,1,סטודנטים,4,13,0,FREE
304,3,משפטים,4,14,1,BUSY
304,3,משפטים,4,9,1,BUSY
305,6,משפטים,4,11,1,BUSY
305,6,משפטים,4,10,1,BUSY
105,61,סטודנטים,4,8,0,BUSY
105,61,סטודנטים,4,9,0,FREE
105,2,סטודנטים,4,19,0,FREE
105,2,סטודנטים,4,10,1,BUSY
304,2,משפטים,4,15,1,BUSY
304,2,משפטים,4,19,0,FREE
105,3,סטודנטים,4,11,0,FREE
105,3,סטודנטים,4,9,0,FREE
605,101,מ.ישראל,4,17,1,BUSY
605,101,מ.ישראל,4,14,1,FREE
605,102,מ.ישראל,4,19,0,FREE
605,102,מ.ישראל,4,12,0,FREE
604,11,מ.ישראל,4,13,0,FREE
604,11,מ.ישראל,4,10,0,FREE
605,11,מ.ישראל,4,13,1,BUSY
605,11,מ.ישראל,4,10,0,BUSY
604,12,מ.ישראל,4,16,1,FREE
604,12,מ.ישראל,4,8,0,BUSY
504,6,מ.ישראל,4,12,1,BUSY
504,6,מ.ישראל,4,18,0,FREE
605,202,מ.ישראל,4,15,0,FREE
605,202,מ.ישראל,4,13,0,FREE
604,14,מ.ישראל,4,14,1,FREE
604,14,מ.ישראל,4,19,1,BUSY
507,101,מ.ישראל,4,12,0,BUSY
507,101,מ.ישראל,4,16,1,FREE
507,103,מ.ישראל,4,19,1,FREE
507,103,מ.ישראל,4,12,1,BUSY
504,7,מ.ישראל,4,9,1,FREE
504,7,מ.ישראל,4,16,1,FREE
604,13,מ.ישראל,4,13,1,BUSY
604,13,מ.ישראל,4,11,1,BUSY
505,1,מ.ישראל,4,19,0,FREE
505,1,מ.ישראל,4,12,0,FREE
504,3,מ.ישראל,4,17,1,BUSY
504,3,מ.ישראל,4,10,0,FREE
604,101,מ.ישראל,4,16,1,FREE
604,101,מ.ישראל,4,9,1,BUSY
507,201,מ.ישראל,4,18,0,FREE
507,201,מ.ישראל,4,13,0,BUSY
403,67,יהדות,4,17,1,BUSY
403,67,יהדות,4,19,0,FREE
507,204,מ.ישראל,4,9,1,BUSY
507,204,מ.ישראל,4,17,1,BUSY
505,106,מ.ישראל,4,15,1,BUSY
505,106,מ.ישראל,4,12,1,BUSY
505,62,מ.ישראל,4,18,0,FREE
505,62,מ.ישראל,4,15,1,BUSY
505,104,מ.ישראל,4,15,1,BUSY
505,104,מ.ישראל,4,9,1,BUSY
605,13,מ.ישראל,4,12,1,BUSY
605,13,מ.ישראל,4,16,0,FREE
501,25,מ.ישראל,4,14,0,BUSY
501,25,מ.ישראל,4,18,0,BUSY
505,201,מ.ישראל,4,11,0,FREE
505,201,מ.ישראל,4,16,0,FREE
505,3,מ.ישראל,4,18,1,BUSY
505,3,מ.ישראל,4,15,0,BUSY
507,207,מ.ישראל,4,11,1,BUSY
507,207,מ.ישראל,4,12,0,BUSY
604,61,מ.ישראל,4,18,0,FREE
604,61,מ.ישראל,4,17,0,FREE
507,2,מ.ישראל,4,16,0,FREE
507,2,מ.ישראל,4,15,0,FREE
505,101,מ.ישראל,4,18,1,BUSY
505,101,מ.ישראל,4,14,0,BUSY
905,417,חברה,4,12,1,BUSY
905,417,חברה,4,18,1,FREE
504,1,מ.ישראל,4,12,0,BUSY
504,1,מ.ישראל,4,8,0,FREE
605,201,מ.ישראל,4,11,0,FREE
605,201,מ.ישראל,4,15,0,FREE
604,104,מ.ישראל,4,19,0,FREE
604,104,מ.ישראל,4,13,1,BUSY
213,4,טבע,4,15,1,BUSY
213,4,טבע,4,17,0,FREE
105,4,סטודנטים,4,13,0,BUSY
105,4,סטודנטים,4,18,1,BUSY
102,2,סטודנטים,4,19,0,FREE
102,2,סטודנטים,4,14,0,BUSY
105,5,סטודנטים,4,16,1,FREE
105,5,סטודנטים,4,18,0,FREE
105,105,סטודנטים,4,10,0,FREE
105,105,סטודנטים,4,19,0,FREE
207,1,טבע,4,9,1,BUSY
207,1,טבע,4,8,1,BUSY
105,106,סטודנטים,4,17,1,FREE
105,106,סטודנטים,4,18,1,FREE
404,115,יהדות,4,10,1,BUSY
404,115,יהדות,4,19,1,BUSY
403,101,יהדות,4,17,0,FREE
403,101,יהדות,4,11,0,FREE
404,102,יהדות,4,18,0,FREE
404,102,יהדות,4,17,1,FREE
105,6,סטודנטים,4,10,1,BUSY
105,6,סטודנטים,4,8,0,FREE
102,4,סטודנטים,4,11,1,FREE
102,4,סטודנטים,4,14,0,BUSY
404,114,יהדות,4,15,1,BUSY
404,114,יהדות,4,8,0,FREE
306,111,משפטים,4,19,0,FREE
306,111,משפטים,4,11,1,BUSY
505,2,מ.ישראל,4,9,1,FREE
505,2,מ.ישראל,4,19,1,BUSY
604,2,מ.ישראל,4,19,0,FREE
604,2,מ.ישראל,4,9,0,FREE
605,61,מ.ישראל,4,12,0,BUSY
605,61,מ.ישראל,4,17,0,FREE
410,125,יהדות,4,14,1,BUSY
410,125,יהדות,4,12,1,BUSY
410,46,יהדות,4,14,1,BUSY
410,46,יהדות,4,9,1,BUSY
403,66,יהדות,4,18,0,FREE
403,66,יהדות,4,17,1,BUSY
502,26,מ.ישראל,4,11,1,BUSY
502,26,מ.ישראל,4,16,0,FREE
502,25,מ.ישראל,4,12,1,BUSY
502,25,מ.ישראל,4,13,0,FREE
403,218,יהדות,4,13,0,FREE
403,218,יהדות,4,14,1,BUSY
403,113,יהדות,4,11,0,FREE
403,113,יהדות,4,18,0,FREE
410,142,יהדות,4,17,0,FREE
410,142,יהדות,4,19,0,FREE
505,61,מ.ישראל,4,12,0,FREE
505,61,מ.ישראל,4,17,1,FREE
505,11,מ.ישראל,4,13,0,FREE
505,11,מ.ישראל,4,14,0,FREE
605,105,מ.ישראל,4,9,0,BUSY
605,105,מ.ישראל,4,19,1,BUSY
604,1,מ.ישראל,4,10,0,FREE
604,1,מ.ישראל,4,19,1,BUSY
507,14,מ.ישראל,4,17,1,FREE
507,14,מ.ישראל,4,19,0,FREE
605,4,מ.ישראל,4,17,0,FREE
605,4,מ.ישראל,4,16,0,FREE
502,62,מ.ישראל,4,16,0,FREE
502,62,מ.ישראל,4,17,0,FREE
605,7,מ.ישראל,4,10,0,FREE
605,7,מ.ישראל,4,12,0,FREE
507,206,מ.ישראל,4,15,1,FREE
507,206,מ.ישראל,4,13,1,BUSY
504,206,מ.ישראל,4,16,0,FREE
504,206,מ.ישראל,4,13,0,FREE
508,103,מ.ישראל,4,16,0,FREE
508,103,מ.ישראל,4,15,0,FREE
507,106,מ.ישראל,4,13,1,BUSY
507,106,מ.ישראל,4,14,1,BUSY
605,106,מ.ישראל,4,9,0,FREE
605,106,מ.ישראל,4,16,0,FREE
507,108,מ.ישראל,4,17,1,BUSY
507,108,מ.ישראל,4,12,0,FREE
505,108,מ.ישראל,4,18,0,FREE
505,108,מ.ישראל,4,19,0,FREE
505,102,מ.ישראל,4,12,1,BUSY
505,102,מ.ישראל,4,18,0,FREE
507,6,מ.ישראל,4,12,0,FREE
507,6,מ.ישראל,4,17,1,FREE
507,208,מ.ישראל,4,17,1,BUSY
507,208,מ.ישראל,4,16,1,BUSY
507,205,מ.ישראל,4,15,0,BUSY
507,205,מ.ישראל,4,12,1,BUSY
507,3,מ.ישראל,4,15,0,FREE
507,3,מ.ישראל,4,12,0,BUSY
505,103,מ.ישראל,4,9,1,BUSY
505,103,מ.ישראל,4,12,1,BUSY
507,209,מ.ישראל,4,18,1,BUSY
507,209,מ.ישראל,4,17,1,BUSY
507,202,מ.ישראל,4,8,1,FREE
507,202,מ.ישראל,4,19,0,FREE
605,103,מ.ישראל,4,15,0,FREE
605,103,מ.ישראל,4,9,1,BUSY
403,2,יהדות,4,19,1,BUSY
403,2,יהדות,4,16,1,FREE
507,104,מ.ישראל,4,10,1,BUSY
507,104,מ.ישראל,4,8,1,BUSY
507,5,מ.ישראל,4,19,1,BUSY
507,5,מ.ישראל,4,18,1,FREE
507,203,מ.ישראל,4,12,1,BUSY
507,203,מ.ישראל,4,9,1,FREE
305,132,משפטים,4,14,1,BUSY
305,132,משפטים,4,10,0,BUSY
902,101,חברה,4,15,1,BUSY
902,101,חברה,4,19,0,FREE
902,104,חברה,4,13,1,BUSY
902,104,חברה,4,11,1,BUSY
1005,112,רוח,4,12,0,FREE
1005,112,רוח,4,14,0,FREE
605,65,מ.ישראל,4,10,0,FREE
605,65,מ.ישראל,4,15,0,FREE
905,116,חברה,4,18,0,FREE
905,116,חברה,4,14,1,BUSY
203,226,טבע,4,18,0,FREE
203,226,טבע,4,13,0,BUSY
902,202,חברה,4,12,1,BUSY
902,202,חברה,4,9,0,BUSY
902,102,חברה,4,11,0,BUSY
902,102,חברה,4,14,1,BUSY
1002,201,רוח,4,14,1,BUSY
1002,201,רוח,4,13,1,BUSY
605,12,מ.ישראל,4,16,1,BUSY
605,12,מ.ישראל,4,11,0,FREE
502,30,מ.ישראל,4,10,0,FREE
502,30,מ.ישראל,4,18,1,FREE
504,63,מ.ישראל,4,18,1,BUSY
504,63,מ.ישראל,4,16,0,FREE
507,13,מ.ישראל,4,10,0,FREE
507,13,מ.ישראל,4,13,0,FREE
507,105,מ.ישראל,4,8,0,FREE
507,105,מ.ישראל,4,16,0,FREE
604,103,מ.ישראל,4,15,1,BUSY
604,103,מ.ישראל,4,8,0,BUSY
410,26,יהדות,4,8,0,FREE
410,26,יהדות,4,16,0,FREE
410,6,יהדות,4,16,0,FREE
410,6,יהדות,4,12,0,BUSY
404,66,יהדות,4,11,0,FREE
404,66,יהדות,4,9,0,FREE
605,64,מ.ישראל,4,13,1,BUSY
605,64,מ.ישראל,4,17,0,FREE
505,64,מ.ישראל,4,12,0,BUSY
505,64,מ.ישראל,4,19,0,FREE
403,115,יהדות,4,16,0,FREE
403,115,יהדות,4,18,0,FREE
404,67,יהדות,4,17,1,FREE
404,67,יהדות,4,15,0,FREE
1005,111,רוח,4,11,0,FREE
1005,111,רוח,4,12,0,BUSY
1004,305,רוח,4,15,0,FREE
1004,305,רוח,4,11,0,BUSY
404,101,יהדות,4,16,1,BUSY
404,101,יהדות,4,18,0,FREE
1002,305,רוח,4,8,0,BUSY
1002,305,רוח,4,12,1,BUSY
504,208,מ.ישראל,4,10,0,BUSY
504,208,מ.ישראל,4,13,0,FREE
211,112,טבע,4,12,1,BUSY
211,112,טבע,4,10,1,BUSY
305,63,משפטים,4,18,0,FREE
305,63,משפטים,4,11,0,FREE
306,112,משפטים,4,14,0,FREE
306,112,משפטים,4,10,0,FREE
211,106,טבע,4,13,0,BUSY
211,106,טבע,4,17,0,FREE
207,201,טבע,4,9,0,FREE
207,201,טבע,4,11,1,BUSY
305,101,משפטים,4,17,0,FREE
305,101,משפטים,4,9,0,FREE
403,61,יהדות,4,14,0,FREE
403,61,יהדות,4,13,0,BUSY
202,202,טבע,4,17,0,BUSY
202,202,טבע,4,19,0,BUSY
203,106,טבע,4,16,0,BUSY
203,106,טבע,4,19,0,FREE
203,112,טבע,4,16,0,FREE
203,112,טבע,4,12,0,BUSY
105,112,סטודנטים,4,18,0,FREE
105,112,סטודנטים,4,12,0,FREE
207,6,טבע,4,14,0,FREE
207,6,טבע,4,13,0,BUSY
207,4,טבע,4,19,0,FREE
207,4,טבע,4,8,0,BUSY
207,101,טבע,4,17,0,FREE
207,101,טבע,4,14,0,BUSY
604,6,מ.ישראל,4,19,0,FREE
604,6,מ.ישראל,4,18,0,FREE
211,22,nan,4,12,0,FREE
211,22,nan,4,18,0,FREE
211,4,טבע,4,10,0,BUSY
211,4,טבע,4,12,0,BUSY
507,7,מ.ישראל,4,17,1,FREE
507,7,מ.ישראל,4,10,0,FREE
1401,3,nan,4,18,0,FREE
1401,3,nan,4,19,0,FREE
905,63,חברה,4,11,1,BUSY
905,63,חברה,4,8,1,FREE
901,61,חברה,4,17,0,FREE
901,61,חברה,4,18,0,FREE
403,69,מינץ,4,12,0,FREE
403,69,מינץ,4,8,0,FREE
1401,63,nan,4,12,0,FREE
1401,63,nan,4,18,0,FREE
1401,1,nan,4,14,0,FREE
1401,1,nan,4,19,0,FREE
507,1,מ.ישראל,4,14,0,FREE
507,1,מ.ישראל,4,13,0,FREE
905,62,חברה,4,9,1,BUSY
905,62,חברה,4,15,0,BUSY
504,10,מ.ישראל,4,17,1,BUSY
504,10,מ.ישראל,4,12,0,FREE
505,202,מ.ישראל,4,12,0,BUSY
505,202,מ.ישראל,4,9,0,FREE
1002,102,רוח,4,10,0,BUSY
1002,102,רוח,4,9,0,BUSY
410,226,יהדות,4,9,0,FREE
410,226,יהדות,4,18,0,FREE
410,225,יהדות,4,10,0,FREE
410,225,יהדות,4,9,0,BUSY
1004,407,רוח,4,15,0,FREE
1004,407,רוח,4,11,0,FREE
1004,402,רוח,4,11,1,BUSY
1004,402,רוח,4,10,1,BUSY
505,65,מ.ישראל,4,14,0,FREE
505,65,מ.ישראל,4,8,0,FREE
505,204,מ.ישראל,4,15,0,FREE
505,204,מ.ישראל,4,17,0,FREE
304,1,משפטים,4,15,1,BUSY
304,1,משפטים,4,14,1,FREE
605,63,מ.ישראל,4,16,0,FREE
605,63,מ.ישראל,4,15,0,FREE
305,10,משפטים,4,15,0,FREE
305,10,משפטים,4,11,1,BUSY
304,61,משפטים,4,18,0,FREE
304,61,משפטים,4,10,0,FREE
604,202,מ.ישראל,4,16,1,BUSY
604,202,מ.ישראל,4,19,0,FREE
211,25,nan,4,12,1,BUSY
211,25,nan,4,16,1,BUSY
304,25,משפטים,4,18,0,FREE
304,25,משפטים,4,11,0,FREE
1105,53,הנדסה,4,16,1,BUSY
1105,53,הנדסה,4,9,0,BUSY
1401,53,nan,4,17,0,FREE
1401,53,nan,4,15,0,FREE
305,2,משפטים,4,16,0,FREE
305,2,משפטים,4,15,0,FREE
305,4,משפטים,4,17,1,FREE
305,4,משפטים,4,13,0,FREE
502,23,מ.ישראל,4,16,0,FREE
502,23,מ.ישראל,4,15,0,FREE
503,1,מ.ישראל,4,11,0,FREE
503,1,מ.ישראל,4,12,1,FREE
404,113,יהדות,4,19,0,FREE
404,113,יהדות,4,10,0,FREE
404,201,יהדות,4,12,0,BUSY
404,201,יהדות,4,19,0,FREE
505,203,מ.ישראל,4,12,0,FREE
505,203,מ.ישראל,4,19,0,FREE
1005,19,רוח,4,15,1,BUSY
1005,19,רוח,4,18,1,FREE
1005,108,רוח,4,14,0,FREE
1005,108,רוח,4,18,0,FREE
1005,201,רוח,4,12,0,BUSY
1005,201,רוח,4,17,0,FREE
1005,209,רוח,4,11,0,FREE
1005,209,רוח,4,14,0,FREE
1005,207,רוח,4,14,0,FREE
1005,207,רוח,4,16,0,FREE
1005,203,רוח,4,18,0,FREE
1005,203,רוח,4,12,0,BUSY
604,201,מ.ישראל,4,16,1,FREE
604,201,מ.ישראל,4,8,0,FREE
305,105,משפטים,4,11,0,FREE
305,105,משפטים,4,14,0,FREE
507,37,מ.ישראל,4,19,0,FREE
507,37,מ.ישראל,4,9,0,FREE
1104,42,הנדסה,4,13,1,BUSY
1104,42,הנדסה,4,17,1,BUSY
1105,42,הנדסה,4,11,0,FREE
1105,42,הנדסה,4,14,0,BUSY
1103,22,הנדסה,4,17,1,FREE
1103,22,הנדסה,4,11,1,BUSY
902,9,חברה,4,9,1,BUSY
902,9,חברה,4,10,1,BUSY
304,9,משפטים,4,10,0,FREE
304,9,משפטים,4,15,0,FREE
1105,271,הנדסה,4,13,1,BUSY
1105,271,הנדסה,4,15,1,BUSY
1104,271,הנדסה,4,16,0,BUSY
1104,271,הנדסה,4,14,0,FREE
507,61,מ.ישראל,4,16,0,FREE
507,61,מ.ישראל,4,8,0,FREE
213,304,טבע,4,8,0,FREE
213,304,טבע,4,16,0,FREE
213,320,טבע,4,17,0,BUSY
213,320,טבע,4,16,0,FREE
1004,203,רוח,4,10,0,FREE
1004,203,רוח,4,15,0,FREE
1004,212,רוח,4,11,0,FREE
1004,212,רוח,4,13,0,FREE
410,328,יהדות,4,13,0,FREE
410,328,יהדות,4,8,0,FREE
410,332,יהדות,4,16,0,FREE
410,332,יהדות,4,9,0,FREE
604,204,מ.ישראל,4,11,0,FREE
604,204,מ.ישראל,4,19,0,FREE
1002,203,רוח,4,13,0,FREE
1002,203,רוח,4,15,1,BUSY
202,301,טבע,4,11,1,BUSY
202,301,טבע,4,16,1,BUSY
203,4,טבע,4,11,0,FREE
203,4,טבע,4,14,0,FREE
202,221,טבע,4,13,0,FREE
202,221,טבע,4,15,0,FREE
202,205,טבע,4,15,0,FREE
202,205,טבע,4,10,1,BUSY
202,304,טבע,4,9,0,FREE
202,304,טבע,4,15,0,BUSY
202,505,טבע,4,10,1,BUSY
202,505,טבע,4,11,1,FREE
202,203,טבע,4,10,0,FREE
202,203,טבע,4,17,0,FREE
202,303,טבע,4,14,1,BUSY
202,303,טבע,4,17,1,FREE
202,201,טבע,4,18,0,FREE
202,201,טבע,4,17,0,FREE
202,204,טבע,4,9,0,BUSY
202,204,טבע,4,8,0,FREE
505,505,מ.ישראל,4,18,0,FREE
505,505,מ.ישראל,4,13,0,BUSY
902,301,חברה,4,9,0,BUSY
902,301,חברה,4,11,1,BUSY
902,12,חברה,4,11,1,BUSY
902,12,חברה,4,18,1,BUSY
902,107,חברה,4,16,1,FREE
902,107,חברה,4,8,0,FREE
905,217,חברה,4,14,1,BUSY
905,217,חברה,4,8,1,BUSY
902,217,חברה,4,15,0,FREE
902,217,חברה,4,9,0,BUSY
902,110,חברה,4,15,0,FREE
902,110,חברה,4,12,0,FREE
902,109,חברה,4,14,0,BUSY
902,109,חברה,4,13,0,FREE
507,23,מ.ישראל,4,15,0,FREE
507,23,מ.ישראל,4,11,0,FREE
1004,406,רוח,4,15,0,FREE
1004,406,רוח,4,17,0,FREE
1105,368,הנדסה,4,16,1,FREE
1105,368,הנדסה,4,18,0,BUSY
1102,2,הנדסה,4,14,0,BUSY
1102,2,הנדסה,4,12,1,BUSY
1104,244,הנדסה,4,8,0,FREE
1104,244,הנדסה,4,12,1,BUSY
1104,249,הנדסה,4,11,1,BUSY
1104,249,הנדסה,4,18,0,FREE
1104,243,הנדסה,4,9,1,BUSY
1104,243,הנדסה,4,19,0,FREE
1103,42,הנדסה,4,17,0,FREE
1103,42,הנדסה,4,15,0,BUSY
1401,4,nan,4,8,0,FREE
1401,4,nan,4,13,0,FREE
1105,3,הנדסה,4,11,0,BUSY
1105,3,הנדסה,4,19,0,FREE
1102,4,הנדסה,4,16,0,FREE
1102,4,הנדסה,4,12,0,FREE
A1300,2,מעונות,4,15,0,FREE
A1300,2,מעונות,4,13,1,BUSY
A1300,1,מעונות,4,17,0,FREE
A1300,1,מעונות,4,11,1,BUSY
901,4,חברה,4,9,0,FREE
901,4,חברה,4,12,0,FREE
1103,223,הנדסה,4,16,1,BUSY
1103,223,הנדסה,4,12,0,BUSY
1102,205,הנדסה,4,19,0,BUSY
1102,205,הנדסה,4,9,0,FREE
1105,366,הנדסה,4,8,0,FREE
1105,366,הנדסה,4,15,0,FREE
1104,344,הנדסה,4,9,0,FREE
1104,344,הנדסה,4,16,0,FREE
1104,347,הנדסה,4,16,0,FREE
1104,347,הנדסה,4,8,0,FREE
1103,224,הנדסה,4,12,1,BUSY
1103,224,הנדסה,4,11,0,FREE
1002,112,רוח,4,14,0,FREE
1002,112,רוח,4,16,0,FREE
905,119,חברה,4,11,1,BUSY
905,119,חברה,4,12,1,FREE
905,118,חברה,4,13,1,BUSY
905,118,חברה,4,15,1,FREE
905,319,חברה,4,8,0,FREE
905,319,חברה,4,10,0,BUSY
905,418,חברה,4,10,1,BUSY
905,418,חברה,4,8,1,BUSY
905,416,חברה,4,15,0,FREE
905,416,חברה,4,11,0,BUSY
905,211,חברה,4,11,0,FREE
905,211,חברה,4,15,1,BUSY
905,321,חברה,4,10,0,FREE
905,321,חברה,4,18,0,FREE
905,311,חברה,4,13,0,BUSY
905,311,חברה,4,17,0,FREE
905,2,חברה,4,18,0,FREE
905,2,חברה,4,11,0,FREE
905,317,חברה,4,12,0,FREE
905,317,חברה,4,11,0,BUSY
502,63,מ.ישראל,4,8,0,FREE
502,63,מ.ישראל,4,19,0,FREE
212,214,טבע,4,9,0,FREE
212,214,טבע,4,10,0,FREE
211,21,nan,4,18,0,FREE
211,21,nan,4,14,0,FREE
211,17,nan,4,14,0,FREE
211,17,nan,4,13,1,BUSY
505,7,מ.ישראל,4,15,0,FREE
505,7,מ.ישראל,4,17,0,FREE
212,212,nan,4,12,0,FREE
212,212,nan,4,8,0,FREE
212,1,טבע,4,16,0,BUSY
212,1,טבע,4,17,0,FREE
304,4,משפטים,4,13,1,BUSY
304,4,משפטים,4,12,1,BUSY
403,3,יהדות,4,13,0,FREE
403,3,יהדות,4,18,0,FREE
905,25,חברה,4,12,1,BUSY
905,25,חברה,4,19,0,FREE
212,310,טבע,4,16,0,FREE
212,310,טבע,4,19,0,FREE
212,1,nan,4,18,0,FREE
212,1,nan,4,17,0,FREE
212,3,טבע,4,18,0,FREE
212,3,טבע,4,16,0,FREE
212,21,nan,4,9,0,BUSY
212,21,nan,4,11,0,FREE
203,212,טבע,4,11,0,BUSY
203,212,טבע,4,17,0,FREE
304,69,משפטים,4,9,0,FREE
304,69,משפטים,4,19,0,FREE
305,11,משפטים,4,10,0,FREE
305,11,משפטים,4,12,0,BUSY
901,11,חברה,4,12,1,FREE
901,11,חברה,4,17,1,FREE
211,3,nan,4,14,1,BUSY
211,3,nan,4,12,1,BUSY
213,61,טבע,4,11,0,BUSY
213,61,טבע,4,19,0,FREE
211,9,nan,4,8,0,FREE
211,9,nan,4,11,0,FREE
902,1,חברה,4,16,1,BUSY
902,1,חברה,4,12,0,FREE
304,7,משפטים,4,13,1,BUSY
304,7,משפטים,4,15,1,FREE
403,1,מינץ,4,13,1,FREE
403,1,מינץ,4,9,0,FREE
211,7,nan,4,15,0,FREE
211,7,nan,4,18,0,FREE
501,11,מ.ישראל,4,15,0,FREE
501,11,מ.ישראל,4,19,0,FREE
507,11,מ.ישראל,4,16,0,FREE
507,11,מ.ישראל,4,18,0,FREE
1401,7,nan,4,11,0,BUSY
1401,7,nan,4,8,0,FREE
211,63,nan,4,9,0,FREE
211,63,nan,4,18,0,FREE
105,134,סטודנטים,4,10,0,FREE
105,134,סטודנטים,4,18,0,FREE
305,3,משפטים,4,12,0,FREE
305,3,משפטים,4,8,0,FREE
404,133,יהדות,4,12,0,FREE
404,133,יהדות,4,10,0,FREE
306,1,משפטים,4,14,0,FREE
306,1,משפטים,4,19,0,FREE
304,132,משפטים,4,15,0,FREE
304,132,משפטים,4,18,0,FREE
105,132,סטודנטים,4,14,0,BUSY
105,132,סטודנטים,4,18,0,FREE
404,134,יהדות,4,13,0,BUSY
404,134,יהדות,4,9,0,FREE
404,65,יהדות,4,13,0,FREE
404,65,יהדות,4,9,0,FREE
102,133,סטודנטים,4,16,0,BUSY
102,133,סטודנטים,4,17,0,FREE
305,104,משפטים,4,9,0,FREE
305,104,משפטים,4,11,0,BUSY
507,10,מ.ישראל,4,18,0,FREE
507,10,מ.ישראל,4,12,1,BUSY
507,62,מ.ישראל,4,10,0,BUSY
507,62,מ.ישראל,4,16,0,FREE
604,309,מ.ישראל,4,18,0,FREE
604,309,מ.ישראל,4,14,0,FREE
901,101,חברה,4,19,0,FREE
901,101,חברה,4,14,1,BUSY
901,102,חברה,4,18,0,FREE
901,102,חברה,4,14,0,BUSY
301,202,פלדמן,4,8,0,FREE
301,202,פלדמן,4,12,0,FREE
905,104,חברה,4,17,0,FREE
905,104,חברה,4,8,0,FREE
